t_sim_sec,v_meas_mps,steering_angle_rad,drive_cmd_0,drive_cmd_1,steer_cmd
0.0,1.0708490377093038e-19,-2.495960043668645e-19,0.0,0.0,0.0
0.009999999999999787,-6.411722205242275e-19,-2.4938767769962385e-19,0.0,0.0,0.0
0.019999999999999574,-2.4239977359786545e-19,-2.493807507452732e-19,0.0,0.0,0.0
0.02999999999999936,2.6587983933977126e-19,-2.4881902073251524e-19,0.0,0.0,0.0
0.03999999999999915,-1.6379131900292068e-19,-2.484922041481678e-19,0.0,0.0,0.0
0.05000000000000071,-4.741980445466817e-19,-2.484462377585646e-19,0.0,0.0,0.0
0.0600000000000005,4.5592106082935336e-20,-2.4808349986792446e-19,0.0,0.0,0.0
0.07000000000000028,1.1417114163760037e-19,-2.482234890677778e-19,0.0,0.0,0.0
0.08000000000000007,-5.956025916193387e-21,-2.481476786655882e-19,0.0,0.0,0.0
0.08999999999999986,7.184967830390177e-20,-2.4794191104912044e-19,0.0,0.0,0.0
0.09999999999999964,1.095822099366399e-18,-2.4791655724022215e-19,0.0,0.0,0.0
0.10999999999999943,8.105730056732702e-20,-2.4803784389420416e-19,0.0,0.0,0.0
0.11999999999999922,-7.455310946134408e-20,-2.4763830676412713e-19,0.0,0.0,0.0
0.129999999999999,-5.295916037414871e-19,-2.473613235729343e-19,0.0,0.0,0.0
0.14000000000000057,2.3870219996434543e-19,-2.4670663140592225e-19,0.0,0.0,0.0
0.15000000000000036,-1.5641417245287363e-19,-2.462573117874668e-19,0.0,0.0,0.0
0.16000000000000014,-1.8949886305651563e-19,-2.461011676859945e-19,0.0,0.0,0.0
0.16999999999999993,2.443449493456606e-19,-2.462352746037103e-19,0.0,0.0,0.0
0.17999999999999972,4.278245272586666e-19,-2.4640938450742625e-19,0.0,0.0,0.0
0.1899999999999995,2.1149713475675968e-19,-2.4590655344337924e-19,0.0,0.0,0.0
0.1999999999999993,5.682003157104295e-19,-2.453221522028543e-19,0.0,0.0,0.0
0.20999999999999908,-7.20480207868614e-20,-2.45079486734661e-19,0.0,0.0,0.0
0.22000000000000064,-3.1943684390225735e-20,-2.445815115274786e-19,0.0,0.0,0.0
0.23000000000000043,-4.861180568842974e-19,-2.4442518431154927e-19,0.0,0.0,0.0
0.2400000000000002,-2.2756626796571615e-19,-2.4412680436144104e-19,0.0,0.0,0.0
0.25,-1.0099976214694892e-19,-2.4415293661622125e-19,0.0,0.0,0.0
0.2599999999999998,-1.0886465176165921e-19,-2.438753908528303e-19,0.0,0.0,0.0
0.2699999999999996,7.742091326410653e-19,-2.436321346411555e-19,0.0,0.0,0.0
0.27999999999999936,-2.665074545453801e-19,-2.429790800141372e-19,0.0,0.0,0.0
0.28999999999999915,-7.414445162824908e-20,-2.431066626425129e-19,0.0,0.0,0.0
0.3000000000000007,-6.624213559399556e-19,-2.429988402187806e-19,0.0,0.0,0.0
0.3100000000000005,-1.1204150051596792e-19,-2.4251376671114717e-19,0.0,0.0,0.0
0.3200000000000003,5.397609533670181e-19,-2.4244225877806425e-19,0.0,0.0,0.0
0.33000000000000007,2.1936909146070484e-19,-2.421559357542201e-19,0.0,0.0,0.0
0.33999999999999986,-8.827891708836184e-19,-2.422385989707543e-19,0.0,0.0,0.0
0.34999999999999964,-4.678516282134843e-19,-2.421031200913467e-19,0.0,0.0,0.0
0.35999999999999943,9.01559107765288e-19,-2.4203853323868835e-19,0.0,0.0,0.0
0.3699999999999992,6.467188975218141e-19,-2.414734578468598e-19,0.0,0.0,0.0
0.379999999999999,-2.615373270207491e-19,-2.4087387634680825e-19,0.0,0.0,0.0
0.39000000000000057,6.290715188065037e-20,-2.4038439754792835e-19,0.0,0.0,0.0
0.40000000000000036,1.1814870069302077e-19,-2.399931599870749e-19,0.0,0.0,0.0
0.41000000000000014,-2.9281052685586763e-19,-2.3946127704266755e-19,0.0,0.0,0.0
0.41999999999999993,3.0310658530001054e-19,-2.3915420699619044e-19,0.0,0.0,0.0
0.4299999999999997,-5.5758308226407635e-19,-2.3855530031302455e-19,0.0,0.0,0.0
0.4399999999999995,-6.710829622216012e-19,-2.3844471954218154e-19,0.0,0.0,0.0
0.4499999999999993,-6.183570669986029e-21,-2.3809523232366216e-19,0.0,0.0,0.0
0.46000000000000085,5.396654046694151e-19,-2.3791382752815914e-19,0.0,0.0,0.0
0.47000000000000064,-3.1848061023205657e-20,-2.3793108781584395e-19,0.0,0.0,0.0
0.4800000000000004,2.950636835958168e-19,-2.3763216453688067e-19,0.0,0.0,0.0
0.4900000000000002,8.6069172420018e-19,-2.3754628396883427e-19,0.0,0.0,0.0
0.5,1.0453119954953069e-19,-2.374175006448023e-19,0.0,0.0,0.0
0.5099999999999998,3.8581904358782626e-19,-2.369907225117262e-19,0.0,0.0,0.0
0.5199999999999996,-3.1199134348950497e-19,-2.366030653628534e-19,0.0,0.0,0.0
0.5299999999999994,3.419539020792249e-20,-2.3633079460709226e-19,0.0,0.0,0.0
0.5399999999999991,-7.521427453182504e-19,-2.3611420905196063e-19,0.0,0.0,0.0
0.5500000000000007,2.4846899897509277e-19,-2.356249093006658e-19,0.0,0.0,0.0
0.5600000000000005,-1.7922081272841503e-19,-2.353943405544865e-19,0.0,0.0,0.0
0.5700000000000003,-2.236092546234071e-19,-2.348704993280679e-19,0.0,0.0,0.0
0.5800000000000001,-4.1729480895886283e-19,-2.3445154932841936e-19,0.0,0.0,0.0
0.5899999999999999,3.834159166537028e-19,-2.338079319886327e-19,0.0,0.0,0.0
0.5999999999999996,-8.990854718042408e-19,-2.3324679918073955e-19,0.0,0.0,0.0
0.6099999999999994,-1.7095714801673635e-18,-2.3309933286861197e-19,0.0,0.0,0.0
0.6199999999999992,2.762720619190188e-19,-2.330081021205938e-19,0.0,0.0,0.0
0.629999999999999,1.6360302526076564e-20,-2.329658069487412e-19,0.0,0.0,0.0
0.6400000000000006,4.0405784874051007e-19,-2.328318642532989e-19,0.0,0.0,0.0
0.6500000000000004,-9.61294606104038e-19,-2.325135608670069e-19,0.0,0.0,0.0
0.6600000000000001,8.953265359926064e-20,-2.326081466637085e-19,0.0,0.0,0.0
0.6699999999999999,-2.9731343436121417e-19,-2.321820096488916e-19,0.0,0.0,0.0
0.6799999999999997,-9.026485721326391e-20,-2.3165111861088376e-19,0.0,0.0,0.0
0.6899999999999995,6.973655947296893e-19,-2.3124336322916336e-19,0.0,0.0,0.0
0.6999999999999993,-9.791327664177765e-19,-2.3077770536458004e-19,0.0,0.0,0.0
0.7099999999999991,-5.28894486167614e-19,-2.3081714147798984e-19,0.0,0.0,0.0
0.7200000000000006,-3.3123608997745744e-19,-2.307701628246958e-19,0.0,0.0,0.0
0.7300000000000004,-7.28122793584589e-19,-2.306203165091921e-19,0.0,0.0,0.0
0.7400000000000002,-6.031876576499599e-19,-2.3018635392251497e-19,0.0,0.0,0.0
0.75,3.695077587796209e-19,-2.3008004437304754e-19,0.0,0.0,0.0
0.7599999999999998,-1.8519840045365325e-19,-2.297403917185753e-19,0.0,0.0,0.0
0.7699999999999996,-4.2252217214131234e-19,-2.2955119303063184e-19,0.0,0.0,0.0
0.7799999999999994,-3.251724333037707e-19,-2.2961047478199887e-19,0.0,0.0,0.0
0.7899999999999991,3.6699520249187952e-19,-2.2925124179922627e-19,0.0,0.0,0.0
0.8000000000000007,-4.8434360365074145e-19,-2.293097101603564e-19,0.0,0.0,0.0
0.8100000000000005,3.766189213474383e-19,-2.2915580978626336e-19,0.0,0.0,0.0
0.8200000000000003,6.2934412973605104e-21,-2.293225460586244e-19,0.0,0.0,0.0
0.8300000000000001,-4.823883941007076e-20,-2.293751524851936e-19,0.0,0.0,0.0
0.8399999999999999,5.186574065539069e-19,-2.289765036446483e-19,0.0,0.0,0.0
0.8499999999999996,-3.452652300786471e-19,-2.288787823271498e-19,0.0,0.0,0.0
0.8599999999999994,-8.567989266194436e-19,-2.2860521113311273e-19,0.0,0.0,0.0
0.8699999999999992,-5.009344158940724e-19,-2.284858570032204e-19,0.0,0.0,0.0
0.879999999999999,-4.719769829382414e-19,-2.2774819759215354e-19,0.0,0.0,0.0
0.8900000000000006,-6.210980300560263e-19,-2.277347570057991e-19,0.0,0.0,0.0
0.9000000000000004,-1.2704840080831606e-19,-2.274103514055784e-19,0.0,0.0,0.0
0.9100000000000001,-1.0509735475433823e-18,-2.269892333745575e-19,0.0,0.0,0.0
0.9199999999999999,-1.0647101311220002e-19,-2.2667604778757314e-19,0.0,0.0,0.0
0.9299999999999997,-7.175358248521079e-19,-2.265070184315575e-19,0.0,0.0,0.0
0.9399999999999995,-3.3078366251818696e-19,-2.2616405700562296e-19,0.0,0.0,0.0
0.9499999999999993,8.946276106017114e-19,-2.254495988129717e-19,0.0,0.0,0.0
0.9599999999999991,4.1028163476407155e-19,-2.253875304459795e-19,0.0,0.0,0.0
0.9700000000000006,-7.797853807714632e-19,-2.254939793025831e-19,0.0,0.0,0.0
0.9800000000000004,-3.0930886365589757e-19,-2.24989796260719e-19,0.0,0.0,0.0
0.9900000000000002,-7.476118159184661e-19,-2.246502299299553e-19,0.0,0.0,0.0
1.0,-3.020144636801937e-19,-2.2429562079173276e-19,0.0,0.0,0.0
1.0099999999999998,8.731471553720916e-20,-2.2387385041180875e-19,0.0,0.0,0.0
1.0199999999999996,7.467270439125136e-19,-2.2359146030154813e-19,0.0,0.0,0.0
1.0299999999999994,-5.665308183237114e-20,-2.2319985774861133e-19,0.0,0.0,0.0
1.0399999999999991,-1.9816907788170034e-19,-2.2283718910694426e-19,0.0,0.0,0.0
1.0500000000000007,5.156207255608367e-19,-2.223233305242694e-19,0.0,0.0,0.0
1.0600000000000005,-2.1141277582543933e-19,-2.2193232631607886e-19,0.0,0.0,0.0
1.0700000000000003,-4.150532687491084e-19,-2.2178935299523926e-19,0.0,0.0,0.0
1.08,-6.461993775163045e-19,-2.2129750486279062e-19,0.0,0.0,0.0
1.0899999999999999,5.203725348364004e-19,-2.2081850135379257e-19,0.0,0.0,0.0
1.0999999999999996,7.185212941309036e-19,-2.2084557559641723e-19,0.0,0.0,0.0
1.1099999999999994,7.165039597431058e-21,-2.2059755926535794e-19,0.0,0.0,0.0
1.1199999999999992,-6.401765562043593e-19,-2.205445477661009e-19,0.0,0.0,0.0
1.129999999999999,-2.925702893775052e-19,-2.1999817244843547e-19,0.0,0.0,0.0
1.1400000000000006,2.913966476470798e-19,-2.1995065800231526e-19,0.0,0.0,0.0
1.1500000000000004,-2.8013482108024156e-19,-2.1982620022768036e-19,0.0,0.0,0.0
1.1600000000000001,-6.399446795158063e-19,-2.1996048103961303e-19,0.0,0.0,0.0
1.17,7.141921148337141e-19,-2.1977900267037724e-19,0.0,0.0,0.0
1.1799999999999997,-2.630944712773121e-19,-2.1963171609561357e-19,0.0,0.0,0.0
1.1899999999999995,-4.0301354854386206e-19,-2.1927185748553533e-19,0.0,0.0,0.0
1.1999999999999993,7.319821602958434e-19,-2.1909865536158073e-19,0.0,0.0,0.0
1.209999999999999,5.254907616303822e-19,-2.191851430471239e-19,0.0,0.0,0.0
1.2200000000000006,1.1684557246200004e-19,-2.1914174711058444e-19,0.0,0.0,0.0
1.2300000000000004,2.113701643728317e-19,-2.186477043386005e-19,0.0,0.0,0.0
1.2400000000000002,-1.081761934497023e-18,-2.184036561139206e-19,0.0,0.0,0.0
1.25,-3.2855026165557833e-19,-2.1801436101225925e-19,0.0,0.0,0.0
1.2599999999999998,-6.312271204751306e-20,-2.178857258202896e-19,0.0,0.0,0.0
1.2699999999999996,-5.638517785889314e-19,-2.1773261671249226e-19,0.0,0.0,0.0
1.2799999999999994,-2.6064283409845358e-19,-2.1726033321742617e-19,0.0,0.0,0.0
1.2899999999999991,4.744698657434852e-19,-2.1719687886043863e-19,0.0,0.0,0.0
1.3000000000000007,-1.6671512481397359e-19,-2.170244500058813e-19,0.0,0.0,0.0
1.3100000000000005,3.311826745199179e-19,-2.1643633968138354e-19,0.0,0.0,0.0
1.3200000000000003,-7.555239223352922e-19,-2.1615929420015155e-19,0.0,0.0,0.0
1.33,1.1681916221592383e-19,-2.1566851054889886e-19,0.0,0.0,0.0
1.3399999999999999,5.228022196241e-19,-2.1507695680383632e-19,0.0,0.0,0.0
1.3499999999999996,-6.435700078037318e-19,-2.1450822974154463e-19,0.0,0.0,0.0
1.3599999999999994,-7.156524941219941e-19,-2.1411429903773806e-19,0.0,0.0,0.0
1.3699999999999992,-3.067387005059916e-20,-2.1391320426104168e-19,0.0,0.0,0.0
1.379999999999999,4.216542761443686e-19,-2.1355868175053803e-19,0.0,0.0,0.0
1.3900000000000006,2.6404453178238166e-19,-2.1372675525084652e-19,0.0,0.0,0.0
1.4000000000000004,7.664340230429083e-20,-2.1361058156998215e-19,0.0,0.0,0.0
1.4100000000000001,-5.46098038213778e-19,-2.1303192760589316e-19,0.0,0.0,0.0
1.42,-2.339684893013115e-19,-2.1256634368575923e-19,0.0,0.0,0.0
1.4299999999999997,-1.987507409822233e-19,-2.1256351105205798e-19,0.0,0.0,0.0
1.4399999999999995,-7.054383542615968e-19,-2.1229758340099056e-19,0.0,0.0,0.0
1.4499999999999993,6.201553066219525e-19,-2.1161526205316804e-19,0.0,0.0,0.0
1.4600000000000009,-3.608764833290794e-19,-2.1141163177034298e-19,0.0,0.0,0.0
1.4700000000000006,-6.870584034342815e-19,-2.1106095589612767e-19,0.0,0.0,0.0
1.4800000000000004,-1.4343720172977385e-19,-2.1069451861027222e-19,0.0,0.0,0.0
1.4900000000000002,-1.0234519717434593e-18,-2.103465077306587e-19,0.0,0.0,0.0
1.5,4.585181986953454e-19,-2.1023780905496344e-19,0.0,0.0,0.0
1.5099999999999998,3.66319766361966e-20,-2.105358613286916e-19,0.0,0.0,0.0
1.5199999999999996,-7.904489261120162e-19,-2.0999387961480418e-19,0.0,0.0,0.0
1.5299999999999994,-2.4763050463972174e-19,-2.0973798056850674e-19,0.0,0.0,0.0
1.5399999999999991,-4.1858453524632835e-19,-2.0962047102905604e-19,0.0,0.0,0.0
1.5500000000000007,-7.14070887542287e-19,-2.096694804412588e-19,0.0,0.0,0.0
1.5600000000000005,-6.197640159762195e-19,-2.0955909906577367e-19,0.0,0.0,0.0
1.5700000000000003,8.281789602647778e-20,-2.0948028871338964e-19,0.0,0.0,0.0
1.58,1.4296183030715637e-19,-2.0923429376505195e-19,0.0,0.0,0.0
1.5899999999999999,5.652696468157079e-19,-2.089914378423444e-19,0.0,0.0,0.0
1.5999999999999996,-1.1055961616898206e-19,-2.0836270067179013e-19,0.0,0.0,0.0
1.6099999999999994,-9.037728650710576e-19,-2.0826074721170587e-19,0.0,0.0,0.0
1.6199999999999992,1.2565571327642752e-19,-2.0771757037285806e-19,0.0,0.0,0.0
1.629999999999999,-9.936943950070707e-20,-2.0725907549474358e-19,0.0,0.0,0.0
1.6400000000000006,-7.195596229174103e-19,-2.0680779567077374e-19,0.0,0.0,0.0
1.6500000000000004,-5.869825792374562e-19,-2.0650771033029716e-19,0.0,0.0,0.0
1.6600000000000001,-9.722649811081824e-19,-2.0624758600442546e-19,0.0,0.0,0.0
1.67,-5.011688822003568e-19,-2.0593039891698804e-19,0.0,0.0,0.0
1.6799999999999997,-8.440033688173335e-21,-2.059475241438349e-19,0.0,0.0,0.0
1.6899999999999995,4.584030666446633e-19,-2.0554452795631899e-19,0.0,0.0,0.0
1.6999999999999993,-9.848925309509381e-20,-2.0539312888197199e-19,0.0,0.0,0.0
1.709999999999999,1.2682022697539572e-18,-2.046786105199545e-19,0.0,0.0,0.0
1.7200000000000006,1.0127412203055683e-18,-2.0431923338321504e-19,0.0,0.0,0.0
1.7300000000000004,-6.83122944748621e-19,-2.041344443987343e-19,0.0,0.0,0.0
1.7400000000000002,3.4915125861285174e-19,-2.0392147295964574e-19,0.0,0.0,0.0
1.75,3.1332634643416293e-19,-2.0380098354058994e-19,0.0,0.0,0.0
1.7599999999999998,5.351437512170888e-19,-2.037298274797164e-19,0.0,0.0,0.0
1.7699999999999996,-4.2841320449103105e-19,-2.0343310359813028e-19,0.0,0.0,0.0
1.7799999999999994,-2.5394571923408916e-19,-2.032078384564426e-19,0.0,0.0,0.0
1.7899999999999991,-2.6977313667966736e-19,-2.0279112967219515e-19,0.0,0.0,0.0
1.8000000000000007,9.167076624075866e-19,-2.0244164649708237e-19,0.0,0.0,0.0
1.8100000000000005,-7.817381257412395e-20,-2.0214251077150448e-19,0.0,0.0,0.0
1.8200000000000003,-6.686075010026198e-19,-2.016792276424674e-19,0.0,0.0,0.0
1.83,4.90593834782574e-19,-2.0152696724632473e-19,0.0,0.0,0.0
1.8399999999999999,-2.411575694649314e-19,-2.0129188931703713e-19,0.0,0.0,0.0
1.8499999999999996,-1.9654798375793192e-19,-2.0102006149960675e-19,0.0,0.0,0.0
1.8599999999999994,1.981183141124913e-19,-2.0066978006521666e-19,0.0,0.0,0.0
1.8699999999999992,1.9415278241940397e-19,-2.003022050264009e-19,0.0,0.0,0.0
1.879999999999999,7.994322690985898e-19,-2.0007765521659963e-19,0.0,0.0,0.0
1.8900000000000006,-5.772821221239151e-19,-2.0024005787220346e-19,0.0,0.0,0.0
1.9000000000000004,1.281940199815079e-18,-2.0014012228781947e-19,0.0,0.0,0.0
1.9100000000000001,-1.1985312361845391e-18,-2.002109252728314e-19,0.0,0.0,0.0
1.92,-1.138270932661446e-19,-2.0004168116751847e-19,0.0,0.0,0.0
1.9299999999999997,-3.6991768961228363e-19,-1.9938500247454007e-19,0.0,0.0,0.0
1.9399999999999995,3.6987732592797897e-19,-1.9924472020479894e-19,0.0,0.0,0.0
1.9499999999999993,-4.1990443136943573e-19,-1.9887174901974622e-19,0.0,0.0,0.0
1.959999999999999,-4.904880419687354e-19,-1.9867535117902798e-19,0.0,0.0,0.0
1.9700000000000006,-5.892225961266258e-19,-1.982848791515144e-19,0.0,0.0,0.0
1.9800000000000004,3.71121750345952e-19,-1.9807620593643557e-19,0.0,0.0,0.0
1.9900000000000002,-9.035830227664217e-19,-1.9800026656884809e-19,0.0,0.0,0.0
2.0,1.939142239027289e-19,-1.9767506970048281e-19,0.0,0.0,0.0
2.01,-2.735083113709879e-19,-1.973666883983466e-19,0.0,0.0,0.0
2.0199999999999996,1.3384248085155486e-19,-1.9696059647436238e-19,0.0,0.0,0.0
2.0299999999999994,-2.23324517723956e-19,-1.9697554346228212e-19,0.0,0.0,0.0
2.039999999999999,4.036240162313126e-19,-1.9687992345243672e-19,0.0,0.0,0.0
2.0500000000000007,8.440863352822058e-19,-1.9662639889343602e-19,0.0,0.0,0.0
2.0600000000000005,5.0516187281425395e-20,-1.9637682601696957e-19,0.0,0.0,0.0
2.0700000000000003,1.4536888784143252e-19,-1.964078789063729e-19,0.0,0.0,0.0
2.08,-9.938584633095695e-19,-1.959036689499866e-19,0.0,0.0,0.0
2.09,2.662388268536383e-19,-1.9548271822152562e-19,0.0,0.0,0.0
2.0999999999999996,4.1582748734698366e-20,-1.9507879211973007e-19,0.0,0.0,0.0
2.1099999999999994,1.0420621047002456e-19,-1.947960622273443e-19,0.0,0.0,0.0
2.119999999999999,-3.637498670807077e-19,-1.9472913252011543e-19,0.0,0.0,0.0
2.129999999999999,8.292509931734809e-19,-1.946952131990091e-19,0.0,0.0,0.0
2.1400000000000006,1.0956071152425569e-18,-1.9425338016740922e-19,0.0,0.0,0.0
2.1500000000000004,-2.7427293655946987e-19,-1.939042419184375e-19,0.0,0.0,0.0
2.16,-2.7141920493574445e-19,-1.9376882114062253e-19,0.0,0.0,0.0
2.17,-1.1188379000463706e-19,-1.935136325338142e-19,0.0,0.0,0.0
2.1799999999999997,7.581457708508457e-20,-1.9323120834243285e-19,0.0,0.0,0.0
2.1899999999999995,3.055426465540101e-19,-1.931573040919016e-19,0.0,0.0,0.0
2.1999999999999993,-8.003257531223836e-20,-1.92834500693618e-19,0.0,0.0,0.0
2.209999999999999,3.2035461278020427e-19,-1.9303165726250762e-19,0.0,0.0,0.0
2.2200000000000006,-5.708315941969568e-19,-1.9276909449905411e-19,0.0,0.0,0.0
2.2300000000000004,-5.491529840498277e-19,-1.926114412838396e-19,0.0,0.0,0.0
2.24,-8.478253729374202e-19,-1.9234209058714965e-19,0.0,0.0,0.0
2.25,-4.901618202792158e-19,-1.9184909175481272e-19,0.0,0.0,0.0
2.26,3.8123264575871125e-20,-1.9150226261084272e-19,0.0,0.0,0.0
2.2699999999999996,-6.329861652459495e-19,-1.9108897356374623e-19,0.0,0.0,0.0
2.2799999999999994,4.657028372083997e-19,-1.9064280047680555e-19,0.0,0.0,0.0
2.289999999999999,-2.0108671277414032e-19,-1.9037757642070396e-19,0.0,0.0,0.0
2.3000000000000007,-7.234566095644774e-20,-1.9017769923126253e-19,0.0,0.0,0.0
2.3100000000000005,-2.546948871505189e-19,-1.9001662711817316e-19,0.0,0.0,0.0
2.3200000000000003,-7.952690443307871e-21,-1.8947723519346223e-19,0.0,0.0,0.0
2.33,-8.900042639533208e-19,-1.8927570970437687e-19,0.0,0.0,0.0
2.34,-3.803694513969864e-19,-1.890668603841086e-19,0.0,0.0,0.0
2.3499999999999996,-6.482740561624171e-19,-1.8900187590851702e-19,0.0,0.0,0.0
2.3599999999999994,-3.0152391330477337e-19,-1.883075769789562e-19,0.0,0.0,0.0
2.369999999999999,3.5334123182549145e-19,-1.879809043047959e-19,0.0,0.0,0.0
2.379999999999999,-4.540379123893911e-19,-1.8752256939715344e-19,0.0,0.0,0.0
2.3900000000000006,5.392704883786197e-19,-1.876075274467516e-19,0.0,0.0,0.0
2.4000000000000004,-9.792689138130603e-19,-1.8731318674211033e-19,0.0,0.0,0.0
2.41,-1.2912262354234262e-19,-1.873413612218103e-19,0.0,0.0,0.0
2.42,-7.657296433748814e-19,-1.8695470820996948e-19,0.0,0.0,0.0
2.4299999999999997,2.1686827443578065e-19,-1.8706306325747492e-19,0.0,0.0,0.0
2.4399999999999995,4.052136587822703e-19,-1.8678876716336604e-19,0.0,0.0,0.0
2.4499999999999993,3.010283817267915e-19,-1.865495339442921e-19,0.0,0.0,0.0
2.460000000000001,-2.898677167324199e-19,-1.861665061803807e-19,0.0,0.0,0.0
2.4700000000000006,7.830585664138199e-20,-1.859102056027705e-19,0.0,0.0,0.0
2.4800000000000004,3.8740928580584364e-20,-1.8603240073664262e-19,0.0,0.0,0.0
2.49,-6.052468599880487e-19,-1.8591697678258323e-19,0.0,0.0,0.0
2.5,3.797674466338772e-19,-1.8585315275243048e-19,0.0,0.0,0.0
2.51,1.0554850016825487e-18,-1.856462434290327e-19,0.0,0.0,0.0
2.5199999999999996,-5.593827889895906e-19,-1.852682123665802e-19,0.0,0.0,0.0
2.5299999999999994,-9.380722679906608e-19,-1.8517022888525822e-19,0.0,0.0,0.0
2.539999999999999,-2.112680986986743e-19,-1.848674400914329e-19,0.0,0.0,0.0
2.5500000000000007,9.60973755325849e-19,-1.8457684361287456e-19,0.0,0.0,0.0
2.5600000000000005,-8.941752465767828e-19,-1.8430754853714404e-19,0.0,0.0,0.0
2.5700000000000003,-7.644514315259815e-19,-1.8398928748791373e-19,0.0,0.0,0.0
2.58,-5.540902671873608e-19,-1.8374718004187109e-19,0.0,0.0,0.0
2.59,4.90073875739358e-19,-1.8339652360980354e-19,0.0,0.0,0.0
2.5999999999999996,5.596312280684156e-19,-1.8312363619696307e-19,0.0,0.0,0.0
2.6099999999999994,6.567080544030264e-19,-1.8302123628701396e-19,0.0,0.0,0.0
2.619999999999999,8.731318984316441e-19,-1.8263963261573526e-19,0.0,0.0,0.0
2.629999999999999,2.4268000961484337e-19,-1.8251777683385706e-19,0.0,0.0,0.0
2.6400000000000006,6.623998913596298e-19,-1.82465651048973e-19,0.0,0.0,0.0
2.6500000000000004,7.535956615395882e-19,-1.8217224110144563e-19,0.0,0.0,0.0
2.66,-3.224691539678808e-19,-1.8190375032448628e-19,0.0,0.0,0.0
2.67,-1.4407113932077054e-19,-1.8177108771711899e-19,0.0,0.0,0.0
2.6799999999999997,4.244633850925018e-19,-1.814246577770419e-19,0.0,0.0,0.0
2.6899999999999995,-9.16648567569864e-19,-1.819026888421303e-19,0.0,0.0,0.0
2.6999999999999993,1.597581542100209e-19,-1.8139722551727658e-19,0.0,0.0,0.0
2.709999999999999,-6.531881056287496e-19,-1.810386123553435e-19,0.0,0.0,0.0
2.7200000000000006,9.25071415887345e-19,-1.8074779149236145e-19,0.0,0.0,0.0
2.7300000000000004,-5.835342768475532e-19,-1.8057479644930954e-19,0.0,0.0,0.0
2.74,-1.148388456502461e-19,-1.8047222370010096e-19,0.0,0.0,0.0
2.75,1.0834365326109473e-18,-1.803423245446609e-19,0.0,0.0,0.0
2.76,1.0618666250135206e-18,-1.8000412881052018e-19,0.0,0.0,0.0
2.7699999999999996,4.2486436168298874e-19,-1.7964316019419731e-19,0.0,0.0,0.0
2.7799999999999994,-3.619208608129629e-19,-1.7977223404154723e-19,0.0,0.0,0.0
2.789999999999999,2.0674556763729398e-19,-1.79801091318749e-19,0.0,0.0,0.0
2.8000000000000007,-5.479730264905586e-19,-1.7973135754982481e-19,0.0,0.0,0.0
2.8100000000000005,9.772938361162244e-20,-1.7933098046546953e-19,0.0,0.0,0.0
2.8200000000000003,-6.977948759805819e-20,-1.7902680760084685e-19,0.0,0.0,0.0
2.83,-1.7643392241252426e-19,-1.7852126842795754e-19,0.0,0.0,0.0
2.84,-2.464628762803126e-19,-1.7867361105807857e-19,0.0,0.0,0.0
2.8499999999999996,2.787032465494341e-19,-1.7849487137955408e-19,0.0,0.0,0.0
2.8599999999999994,-4.7461532418159095e-19,-1.7806105551920237e-19,0.0,0.0,0.0
2.869999999999999,5.830225967350856e-19,-1.7759233872663605e-19,0.0,0.0,0.0
2.879999999999999,-8.686315349129239e-20,-1.7743567838419857e-19,0.0,0.0,0.0
2.8900000000000006,3.937721593572249e-19,-1.7735736319347665e-19,0.0,0.0,0.0
2.9000000000000004,2.030061662757011e-19,-1.7735724361997403e-19,0.0,0.0,0.0
2.91,-1.0068882262137677e-18,-1.7709467849617948e-19,0.0,0.0,0.0
2.92,2.0202919498635588e-20,-1.7668344916522446e-19,0.0,0.0,0.0
2.9299999999999997,6.768595194075741e-19,-1.7634330557055716e-19,0.0,0.0,0.0
2.9399999999999995,2.27002708245044e-19,-1.7653873482226116e-19,0.0,0.0,0.0
2.9499999999999993,-1.2314458013687606e-19,-1.765113050228913e-19,0.0,0.0,0.0
2.959999999999999,-2.2697147971200627e-19,-1.7645689947424687e-19,0.0,0.0,0.0
2.9700000000000006,-4.048182798533856e-19,-1.7625057487267421e-19,0.0,0.0,0.0
2.9800000000000004,-2.945486931586245e-19,-1.7581498151157456e-19,0.0,0.0,0.0
2.99,-5.365935150480949e-19,-1.7526768155300906e-19,0.0,0.0,0.0
3.0,-1.1527976597602124e-18,-1.7452936261470951e-19,0.0,0.0,0.0
3.01,3.1778435449997125e-19,-1.7430041066865351e-19,0.0,0.0,0.0
3.0199999999999996,-1.9903014276060662e-19,-1.7402972074150955e-19,0.0,0.0,0.0
3.0299999999999994,2.1143430128576835e-19,-1.73886071142057e-19,0.0,0.0,0.0
3.039999999999999,-9.006746608232309e-19,-1.7374593637866403e-19,0.0,0.0,0.0
3.0500000000000007,-7.420913232494595e-19,-1.7391471747750095e-19,0.0,0.0,0.0
3.0600000000000005,2.8461939493873092e-19,-1.7378116291556055e-19,0.0,0.0,0.0
3.0700000000000003,-4.3090382278450127e-19,-1.7358146992780797e-19,0.0,0.0,0.0
3.08,2.42228833418234e-20,-1.732761837823029e-19,0.0,0.0,0.0
3.09,-3.703719504025092e-19,-1.7305214080757655e-19,0.0,0.0,0.0
3.0999999999999996,-6.630557889637208e-19,-1.726546514395153e-19,0.0,0.0,0.0
3.1099999999999994,-5.946179561711799e-19,-1.7225714800239882e-19,0.0,0.0,0.0
3.119999999999999,3.4375065744529406e-19,-1.7216066528045147e-19,0.0,0.0,0.0
3.129999999999999,-6.289849488720587e-20,-1.7161546465613587e-19,0.0,0.0,0.0
3.1400000000000006,-1.860695616138121e-19,-1.7162836057860139e-19,0.0,0.0,0.0
3.1500000000000004,-1.58206178505458e-19,-1.7160548053331794e-19,0.0,0.0,0.0
3.16,9.801232581855354e-19,-1.7131123095566905e-19,0.0,0.0,0.0
3.17,-1.6691554427198427e-19,-1.7096157818936874e-19,0.0,0.0,0.0
3.1799999999999997,-9.59686378250215e-19,-1.70685418632229e-19,0.0,0.0,0.0
3.1899999999999995,-5.336149690848865e-19,-1.705176264774184e-19,0.0,0.0,0.0
3.1999999999999993,5.269661014517727e-19,-1.7030054943588737e-19,0.0,0.0,0.0
3.209999999999999,-6.492156417173709e-19,-1.70303012718612e-19,0.0,0.0,0.0
3.2200000000000006,-3.491636410825198e-19,-1.700445766616684e-19,0.0,0.0,0.0
3.2300000000000004,3.4912912539452426e-19,-1.697238313588236e-19,0.0,0.0,0.0
3.24,-1.1230577268711928e-18,-1.6966858647257682e-19,0.0,0.0,0.0
3.25,-3.807411157527383e-19,-1.6961435655484294e-19,0.0,0.0,0.0
3.26,7.760123672315317e-20,-1.6972488690015351e-19,0.0,0.0,0.0
3.2699999999999996,3.620482183318532e-19,-1.697036347756552e-19,0.0,0.0,0.0
3.2799999999999994,-1.0567053984447306e-19,-1.692086650478789e-19,0.0,0.0,0.0
3.289999999999999,-1.528828550166259e-20,-1.6913332154560597e-19,0.0,0.0,0.0
3.3000000000000007,-2.9475377181297856e-20,-1.689672926369099e-19,0.0,0.0,0.0
3.3100000000000005,-2.207723152784854e-19,-1.690419641583148e-19,0.0,0.0,0.0
3.3200000000000003,7.3908010145607155e-19,-1.690021712759406e-19,0.0,0.0,0.0
3.33,-8.48742171541889e-19,-1.6881412020338662e-19,0.0,0.0,0.0
3.34,6.092607217075399e-19,-1.6828380009040284e-19,0.0,0.0,0.0
3.3499999999999996,-6.548000164832898e-19,-1.6798031511291734e-19,0.0,0.0,0.0
3.3599999999999994,4.3130229671889816e-19,-1.676172345329189e-19,0.0,0.0,0.0
3.369999999999999,-7.503350689513502e-20,-1.6718817085189535e-19,0.0,0.0,0.0
3.379999999999999,8.184451460741758e-20,-1.6681455928509172e-19,0.0,0.0,0.0
3.3900000000000006,-6.401496192878526e-19,-1.6682102972312121e-19,0.0,0.0,0.0
3.4000000000000004,1.2337147041515382e-19,-1.6669525699401383e-19,0.0,0.0,0.0
3.41,-5.861438373275941e-19,-1.665036337358033e-19,0.0,0.0,0.0
3.42,-1.1283906332044065e-19,-1.6649238227598605e-19,0.0,0.0,0.0
3.4299999999999997,2.2446139825653466e-19,-1.6618006142164634e-19,0.0,0.0,0.0
3.4399999999999995,3.741611639072684e-19,-1.6597297364983854e-19,0.0,0.0,0.0
3.4499999999999993,2.0641003464255083e-19,-1.6575671925990212e-19,0.0,0.0,0.0
3.460000000000001,-2.368527718151947e-19,-1.6547543293905925e-19,0.0,0.0,0.0
3.4700000000000006,-4.658880866135179e-19,-1.6537931250252785e-19,0.0,0.0,0.0
3.4800000000000004,-3.5333411588157156e-19,-1.6501962997901223e-19,0.0,0.0,0.0
3.49,-8.372757720137285e-19,-1.6493125662148742e-19,0.0,0.0,0.0
3.5,-3.267847296379908e-19,-1.6478320042443204e-19,0.0,0.0,0.0
3.51,4.0101195467916344e-19,-1.6458844536967782e-19,0.0,0.0,0.0
3.5199999999999996,4.474459120077994e-19,-1.642245470995414e-19,0.0,0.0,0.0
3.5299999999999994,4.264933124273251e-20,-1.6392356184574333e-19,0.0,0.0,0.0
3.539999999999999,-2.4960614681074606e-19,-1.6356346679297898e-19,0.0,0.0,0.0
3.5500000000000007,-4.78326653727886e-19,-1.6341456515521563e-19,0.0,0.0,0.0
3.5600000000000005,2.9741986675895554e-20,-1.6307533495742713e-19,0.0,0.0,0.0
3.5700000000000003,-6.750287486358781e-19,-1.627233372081856e-19,0.0,0.0,0.0
3.58,1.630473778921071e-19,-1.6234988212655879e-19,0.0,0.0,0.0
3.59,3.583600141542175e-19,-1.6222414135065822e-19,0.0,0.0,0.0
3.5999999999999996,-6.746727354941377e-19,-1.619677645912378e-19,0.0,0.0,0.0
3.6099999999999994,-1.7267764064036162e-19,-1.618246413206753e-19,0.0,0.0,0.0
3.619999999999999,-8.345477181523541e-20,-1.6188389194343526e-19,0.0,0.0,0.0
3.629999999999999,-4.775115880016666e-19,-1.615262460774661e-19,0.0,0.0,0.0
3.6400000000000006,-7.135290410183651e-19,-1.614382680220059e-19,0.0,0.0,0.0
3.6500000000000004,3.1981445773286354e-19,-1.613685307664696e-19,0.0,0.0,0.0
3.66,-8.035556363730158e-19,-1.613038526420019e-19,0.0,0.0,0.0
3.67,1.2587424333119983e-19,-1.6083751557211707e-19,0.0,0.0,0.0
3.6799999999999997,-5.290426500820127e-19,-1.6083908702576972e-19,0.0,0.0,0.0
3.6899999999999995,-3.786377199687203e-19,-1.6068125038268394e-19,0.0,0.0,0.0
3.6999999999999993,-6.740251914070345e-19,-1.6010719941465977e-19,0.0,0.0,0.0
3.709999999999999,-2.2246501122986544e-19,-1.599475320058076e-19,0.0,0.0,0.0
3.7200000000000006,-4.574890027926734e-19,-1.5961097008286961e-19,0.0,0.0,0.0
3.7300000000000004,-7.138353337839705e-19,-1.5944361275766352e-19,0.0,0.0,0.0
3.74,-5.328269907173474e-19,-1.592294064347574e-19,0.0,0.0,0.0
3.75,-3.4133907298382403e-19,-1.5890757615586614e-19,0.0,0.0,0.0
3.76,-3.1063240674471356e-19,-1.5885269739402346e-19,0.0,0.0,0.0
3.7699999999999996,1.4761991466860568e-18,-1.5855967941020821e-19,0.0,0.0,0.0
3.7799999999999994,3.058038532738507e-19,-1.587296064203498e-19,0.0,0.0,0.0
3.789999999999999,-2.0180048134765283e-19,-1.584719230403964e-19,0.0,0.0,0.0
3.8000000000000007,5.656170617560513e-19,-1.580935591144737e-19,0.0,0.0,0.0
3.8100000000000005,-1.5636764283982338e-19,-1.575601021009713e-19,0.0,0.0,0.0
3.8200000000000003,5.768812393823984e-19,-1.5742322150427037e-19,0.0,0.0,0.0
3.83,7.010356427051217e-19,-1.5714101314545988e-19,0.0,0.0,0.0
3.84,7.125222210732512e-19,-1.567423821926019e-19,0.0,0.0,0.0
3.8499999999999996,-1.321266373101837e-19,-1.5642971428587904e-19,0.0,0.0,0.0
3.8599999999999994,9.227703337584448e-20,-1.559757335859612e-19,0.0,0.0,0.0
3.869999999999999,3.797989621454967e-19,-1.5561508897289023e-19,0.0,0.0,0.0
3.879999999999999,3.378305874791959e-19,-1.5523385551459645e-19,0.0,0.0,0.0
3.8900000000000006,2.7172215310418755e-19,-1.5499975734517472e-19,0.0,0.0,0.0
3.9000000000000004,7.418441224221835e-19,-1.549210832734428e-19,0.0,0.0,0.0
3.91,-7.675570485174095e-19,-1.542130531326233e-19,0.0,0.0,0.0
3.92,1.3469419394052033e-19,-1.537931140287404e-19,0.0,0.0,0.0
3.9299999999999997,7.855298061962682e-19,-1.5347414128075406e-19,0.0,0.0,0.0
3.9399999999999995,3.566585398343755e-19,-1.5362307935052575e-19,0.0,0.0,0.0
3.9499999999999993,-2.2496744251898125e-19,-1.5353842267283854e-19,0.0,0.0,0.0
3.959999999999999,-4.499038882475653e-19,-1.5347514208189705e-19,0.0,0.0,0.0
3.9700000000000006,1.7835288025177417e-20,-1.5349577392192778e-19,0.0,0.0,0.0
3.9800000000000004,-1.1170754202847004e-18,-1.532913834691813e-19,0.0,0.0,0.0
3.99,-2.2975048747549207e-19,-1.5299536821057114e-19,0.0,0.0,0.0
4.0,-4.56648948275914e-19,-1.526855770463459e-19,0.0,0.0,0.0
4.01,2.0077242595566683e-20,-1.5219777987071936e-19,0.0,0.0,0.0
4.02,2.3488681942333637e-19,-1.5206273137941517e-19,0.0,0.0,0.0
4.029999999999999,5.843140824921017e-19,-1.5168107098311496e-19,0.0,0.0,0.0
4.039999999999999,6.841684169004286e-19,-1.5140915193917483e-19,0.0,0.0,0.0
4.050000000000001,3.140447111432502e-19,-1.5127298355831098e-19,0.0,0.0,0.0
4.0600000000000005,-9.089753219072597e-19,-1.5115184172200208e-19,0.0,0.0,0.0
4.07,-3.566655757962919e-20,-1.5087039081207558e-19,0.0,0.0,0.0
4.08,2.4710971259235086e-19,-1.5054203223462213e-19,0.0,0.0,0.0
4.09,3.588372146126622e-20,-1.501036703591808e-19,0.0,0.0,0.0
4.1,-7.492240057155056e-19,-1.4974791740143292e-19,0.0,0.0,0.0
4.109999999999999,3.5870802932772306e-19,-1.4927121262241378e-19,0.0,0.0,0.0
4.119999999999999,-1.746380522227078e-19,-1.4910829006226145e-19,0.0,0.0,0.0
4.129999999999999,-1.4694975026593777e-19,-1.4877366149889074e-19,0.0,0.0,0.0
4.140000000000001,3.948322148299029e-19,-1.4853023795092937e-19,0.0,0.0,0.0
4.15,-3.5308306984201363e-19,-1.48227732833803e-19,0.0,0.0,0.0
4.16,-7.441034728975747e-19,-1.478725069206177e-19,0.0,0.0,0.0
4.17,5.661805135498866e-19,-1.4782243131845737e-19,0.0,0.0,0.0
4.18,-2.8004507163839103e-19,-1.4763359227779752e-19,0.0,0.0,0.0
4.1899999999999995,-3.06019374999652e-20,-1.4782704017128652e-19,0.0,0.0,0.0
4.199999999999999,-3.2041151363678e-19,-1.4767966401271477e-19,0.0,0.0,0.0
4.209999999999999,-5.483122116908052e-19,-1.4722715261344137e-19,0.0,0.0,0.0
4.220000000000001,-1.0767156137548697e-18,-1.4709652337583755e-19,0.0,0.0,0.0
4.23,4.069346512536677e-19,-1.4703658448701375e-19,0.0,0.0,0.0
4.24,3.9201804544770833e-19,-1.4654062892111287e-19,0.0,0.0,0.0
4.25,-3.814355711922988e-19,-1.4618346206536703e-19,0.0,0.0,0.0
4.26,-2.8538231941805443e-19,-1.4594936891846614e-19,0.0,0.0,0.0
4.27,-3.816228460288325e-19,-1.4516282691630555e-19,0.0,0.0,0.0
4.279999999999999,7.727915899908456e-19,-1.4523517683800403e-19,0.0,0.0,0.0
4.289999999999999,1.06392790291217e-19,-1.4479929141096883e-19,0.0,0.0,0.0
4.300000000000001,-1.853442859113399e-19,-1.4453611962752404e-19,0.0,0.0,0.0
4.3100000000000005,1.2024839014667557e-19,-1.4436214579511095e-19,0.0,0.0,0.0
4.32,2.9180859329743223e-19,-1.4414599847665509e-19,0.0,0.0,0.0
4.33,4.0471691049526303e-19,-1.4379668040835148e-19,0.0,0.0,0.0
4.34,4.0499766867329407e-19,-1.4331080738927272e-19,0.0,0.0,0.0
4.35,-5.110061263726727e-19,-1.433996227881718e-19,0.0,0.0,0.0
4.359999999999999,1.0373957637665588e-20,-1.4293467700568272e-19,0.0,0.0,0.0
4.369999999999999,-2.5052438694338735e-20,-1.427301615776029e-19,0.0,0.0,0.0
4.379999999999999,5.597881880684082e-19,-1.422630449788342e-19,0.0,0.0,0.0
4.390000000000001,-8.619863276034693e-19,-1.421963740472532e-19,0.0,0.0,0.0
4.4,4.459673113773463e-19,-1.417680977205125e-19,0.0,0.0,0.0
4.41,-7.050976693929409e-19,-1.414081319128741e-19,0.0,0.0,0.0
4.42,-3.6891899614214603e-19,-1.4132243402752958e-19,0.0,0.0,0.0
4.43,-1.0533276994665846e-18,-1.4128605253268773e-19,0.0,0.0,0.0
4.4399999999999995,-4.144330205347907e-19,-1.4142812578233972e-19,0.0,0.0,0.0
4.449999999999999,-8.45734128271609e-19,-1.410309773788556e-19,0.0,0.0,0.0
4.460000000000001,-2.9470436997776634e-19,-1.4064096986478442e-19,0.0,0.0,0.0
4.470000000000001,-2.024373836970765e-19,-1.4054908732320115e-19,0.0,0.0,0.0
4.48,3.717841492930217e-19,-1.4017437187164008e-19,0.0,0.0,0.0
4.49,-1.0567372290887939e-18,-1.4007415602098017e-19,0.0,0.0,0.0
4.5,-8.00433575701576e-20,-1.3951588088612858e-19,0.0,0.0,0.0
4.51,3.1807475621468205e-19,-1.392136973974742e-19,0.0,0.0,0.0
4.52,-7.2306147415261975e-19,-1.389254077746593e-19,0.0,0.0,0.0
4.529999999999999,-2.1599177557322472e-19,-1.3849184977572927e-19,0.0,0.0,0.0
4.539999999999999,-8.433064309065554e-19,-1.3814680251703853e-19,0.0,0.0,0.0
4.550000000000001,3.0236001038436274e-19,-1.37743940704081e-19,0.0,0.0,0.0
4.5600000000000005,2.231155098863794e-19,-1.376832089117394e-19,0.0,0.0,0.0
4.57,2.264354152517306e-19,-1.3745306454546913e-19,0.0,0.0,0.0
4.58,3.091804613103596e-19,-1.36976254027217e-19,0.0,0.0,0.0
4.59,1.9574011891424343e-19,-1.3662770010479004e-19,0.0,0.0,0.0
4.6,-1.224542912139871e-18,-1.3671892558339508e-19,0.0,0.0,0.0
4.609999999999999,-9.190627640967143e-19,-1.362725421963646e-19,0.0,0.0,0.0
4.619999999999999,7.760063700984932e-19,-1.3574367679373065e-19,0.0,0.0,0.0
4.629999999999999,-7.620474983551412e-19,-1.3550358999206935e-19,0.0,0.0,0.0
4.640000000000001,-7.316139778530988e-19,-1.3523459118762229e-19,0.0,0.0,0.0
4.65,3.191350799366154e-19,-1.3464118037201217e-19,0.0,0.0,0.0
4.66,3.2017623350118456e-19,-1.3441715400091127e-19,0.0,0.0,0.0
4.67,-2.346085428391911e-20,-1.3412867285570667e-19,0.0,0.0,0.0
4.68,-1.289741325260973e-19,-1.3394244459212313e-19,0.0,0.0,0.0
4.6899999999999995,3.8778792086388983e-19,-1.333814341501633e-19,0.0,0.0,0.0
4.699999999999999,7.634943388982098e-20,-1.3271337138188543e-19,0.0,0.0,0.0
4.709999999999999,-4.1521032334032216e-19,-1.3278425387052327e-19,0.0,0.0,0.0
4.720000000000001,3.9195561070897125e-19,-1.3239831037210322e-19,0.0,0.0,0.0
4.73,-7.87228641248803e-20,-1.3185294101948693e-19,0.0,0.0,0.0
4.74,-3.057913009838174e-19,-1.3175336549881607e-19,0.0,0.0,0.0
4.75,-1.3479157485626257e-18,-1.3145660958607897e-19,0.0,0.0,0.0
4.76,8.5695953358927535e-19,-1.3111495591456016e-19,0.0,0.0,0.0
4.77,-1.5214526318101964e-19,-1.3095287313461078e-19,0.0,0.0,0.0
4.779999999999999,-2.5339854426456855e-19,-1.3065835332830855e-19,0.0,0.0,0.0
4.789999999999999,5.581434929201937e-20,-1.3063424170048789e-19,0.0,0.0,0.0
4.800000000000001,5.217192672661527e-19,-1.3025670922979855e-19,0.0,0.0,0.0
4.8100000000000005,3.3128203124299903e-19,-1.300421638605029e-19,0.0,0.0,0.0
4.82,3.3634548280554983e-19,-1.2971498210945629e-19,0.0,0.0,0.0
4.83,3.830384637087512e-19,-1.2947233794960147e-19,0.0,0.0,0.0
4.84,1.0006722746772449e-19,-1.2945998696418468e-19,0.0,0.0,0.0
4.85,-1.3767026901015788e-19,-1.2912743273361944e-19,0.0,0.0,0.0
4.859999999999999,4.273512875160749e-19,-1.2869413944966166e-19,0.0,0.0,0.0
4.869999999999999,-4.941336751858546e-19,-1.285768742720748e-19,0.0,0.0,0.0
4.879999999999999,-3.3860084407875494e-19,-1.2843256874370719e-19,0.0,0.0,0.0
4.890000000000001,-8.334057726394603e-20,-1.283796489528604e-19,0.0,0.0,0.0
4.9,-2.34875562303198e-19,-1.2780796450914125e-19,0.0,0.0,0.0
4.91,4.3113369839612534e-20,-1.2769604832200753e-19,0.0,0.0,0.0
4.92,-7.356017369553659e-19,-1.274882254084712e-19,0.0,0.0,0.0
4.93,-1.7857499392705773e-19,-1.273742891166147e-19,0.0,0.0,0.0
4.9399999999999995,1.827980402281899e-19,-1.2704052977023773e-19,0.0,0.0,0.0
4.949999999999999,3.0881304413207455e-19,-1.26877159284254e-19,0.0,0.0,0.0
4.959999999999999,-5.44838388175657e-19,-1.2668010936968395e-19,0.0,0.0,0.0
4.970000000000001,-3.557649045111445e-19,-1.2629701565991426e-19,0.0,0.0,0.0
4.98,-1.1647763252127587e-19,-1.2605880472515765e-19,0.0,0.0,0.0
4.99,-2.2689763560797396e-19,-1.2598659243627045e-19,0.0,0.0,0.0
5.0,-6.207807857959488e-19,-1.2551750494171454e-19,0.0,0.0,0.0
5.01,1.0039305314225807e-18,-1.253669794868713e-19,0.0,0.0,0.0
5.02,-2.1843867402646046e-20,-1.2490261357893084e-19,0.0,0.0,0.0
5.029999999999999,3.358376478527756e-19,-1.2469889929332443e-19,0.0,0.0,0.0
5.039999999999999,3.0100339135022566e-19,-1.2494665467749486e-19,0.0,0.0,0.0
5.050000000000001,-3.9642615527598833e-19,-1.2468042396312762e-19,0.0,0.0,0.0
5.0600000000000005,-4.809117260113188e-19,-1.2442892778630096e-19,0.0,0.0,0.0
5.07,5.6667130109423465e-19,-1.2436470947342018e-19,0.0,0.0,0.0
5.08,-2.1571068836315502e-19,-1.2404002876422346e-19,0.0,0.0,0.0
5.09,5.579991674383964e-20,-1.2358513308853847e-19,0.0,0.0,0.0
5.1,-3.7180225070430596e-19,-1.234831821595391e-19,0.0,0.0,0.0
5.109999999999999,3.3659778287931726e-19,-1.2304249647815203e-19,0.0,0.0,0.0
5.119999999999999,-3.2606213388798213e-19,-1.2238770262613614e-19,0.0,0.0,0.0
5.129999999999999,-6.094527115279238e-20,-1.2229647514474474e-19,0.0,0.0,0.0
5.140000000000001,-3.87400947120475e-19,-1.22333229288091e-19,0.0,0.0,0.0
5.15,5.30613735394836e-19,-1.2211908659783365e-19,0.0,0.0,0.0
5.16,-2.16114594152467e-19,-1.2215705885243155e-19,0.0,0.0,0.0
5.17,-5.03841002861612e-19,-1.2154308890804872e-19,0.0,0.0,0.0
5.18,1.8083677890137548e-19,-1.2122756385669275e-19,0.0,0.0,0.0
5.1899999999999995,-8.708004679135522e-19,-1.2100152380773968e-19,0.0,0.0,0.0
5.199999999999999,5.291062607603419e-19,-1.2068562649101132e-19,0.0,0.0,0.0
5.209999999999999,7.806625005737142e-19,-1.2026498664801846e-19,0.0,0.0,0.0
5.220000000000001,-3.5585553007816996e-19,-1.1996932553644884e-19,0.0,0.0,0.0
5.23,-3.6657495583382784e-19,-1.198896011330219e-19,0.0,0.0,0.0
5.24,1.5426634793487978e-19,-1.197202772747646e-19,0.0,0.0,0.0
5.25,9.606759094322654e-19,-1.193528816644432e-19,0.0,0.0,0.0
5.26,-5.122203896665316e-19,-1.1909290514609093e-19,0.0,0.0,0.0
5.27,4.597277981485975e-19,-1.1880272363379893e-19,0.0,0.0,0.0
5.279999999999999,6.912537140838658e-19,-1.1849256912914782e-19,0.0,0.0,0.0
5.289999999999999,2.2182150185884424e-20,-1.1848772747642995e-19,0.0,0.0,0.0
5.300000000000001,3.4000736319569855e-19,-1.185908813773111e-19,0.0,0.0,0.0
5.3100000000000005,3.244991834280684e-19,-1.1813334408511825e-19,0.0,0.0,0.0
5.32,-4.0282783920168823e-19,-1.1765660670393983e-19,0.0,0.0,0.0
5.33,4.490458413691248e-19,-1.1720622603200228e-19,0.0,0.0,0.0
5.34,1.0406467600598643e-19,-1.1729238064098018e-19,0.0,0.0,0.0
5.35,-1.7321930569228047e-20,-1.1723816570730776e-19,0.0,0.0,0.0
5.359999999999999,-8.796644453502678e-19,-1.1718008624952754e-19,0.0,0.0,0.0
5.369999999999999,5.514298553082613e-19,-1.1734277776979452e-19,0.0,0.0,0.0
5.379999999999999,9.924539787113293e-19,-1.1701055172673277e-19,0.0,0.0,0.0
5.390000000000001,-1.2972478914326391e-19,-1.1681584365540096e-19,0.0,0.0,0.0
5.4,-1.30794666163894e-19,-1.1703015496440589e-19,0.0,0.0,0.0
5.41,-3.127141020457817e-19,-1.170843592854936e-19,0.0,0.0,0.0
5.42,-1.400897406371109e-19,-1.166711570990457e-19,0.0,0.0,0.0
5.43,-1.5216495731296605e-19,-1.1657315506379736e-19,0.0,0.0,0.0
5.4399999999999995,2.388491345372634e-19,-1.163560431472375e-19,0.0,0.0,0.0
5.449999999999999,4.69816157101677e-19,-1.1660166332544455e-19,0.0,0.0,0.0
5.460000000000001,1.1587950351420886e-18,-1.166016801287011e-19,0.0,0.0,0.0
5.470000000000001,3.968656982708715e-19,-1.1652882899213113e-19,0.0,0.0,0.0
5.48,-2.3435663942946967e-20,-1.1606941476842846e-19,0.0,0.0,0.0
5.49,9.9107032479815e-20,-1.1610543398851676e-19,0.0,0.0,0.0
5.5,6.295950588735353e-19,-1.157975818186112e-19,0.0,0.0,0.0
5.51,3.316465953620649e-19,-1.156538322163293e-19,0.0,0.0,0.0
5.52,9.974048305116168e-19,-1.1536843384303484e-19,0.0,0.0,0.0
5.529999999999999,-2.326815622158492e-19,-1.153684846259857e-19,0.0,0.0,0.0
5.539999999999999,-4.923969795302858e-20,-1.1497487363920447e-19,0.0,0.0,0.0
5.550000000000001,-1.006949881910929e-19,-1.149106444039027e-19,0.0,0.0,0.0
5.5600000000000005,-4.1845381179837683e-19,-1.148863747899884e-19,0.0,0.0,0.0
5.57,5.442644335641872e-19,-1.1465436273164072e-19,0.0,0.0,0.0
5.58,7.736791971551307e-19,-1.1426076757507483e-19,0.0,0.0,0.0
5.59,4.194433752500358e-20,-1.140173700326489e-19,0.0,0.0,0.0
5.6,-4.869879490887339e-19,-1.13578053700668e-19,0.0,0.0,0.0
5.609999999999999,-5.41687570309829e-19,-1.1315195671540176e-19,0.0,0.0,0.0
5.619999999999999,1.8850594420051668e-19,-1.1305202371506746e-19,0.0,0.0,0.0
5.629999999999999,5.842131301774716e-19,-1.126183751883604e-19,0.0,0.0,0.0
5.640000000000001,-9.88964228476214e-21,-1.1228293361058238e-19,0.0,0.0,0.0
5.65,3.4085800624072816e-19,-1.1228270822337983e-19,0.0,0.0,0.0
5.66,6.894114614290376e-19,-1.119069344671479e-19,0.0,0.0,0.0
5.67,5.682017224674258e-19,-1.115843945278803e-19,0.0,0.0,0.0
5.68,-1.247158606902768e-19,-1.1156504248096092e-19,0.0,0.0,0.0
5.6899999999999995,5.407586460053924e-19,-1.1170109036843234e-19,0.0,0.0,0.0
5.699999999999999,5.5496528235618e-19,-1.1139987207312832e-19,0.0,0.0,0.0
5.709999999999999,5.577750358555472e-19,-1.1093680203571773e-19,0.0,0.0,0.0
5.720000000000001,-5.051838656957309e-19,-1.108766739353077e-19,0.0,0.0,0.0
5.73,-6.831155334256738e-19,-1.1046148589238487e-19,0.0,0.0,0.0
5.74,6.373631261740879e-19,-1.1010677380311977e-19,0.0,0.0,0.0
5.75,-8.132020498649728e-19,-1.0983890365204211e-19,0.0,0.0,0.0
5.76,-1.7976254689818964e-20,-1.0960867800253174e-19,0.0,0.0,0.0
5.77,-5.421723774684964e-19,-1.0944883159184012e-19,0.0,0.0,0.0
5.779999999999999,5.39538570350778e-20,-1.0913620973267883e-19,0.0,0.0,0.0
5.789999999999999,3.13740597240277e-19,-1.0883306997679965e-19,0.0,0.0,0.0
5.800000000000001,3.8490570732359637e-19,-1.0853439008876357e-19,0.0,0.0,0.0
5.8100000000000005,1.3306648957933121e-20,-1.0856902146566437e-19,0.0,0.0,0.0
5.82,4.609105584796321e-19,-1.0837185640821693e-19,0.0,0.0,0.0
5.83,-6.852236736964831e-20,-1.0825647511035254e-19,0.0,0.0,0.0
5.84,6.109095096637484e-19,-1.079331133622339e-19,0.0,0.0,0.0
5.85,1.3544660789372793e-19,-1.0771156219195387e-19,0.0,0.0,0.0
5.859999999999999,8.415112120828497e-22,-1.077502989383831e-19,0.0,0.0,0.0
5.869999999999999,-1.1231120773109685e-19,-1.0750842598875328e-19,0.0,0.0,0.0
5.879999999999999,4.846907756486395e-19,-1.0727929523602904e-19,0.0,0.0,0.0
5.890000000000001,5.57168503307654e-19,-1.0728613489478596e-19,0.0,0.0,0.0
5.9,4.9557352078926896e-20,-1.0728442600035897e-19,0.0,0.0,0.0
5.91,-3.421269104400591e-19,-1.0718941103217829e-19,0.0,0.0,0.0
5.92,2.834768787224288e-19,-1.0701953867601387e-19,0.0,0.0,0.0
5.93,-5.573127499445201e-19,-1.0713533588895464e-19,0.0,0.0,0.0
5.9399999999999995,-9.923948594430434e-19,-1.0715141626414832e-19,0.0,0.0,0.0
5.949999999999999,3.164501872612696e-19,-1.0699196249760939e-19,0.0,0.0,0.0
5.959999999999999,-3.4186322154164358e-19,-1.0674005198938431e-19,0.0,0.0,0.0
5.970000000000001,-6.105065952050132e-20,-1.0605827278144922e-19,0.0,0.0,0.0
5.98,5.596943652369339e-19,-1.0585275952842169e-19,0.0,0.0,0.0
5.99,2.541176862472058e-19,-1.055790376555771e-19,0.0,0.0,0.0
6.0,2.0025431265683571e-19,-1.0545802255792479e-19,0.0,0.0,0.0
6.01,8.717872394909575e-19,-1.0528514430698157e-19,0.0,0.0,0.0
6.02,1.8218560096888787e-19,-1.0486265931037747e-19,0.0,0.0,0.0
6.029999999999999,-2.162059393411006e-19,-1.0476982091712316e-19,0.0,0.0,0.0
6.039999999999999,2.0198947000686932e-19,-1.048450071690213e-19,0.0,0.0,0.0
6.050000000000001,2.324496781259966e-19,-1.0433775364982564e-19,0.0,0.0,0.0
6.0600000000000005,-1.4395261294294398e-19,-1.039458081028281e-19,0.0,0.0,0.0
6.07,1.208499420740147e-19,-1.0377208530116795e-19,0.0,0.0,0.0
6.08,-3.7593316806420562e-19,-1.0377329457757234e-19,0.0,0.0,0.0
6.09,1.8920463776506702e-19,-1.0353477629147606e-19,0.0,0.0,0.0
6.1,1.691403674851723e-19,-1.0320364478157133e-19,0.0,0.0,0.0
6.109999999999999,-7.739098370376113e-20,-1.028433938145579e-19,0.0,0.0,0.0
6.119999999999999,-1.0197182022211702e-19,-1.0241597035082175e-19,0.0,0.0,0.0
6.129999999999999,-8.725578171565132e-19,-1.0205470259786739e-19,0.0,0.0,0.0
6.140000000000001,8.416044092918122e-19,-1.0187300334344932e-19,0.0,0.0,0.0
6.15,1.203668981955825e-19,-1.013984186820783e-19,0.0,0.0,0.0
6.16,1.8423609164027377e-19,-1.0114624745056981e-19,0.0,0.0,0.0
6.17,-3.683390440294245e-19,-1.006693729538055e-19,0.0,0.0,0.0
6.18,-1.2684161274880364e-18,-1.008082873792182e-19,0.0,0.0,0.0
6.1899999999999995,2.2035928148542663e-19,-1.0051705171154455e-19,0.0,0.0,0.0
6.199999999999999,-5.217058516676718e-19,-1.0005635415040204e-19,0.0,0.0,0.0
6.209999999999999,-5.179661298126237e-19,-9.952718264403619e-20,0.0,0.0,0.0
6.220000000000001,1.8127359175185205e-19,-9.925375165797613e-20,0.0,0.0,0.0
6.23,1.908363519572761e-19,-9.890982096779663e-20,0.0,0.0,0.0
6.24,-3.8798929915323764e-19,-9.866443346457693e-20,0.0,0.0,0.0
6.25,2.918523932744281e-19,-9.85754325514929e-20,0.0,0.0,0.0
6.26,3.089498910629117e-19,-9.816879855612987e-20,0.0,0.0,0.0
6.27,4.94089715286275e-19,-9.795276942002902e-20,0.0,0.0,0.0
6.279999999999999,1.5185543687512734e-19,-9.775959264544586e-20,0.0,0.0,0.0
6.289999999999999,-2.9347425105244225e-19,-9.754742891141325e-20,0.0,0.0,0.0
6.300000000000001,4.576410283375267e-19,-9.70525017340362e-20,0.0,0.0,0.0
6.3100000000000005,2.8846305354537416e-20,-9.708098160097634e-20,0.0,0.0,0.0
6.32,-5.225667163039159e-19,-9.676656311727017e-20,0.0,0.0,0.0
6.33,1.932708365437413e-19,-9.6569684268281e-20,0.0,0.0,0.0
6.34,-3.1679461872876515e-19,-9.611781418748052e-20,0.0,0.0,0.0
6.35,6.749466391433876e-19,-9.589318273308406e-20,0.0,0.0,0.0
6.359999999999999,-1.7656873463658232e-19,-9.57247261482906e-20,0.0,0.0,0.0
6.369999999999999,-5.647981357855307e-19,-9.554737450748823e-20,0.0,0.0,0.0
6.379999999999999,6.283476757233863e-20,-9.55764016039864e-20,0.0,0.0,0.0
6.390000000000001,5.679788016136549e-19,-9.556082541279358e-20,0.0,0.0,0.0
6.4,-6.190486373242112e-20,-9.533889623910999e-20,0.0,0.0,0.0
6.41,-2.960719633107857e-19,-9.548579313755001e-20,0.0,0.0,0.0
6.42,-9.644522143005219e-19,-9.535709959482073e-20,0.0,0.0,0.0
6.43,-1.035978661545289e-18,-9.507313487214654e-20,0.0,0.0,0.0
6.4399999999999995,2.7332806268774783e-19,-9.45862433064388e-20,0.0,0.0,0.0
6.449999999999999,-7.700962087504713e-19,-9.411051015152424e-20,0.0,0.0,0.0
6.460000000000001,1.3438938285587187e-19,-9.382627307925077e-20,0.0,0.0,0.0
6.470000000000001,-5.594637715806048e-19,-9.371768206568565e-20,0.0,0.0,0.0
6.48,-2.681158746405837e-19,-9.338092127621559e-20,0.0,0.0,0.0
6.49,-3.359080702576787e-19,-9.300844526273507e-20,0.0,0.0,0.0
6.5,6.491786288647561e-22,-9.26325706404269e-20,0.0,0.0,0.0
6.51,4.451793500429099e-19,-9.285980920551336e-20,0.0,0.0,0.0
6.52,9.988941900466948e-20,-9.251490305347622e-20,0.0,0.0,0.0
6.529999999999999,1.2221449574714824e-20,-9.224950074156861e-20,0.0,0.0,0.0
6.539999999999999,-5.742352740276747e-19,-9.187873002098286e-20,0.0,0.0,0.0
6.550000000000001,-8.851442679921872e-20,-9.173719951697652e-20,0.0,0.0,0.0
6.5600000000000005,-3.2164375688367976e-19,-9.161200374456215e-20,0.0,0.0,0.0
6.57,-2.4764246557457192e-19,-9.142443533627917e-20,0.0,0.0,0.0
6.58,-3.0826558639693566e-19,-9.115781119349634e-20,0.0,0.0,0.0
6.59,1.4656401158073324e-20,-9.058139043119982e-20,0.0,0.0,0.0
6.6,-3.045355231831632e-19,-9.044210900544157e-20,0.0,0.0,0.0
6.609999999999999,-1.1126847209844706e-18,-9.016117494634326e-20,0.0,0.0,0.0
6.619999999999999,-2.0684500218840766e-19,-9.016631761158438e-20,0.0,0.0,0.0
6.629999999999999,3.166524202785609e-19,-9.00930168413461e-20,0.0,0.0,0.0
6.640000000000001,9.806341360305366e-19,-9.016494875058366e-20,0.0,0.0,0.0
6.65,-6.456680443850481e-19,-9.007954754464814e-20,0.0,0.0,0.0
6.66,1.2362584559117307e-19,-9.01853822873113e-20,0.0,0.0,0.0
6.67,-5.778470023706764e-20,-8.979545345714372e-20,0.0,0.0,0.0
6.68,-8.75733150313679e-19,-8.931164384076945e-20,0.0,0.0,0.0
6.6899999999999995,1.0778707448487826e-19,-8.870288245568645e-20,0.0,0.0,0.0
6.699999999999999,5.467520349716758e-19,-8.846606677747207e-20,0.0,0.0,0.0
6.709999999999999,7.381053481326431e-19,-8.826799778639569e-20,0.0,0.0,0.0
6.720000000000001,-5.052983417080639e-19,-8.798788982280608e-20,0.0,0.0,0.0
6.73,-1.0218731028667968e-18,-8.763602680233207e-20,0.0,0.0,0.0
6.74,-7.901029337542946e-19,-8.742848847442646e-20,0.0,0.0,0.0
6.75,-4.209578348736483e-19,-8.728816791312121e-20,0.0,0.0,0.0
6.76,8.915759326975903e-19,-8.701091280795263e-20,0.0,0.0,0.0
6.77,4.947885824502053e-19,-8.654839292432977e-20,0.0,0.0,0.0
6.779999999999999,4.1219966782739317e-19,-8.596971385099374e-20,0.0,0.0,0.0
6.789999999999999,-7.40783850007719e-21,-8.571671739092224e-20,0.0,0.0,0.0
6.800000000000001,-6.289831659874496e-20,-8.552935831590399e-20,0.0,0.0,0.0
6.8100000000000005,-2.805747907474822e-19,-8.507283506803757e-20,0.0,0.0,0.0
6.82,4.445543148264071e-19,-8.475667285882239e-20,0.0,0.0,0.0
6.83,-6.305398149307629e-20,-8.475535447843384e-20,0.0,0.0,0.0
6.84,-2.0759691313894902e-19,-8.453916141029458e-20,0.0,0.0,0.0
6.85,-9.952095867942652e-19,-8.448026956944246e-20,0.0,0.0,0.0
6.859999999999999,2.3356611335270695e-19,-8.436517130711904e-20,0.0,0.0,0.0
6.869999999999999,2.701721082525863e-19,-8.432665711490395e-20,0.0,0.0,0.0
6.879999999999999,-3.035730712266002e-19,-8.408122176267371e-20,0.0,0.0,0.0
6.890000000000001,-4.1351341443879755e-19,-8.385356963787427e-20,0.0,0.0,0.0
6.9,-3.399551430488033e-20,-8.372851526032267e-20,0.0,0.0,0.0
6.91,-3.5300065451366003e-19,-8.349797071700382e-20,0.0,0.0,0.0
6.92,-1.9552493891986956e-19,-8.321182319245125e-20,0.0,0.0,0.0
6.93,2.0057499001569923e-20,-8.300922416910625e-20,0.0,0.0,0.0
6.9399999999999995,-8.713911706170628e-19,-8.281413457467516e-20,0.0,0.0,0.0
6.949999999999999,4.2580749776571937e-20,-8.272485993719129e-20,0.0,0.0,0.0
6.959999999999999,-3.210344340193953e-19,-8.251831368964383e-20,0.0,0.0,0.0
6.970000000000001,7.156381095883257e-20,-8.230660564402731e-20,0.0,0.0,0.0
6.98,3.5714445080865945e-20,-8.225307042077128e-20,0.0,0.0,0.0
6.99,2.3702582718066787e-19,-8.21159806780137e-20,0.0,0.0,0.0
7.0,-8.531332010107089e-19,-8.155249747862511e-20,0.0,0.0,0.0
7.01,-7.321505623464746e-19,-8.147028756802793e-20,0.0,0.0,0.0
7.02,-2.3592234413487717e-19,-8.123715186478712e-20,0.0,0.0,0.0
7.029999999999999,-1.00189237330961e-20,-8.113693733472817e-20,0.0,0.0,0.0
7.039999999999999,-6.464702674840201e-19,-8.095252400664428e-20,0.0,0.0,0.0
7.050000000000001,-4.704042334716555e-19,-8.053981384651774e-20,0.0,0.0,0.0
7.0600000000000005,-6.126883764614545e-19,-8.02855454237741e-20,0.0,0.0,0.0
7.07,-1.3746338822780092e-19,-7.988081513696511e-20,0.0,0.0,0.0
7.08,-5.933399349777316e-19,-7.967547446647591e-20,0.0,0.0,0.0
7.09,-2.4861272280637224e-19,-7.950427637659109e-20,0.0,0.0,0.0
7.1,-5.694384127965357e-19,-7.94002108369942e-20,0.0,0.0,0.0
7.109999999999999,3.1662367468923137e-19,-7.88416351761348e-20,0.0,0.0,0.0
7.119999999999999,-8.122814415693423e-19,-7.8523195301685e-20,0.0,0.0,0.0
7.129999999999999,-1.8584049289460515e-19,-7.812352809547832e-20,0.0,0.0,0.0
7.140000000000001,-1.105747217241866e-18,-7.784039077667649e-20,0.0,0.0,0.0
7.15,-1.0339552393112852e-19,-7.770946460735279e-20,0.0,0.0,0.0
7.16,-1.4001257079135854e-19,-7.750898940744438e-20,0.0,0.0,0.0
7.17,6.00265045691586e-19,-7.721648618166362e-20,0.0,0.0,0.0
7.18,3.5973702866916483e-19,-7.698613489852334e-20,0.0,0.0,0.0
7.1899999999999995,-4.169327697583726e-19,-7.673855630077549e-20,0.0,0.0,0.0
7.199999999999999,-3.816144520630933e-19,-7.641240847480837e-20,0.0,0.0,0.0
7.209999999999999,-2.720465761579387e-20,-7.597176356056702e-20,0.0,0.0,0.0
7.220000000000001,3.477653613092277e-19,-7.568598556477242e-20,0.0,0.0,0.0
7.23,3.460746852011342e-19,-7.557938156956253e-20,0.0,0.0,0.0
7.24,-2.6047499055271115e-19,-7.558109422327245e-20,0.0,0.0,0.0
7.25,9.914306985205114e-19,-7.508442355589042e-20,0.0,0.0,0.0
7.26,3.982718134606693e-19,-7.496571856439924e-20,0.0,0.0,0.0
7.27,-3.7234934398536594e-19,-7.476308832512087e-20,0.0,0.0,0.0
7.279999999999999,-2.9201655623865522e-21,-7.456917395781845e-20,0.0,0.0,0.0
7.289999999999999,1.46566504862421e-19,-7.459475593484094e-20,0.0,0.0,0.0
7.300000000000001,-2.5299367267625456e-19,-7.442039870909504e-20,0.0,0.0,0.0
7.3100000000000005,-5.462124780281621e-19,-7.432033244680938e-20,0.0,0.0,0.0
7.32,3.681720346793084e-19,-7.413296824999591e-20,0.0,0.0,0.0
7.33,-2.7027820538092373e-19,-7.435534625010758e-20,0.0,0.0,0.0
7.34,1.1381217620741711e-19,-7.411821034052427e-20,0.0,0.0,0.0
7.35,-2.94925261430904e-19,-7.384909173369792e-20,0.0,0.0,0.0
7.359999999999999,7.132534813391191e-19,-7.364519271216437e-20,0.0,0.0,0.0
7.369999999999999,-2.4263726495735346e-19,-7.341868382965088e-20,0.0,0.0,0.0
7.379999999999999,3.2150327222466965e-19,-7.304241095479732e-20,0.0,0.0,0.0
7.390000000000001,2.193760850309106e-19,-7.304950295302261e-20,0.0,0.0,0.0
7.4,-4.553377025281151e-20,-7.308415202917986e-20,0.0,0.0,0.0
7.41,-5.158747500728146e-19,-7.28592179725308e-20,0.0,0.0,0.0
7.42,2.7729108721216746e-19,-7.230482512364146e-20,0.0,0.0,0.0
7.43,-3.2137459323047766e-19,-7.207029794973242e-20,0.0,0.0,0.0
7.4399999999999995,6.826919397264418e-19,-7.186420100341293e-20,0.0,0.0,0.0
7.449999999999999,5.195881425200343e-19,-7.173250690284562e-20,0.0,0.0,0.0
7.460000000000001,-3.2084749167076117e-19,-7.143105687815034e-20,0.0,0.0,0.0
7.470000000000001,-7.083045746582266e-20,-7.12512100092273e-20,0.0,0.0,0.0
7.48,-1.2201852017771932e-18,-7.088963110991743e-20,0.0,0.0,0.0
7.49,1.1214133399668155e-19,-7.071024237289237e-20,0.0,0.0,0.0
7.5,-1.3324166153473867e-19,-6.973658011169348e-20,0.0,0.0,0.0
7.51,-9.635988455820352e-19,-6.95551360706305e-20,0.0,0.0,0.0
7.52,-4.437865260766341e-19,-6.912942393261649e-20,0.0,0.0,0.0
7.529999999999999,-5.758379946427627e-19,-6.890881844710437e-20,0.0,0.0,0.0
7.539999999999999,-2.6132572784427945e-19,-6.86073882636741e-20,0.0,0.0,0.0
7.550000000000001,-4.980375244211542e-19,-6.832503195112238e-20,0.0,0.0,0.0
7.5600000000000005,5.2818999836893174e-20,-6.775141088559842e-20,0.0,0.0,0.0
7.57,-6.168609204197988e-19,-6.757655776953177e-20,0.0,0.0,0.0
7.58,3.376469973419701e-20,-6.736922205847525e-20,0.0,0.0,0.0
7.59,1.1383136093585914e-18,-6.713653303509023e-20,0.0,0.0,0.0
7.600000000000001,-3.6745134113702626e-19,-6.680326399747182e-20,0.0,0.0,0.0
7.609999999999999,6.446589849548233e-19,-6.647040795796915e-20,0.0,0.0,0.0
7.620000000000001,5.609245202671691e-19,-6.602113676461098e-20,0.0,0.0,0.0
7.629999999999999,1.4045194191524972e-20,-6.555717075043026e-20,0.0,0.0,0.0
7.640000000000001,-2.931424822461105e-19,-6.517802714184745e-20,0.0,0.0,0.0
7.649999999999999,-3.8672255720566176e-19,-6.48162213340764e-20,0.0,0.0,0.0
7.66,1.3421185522125212e-19,-6.454792405136254e-20,0.0,0.0,0.0
7.669999999999998,-9.045939139387793e-20,-6.427710753893499e-20,0.0,0.0,0.0
7.68,4.416860384265526e-19,-6.384386640178825e-20,0.0,0.0,0.0
7.690000000000001,2.7768949783224904e-19,-6.326665801430694e-20,0.0,0.0,0.0
7.699999999999999,-1.28692233476083e-19,-6.30789934544187e-20,0.0,0.0,0.0
7.710000000000001,-3.3985893028004107e-19,-6.26779907119104e-20,0.0,0.0,0.0
7.719999999999999,1.1881641420617068e-18,-6.207635809327097e-20,0.0,0.0,0.0
7.73,-1.1216136318826295e-20,-6.173700472725812e-20,0.0,0.0,0.0
7.739999999999998,2.694158300909464e-19,-6.10965337437323e-20,0.0,0.0,0.0
7.75,-6.38000398247109e-19,-6.064583745663543e-20,0.0,0.0,0.0
7.760000000000002,-6.723545566736227e-19,-6.030463072122899e-20,0.0,0.0,0.0
7.77,6.169175795305052e-20,-6.031695568935423e-20,0.0,0.0,0.0
7.780000000000001,-4.117875440574559e-19,-6.016887774197627e-20,0.0,0.0,0.0
7.789999999999999,7.626542145477743e-19,-5.980614120849849e-20,0.0,0.0,0.0
7.800000000000001,-6.827450240970948e-19,-5.957171671573951e-20,0.0,0.0,0.0
7.809999999999999,8.003545077377651e-19,-5.924972095098275e-20,0.0,0.0,0.0
7.82,6.28417581944589e-19,-5.868943219940407e-20,0.0,0.0,0.0
7.829999999999998,5.26460624698366e-20,-5.841628736044852e-20,0.0,0.0,0.0
7.84,-1.0048044884940724e-19,-5.796519751778345e-20,0.0,0.0,0.0
7.850000000000001,3.099766181266142e-19,-5.780734079426478e-20,0.0,0.0,0.0
7.859999999999999,2.956303426818899e-19,-5.747098693166129e-20,0.0,0.0,0.0
7.870000000000001,2.7109478746835367e-19,-5.687948297922054e-20,0.0,0.0,0.0
7.879999999999999,9.567917633732975e-20,-5.667342500265604e-20,0.0,0.0,0.0
7.890000000000001,1.5303152273129835e-19,-5.638036344240578e-20,0.0,0.0,0.0
7.899999999999999,-2.952116628268185e-19,-5.602254835781231e-20,0.0,0.0,0.0
7.91,4.2188974579848285e-19,-5.565082417854688e-20,0.0,0.0,0.0
7.919999999999998,-2.0274824190616022e-19,-5.521558939304862e-20,0.0,0.0,0.0
7.93,4.257787245164325e-19,-5.497743550869992e-20,0.0,0.0,0.0
7.940000000000001,-4.475079376479341e-19,-5.45145602201643e-20,0.0,0.0,0.0
7.949999999999999,-1.7618392249999186e-19,-5.426944519338483e-20,0.0,0.0,0.0
7.960000000000001,1.142031637834424e-19,-5.408501880915523e-20,0.0,0.0,0.0
7.969999999999999,3.56755660895035e-19,-5.377196115796497e-20,0.0,0.0,0.0
7.98,-3.3763620690624057e-19,-5.3129961051459674e-20,0.0,0.0,0.0
7.989999999999998,5.05066845594695e-20,-5.2942712810064516e-20,0.0,0.0,0.0
8.0,-5.680861873551989e-19,-5.2619349693789064e-20,0.0,0.0,0.0
8.010000000000002,-4.079767932502943e-19,-5.2170622990365106e-20,0.0,0.0,0.0
8.02,-4.005489349758053e-19,-5.174568108654018e-20,0.0,0.0,0.0
8.030000000000001,3.26897217961016e-19,-5.1644759513429315e-20,0.0,0.0,0.0
8.04,-2.621171041710638e-19,-5.145398170245779e-20,0.0,0.0,0.0
8.05,1.0072766650014996e-19,-5.128528331173874e-20,0.0,0.0,0.0
8.059999999999999,1.3326254436328542e-19,-5.104395396386932e-20,0.0,0.0,0.0
8.07,-1.3376992552266053e-20,-5.102300806213451e-20,0.0,0.0,0.0
8.079999999999998,-9.649983411612912e-19,-5.113579222295321e-20,0.0,0.0,0.0
8.09,-1.094956259586772e-18,-5.1208945544922934e-20,0.0,0.0,0.0
8.100000000000001,2.655831054613519e-19,-5.0681771550977706e-20,0.0,0.0,0.0
8.11,2.4506055876603687e-19,-5.0131171747850056e-20,0.0,0.0,0.0
8.120000000000001,-4.077433045754996e-19,-4.98671326163926e-20,0.0,0.0,0.0
8.129999999999999,-5.505052314958464e-19,-4.9710619006559845e-20,0.0,0.0,0.0
8.14,-2.830767183112868e-19,-4.950858079745071e-20,0.0,0.0,0.0
8.149999999999999,-1.6070560774663343e-19,-4.923984004241502e-20,0.0,0.0,0.0
8.16,-2.7582194648246257e-19,-4.9034762465860347e-20,0.0,0.0,0.0
8.169999999999998,-3.3073056266500427e-21,-4.8713823827096174e-20,0.0,0.0,0.0
8.18,2.733598480200347e-19,-4.831840796972565e-20,0.0,0.0,0.0
8.190000000000001,2.1819988601847443e-19,-4.8153972465393667e-20,0.0,0.0,0.0
8.2,7.671965547029971e-20,-4.7885036775696235e-20,0.0,0.0,0.0
8.21,3.677034359250551e-19,-4.7427468134897056e-20,0.0,0.0,0.0
8.219999999999999,-3.07464871799558e-19,-4.715247460959131e-20,0.0,0.0,0.0
8.23,5.3219346721384e-19,-4.664750220420547e-20,0.0,0.0,0.0
8.239999999999998,5.04387756237686e-19,-4.644297194738006e-20,0.0,0.0,0.0
8.25,4.573099088699433e-19,-4.630683263363489e-20,0.0,0.0,0.0
8.260000000000002,4.1871695891626693e-19,-4.6495474347233365e-20,0.0,0.0,0.0
8.27,1.4811723963126215e-19,-4.6172758289205846e-20,0.0,0.0,0.0
8.280000000000001,-3.2386443540507537e-20,-4.5942789000180677e-20,0.0,0.0,0.0
8.29,-6.667275591540568e-19,-4.5621730967654736e-20,0.0,0.0,0.0
8.3,5.648885399198105e-19,-4.539131308501042e-20,0.0,0.0,0.0
8.309999999999999,-2.716389363822444e-19,-4.517426155244513e-20,0.0,0.0,0.0
8.32,8.267705304860398e-19,-4.4748869579735655e-20,0.0,0.0,0.0
8.329999999999998,-1.1827664252315261e-19,-4.419006041881239e-20,0.0,0.0,0.0
8.34,2.612672323296474e-19,-4.401315790454974e-20,0.0,0.0,0.0
8.350000000000001,2.9165438535398907e-19,-4.353811231688927e-20,0.0,0.0,0.0
8.36,6.599759416923397e-19,-4.329980341223059e-20,0.0,0.0,0.0
8.370000000000001,1.7691930302831812e-19,-4.266649033047796e-20,0.0,0.0,0.0
8.379999999999999,-7.344319327118711e-19,-4.242372216881401e-20,0.0,0.0,0.0
8.39,7.178983939779008e-19,-4.204198874692158e-20,0.0,0.0,0.0
8.399999999999999,7.402415148004769e-19,-4.1870055786748266e-20,0.0,0.0,0.0
8.41,-4.3003102798028103e-19,-4.15491156537885e-20,0.0,0.0,0.0
8.419999999999998,-4.7931582253675983e-20,-4.160865613446851e-20,0.0,0.0,0.0
8.43,-4.598008832899178e-19,-4.162171631994223e-20,0.0,0.0,0.0
8.440000000000001,-3.8510259394821325e-19,-4.142201710387417e-20,0.0,0.0,0.0
8.45,4.9531762481724325e-19,-4.1076295682877804e-20,0.0,0.0,0.0
8.46,-9.558667573018228e-19,-4.070797283826009e-20,0.0,0.0,0.0
8.469999999999999,2.447109866482221e-19,-4.039704677965563e-20,0.0,0.0,0.0
8.48,2.0365242876236085e-19,-4.012384794463287e-20,0.0,0.0,0.0
8.489999999999998,-6.10922700871429e-19,-4.007062224779697e-20,0.0,0.0,0.0
8.5,-2.629913898242813e-19,-4.0003372836107844e-20,0.0,0.0,0.0
8.510000000000002,3.388274109581025e-19,-3.969607957528545e-20,0.0,0.0,0.0
8.52,-5.801176393455439e-19,-3.9539395828785274e-20,0.0,0.0,0.0
8.530000000000001,2.960944059309355e-19,-3.898493663763181e-20,0.0,0.0,0.0
8.54,3.3961418431149545e-19,-3.872356352657132e-20,0.0,0.0,0.0
8.55,3.722561797746913e-19,-3.8786187425326577e-20,0.0,0.0,0.0
8.559999999999999,4.237534550208273e-19,-3.8647246304089395e-20,0.0,0.0,0.0
8.57,3.1932271602048492e-19,-3.8841049484010854e-20,0.0,0.0,0.0
8.579999999999998,-4.438253609318087e-19,-3.812859785903962e-20,0.0,0.0,0.0
8.59,-3.337102920593706e-20,-3.815522677352127e-20,0.0,0.0,0.0
8.600000000000001,6.882332478295208e-19,-3.781819379701216e-20,0.0,0.0,0.0
8.61,-6.257238922120867e-19,-3.789251288863353e-20,0.0,0.0,0.0
8.620000000000001,6.135058915225365e-19,-3.8109596154149466e-20,0.0,0.0,0.0
8.629999999999999,5.042561995000313e-19,-3.7943292437353906e-20,0.0,0.0,0.0
8.64,-1.1220855641487996e-18,-3.737815989549258e-20,0.0,0.0,0.0
8.649999999999999,2.4684197910942515e-19,-3.7248623080119817e-20,0.0,0.0,0.0
8.66,2.544938116374548e-20,-3.6914901435667915e-20,0.0,0.0,0.0
8.669999999999998,-2.474972179378219e-19,-3.659675988141017e-20,0.0,0.0,0.0
8.68,-3.527621533040491e-19,-3.630858668323755e-20,0.0,0.0,0.0
8.690000000000001,3.362416131688426e-19,-3.5769417949330055e-20,0.0,0.0,0.0
8.7,-1.0468594001570926e-18,-3.5302243978894215e-20,0.0,0.0,0.0
8.71,-3.0358601870745866e-19,-3.472422473819427e-20,0.0,0.0,0.0
8.719999999999999,-3.6086899345569603e-19,-3.459755015889726e-20,0.0,0.0,0.0
8.73,-2.3563896279501576e-20,-3.483943900653389e-20,0.0,0.0,0.0
8.739999999999998,1.1924107884581814e-18,-3.459184838472605e-20,0.0,0.0,0.0
8.75,5.910279765133197e-19,-3.434410398800901e-20,0.0,0.0,0.0
8.760000000000002,-1.0022008021911351e-19,-3.43368708110169e-20,0.0,0.0,0.0
8.77,-2.132553193666456e-19,-3.409436836802846e-20,0.0,0.0,0.0
8.780000000000001,2.3444629944989932e-19,-3.417041166965489e-20,0.0,0.0,0.0
8.79,-6.469170751122349e-19,-3.395064906189654e-20,0.0,0.0,0.0
8.8,-3.351726938657994e-20,-3.359434657529012e-20,0.0,0.0,0.0
8.809999999999999,-2.347728926183286e-19,-3.335549853301697e-20,0.0,0.0,0.0
8.82,3.391916019875577e-19,-3.309502778364546e-20,0.0,0.0,0.0
8.829999999999998,4.858813076212564e-19,-3.3088460436527516e-20,0.0,0.0,0.0
8.84,7.187113842001258e-19,-3.318220523823732e-20,0.0,0.0,0.0
8.850000000000001,-4.849961617376603e-19,-3.289178215865924e-20,0.0,0.0,0.0
8.86,5.0850837071725025e-19,-3.2549549234004466e-20,0.0,0.0,0.0
8.870000000000001,-7.711097423453476e-19,-3.2404795049671744e-20,0.0,0.0,0.0
8.879999999999999,4.638239823102178e-19,-3.214290980020534e-20,0.0,0.0,0.0
8.89,-9.101538357893054e-19,-3.155343962812825e-20,0.0,0.0,0.0
8.899999999999999,-2.5514899291969826e-19,-3.140769683520273e-20,0.0,0.0,0.0
8.91,9.701286889846018e-19,-3.1088966926432717e-20,0.0,0.0,0.0
8.919999999999998,-9.43595416169994e-19,-3.07751329721972e-20,0.0,0.0,0.0
8.93,1.3848012945130903e-19,-3.078045653115536e-20,0.0,0.0,0.0
8.940000000000001,-1.617392345696627e-19,-3.0984991520582595e-20,0.0,0.0,0.0
8.95,-2.1125316313357496e-19,-3.0726349515497293e-20,0.0,0.0,0.0
8.96,-3.0706647551227687e-19,-3.0157507860823757e-20,0.0,0.0,0.0
8.969999999999999,1.686009668404808e-19,-3.0173366321510005e-20,0.0,0.0,0.0
8.98,-5.104971604666713e-19,-2.9801192376457484e-20,0.0,0.0,0.0
8.989999999999998,-7.213575079457252e-19,-2.96960107427586e-20,0.0,0.0,0.0
9.0,-9.024985588551684e-19,-2.938654749218541e-20,0.0,0.0,0.0
9.010000000000002,-5.110832735677369e-19,-2.9082593709649284e-20,0.0,0.0,0.0
9.02,1.5241602117802968e-19,-2.866885486524877e-20,0.0,0.0,0.0
9.030000000000001,2.8431716717105884e-19,-2.8579007770256987e-20,0.0,0.0,0.0
9.04,5.531562232489579e-19,-2.8208344068227006e-20,0.0,0.0,0.0
9.05,2.0495782053838675e-19,-2.8253224513865045e-20,0.0,0.0,0.0
9.059999999999999,5.099414620736096e-19,-2.81076403546614e-20,0.0,0.0,0.0
9.07,1.0201637979993563e-18,-2.791634050813959e-20,0.0,0.0,0.0
9.079999999999998,1.8348000311863134e-19,-2.764041093444647e-20,0.0,0.0,0.0
9.09,-1.2737640950520776e-18,-2.784982567092831e-20,0.0,0.0,0.0
9.100000000000001,3.2826751051691057e-19,-2.7552402237677904e-20,0.0,0.0,0.0
9.11,-6.882100714144623e-19,-2.714275945369588e-20,0.0,0.0,0.0
9.120000000000001,-6.171273784037994e-19,-2.666953589037408e-20,0.0,0.0,0.0
9.129999999999999,5.865195832229339e-20,-2.6556188487824807e-20,0.0,0.0,0.0
9.14,4.70946889254127e-19,-2.642965180894334e-20,0.0,0.0,0.0
9.149999999999999,-3.197697065314429e-19,-2.5760253526707547e-20,0.0,0.0,0.0
9.16,-5.658295871287136e-20,-2.5775052886294424e-20,0.0,0.0,0.0
9.169999999999998,8.252857502033345e-19,-2.577419686012213e-20,0.0,0.0,0.0
9.18,-7.816529888813635e-19,-2.5700710079157092e-20,0.0,0.0,0.0
9.190000000000001,4.326163053344181e-19,-2.5438405162155917e-20,0.0,0.0,0.0
9.2,-2.0129748428576133e-19,-2.4873777193818758e-20,0.0,0.0,0.0
9.21,-3.332899931887943e-20,-2.4582162243535332e-20,0.0,0.0,0.0
9.219999999999999,1.2883743867501367e-19,-2.4304124293058576e-20,0.0,0.0,0.0
9.23,-1.8742693937414374e-19,-2.378969600953213e-20,0.0,0.0,0.0
9.239999999999998,-1.5233224634371837e-19,-2.342797115680203e-20,0.0,0.0,0.0
9.25,-6.696257726346288e-19,-2.296575481994231e-20,0.0,0.0,0.0
9.260000000000002,2.7344239346528725e-19,-2.2753125186918796e-20,0.0,0.0,0.0
9.27,2.731122651559243e-19,-2.2566697735548662e-20,0.0,0.0,0.0
9.280000000000001,9.070943288689324e-20,-2.228148757567632e-20,0.0,0.0,0.0
9.29,7.797927435394266e-20,-2.230594867589702e-20,0.0,0.0,0.0
9.3,4.770813971080106e-19,-2.2344385281856142e-20,0.0,0.0,0.0
9.309999999999999,-5.678030463647009e-19,-2.2028811320612458e-20,0.0,0.0,0.0
9.32,-7.283015105544672e-19,-2.1663182161926573e-20,0.0,0.0,0.0
9.329999999999998,-4.3632809684886695e-20,-2.197752723374791e-20,0.0,0.0,0.0
9.34,1.387284226498718e-19,-2.1847146750490776e-20,0.0,0.0,0.0
9.350000000000001,-1.1893024982708672e-18,-2.1899649144911422e-20,0.0,0.0,0.0
9.36,-2.0199076824150383e-19,-2.1435872419691732e-20,0.0,0.0,0.0
9.370000000000001,3.8347602400289214e-19,-2.1010822137525868e-20,0.0,0.0,0.0
9.379999999999999,-9.413160588208402e-20,-2.0614002430485312e-20,0.0,0.0,0.0
9.39,3.354651362906609e-19,-2.0270529759785437e-20,0.0,0.0,0.0
9.399999999999999,6.0720747333638395e-19,-2.016283778987677e-20,0.0,0.0,0.0
9.41,7.47995761362285e-19,-1.9803643857688764e-20,0.0,0.0,0.0
9.419999999999998,-2.8432403435770446e-19,-1.920779636235541e-20,0.0,0.0,0.0
9.43,-9.508281857162586e-19,-1.8942620091629714e-20,0.0,0.0,0.0
9.440000000000001,5.216172529112833e-19,-1.87383519391223e-20,0.0,0.0,0.0
9.45,-1.695360700432192e-19,-1.8567800417712754e-20,0.0,0.0,0.0
9.46,-1.0992938538092117e-19,-1.8480180824893274e-20,0.0,0.0,0.0
9.469999999999999,-2.893130549443053e-19,-1.813988349935928e-20,0.0,0.0,0.0
9.48,8.350625147682764e-19,-1.766026048720118e-20,0.0,0.0,0.0
9.489999999999998,-4.924386899786368e-19,-1.7756596884640162e-20,0.0,0.0,0.0
9.5,-5.3040093520398024e-20,-1.763295167478951e-20,0.0,0.0,0.0
9.510000000000002,9.440508817065377e-20,-1.7401095695904764e-20,0.0,0.0,0.0
9.52,2.400514097276247e-19,-1.702932614908888e-20,0.0,0.0,0.0
9.530000000000001,-6.553960952913835e-19,-1.6988683460330148e-20,0.0,0.0,0.0
9.54,3.013757160488035e-19,-1.6857732838264916e-20,0.0,0.0,0.0
9.55,-2.4114881998578546e-19,-1.6756172490859528e-20,0.0,0.0,0.0
9.559999999999999,-6.788798631855417e-19,-1.6639150598125652e-20,0.0,0.0,0.0
9.57,3.458240856467211e-20,-1.6467909918490268e-20,0.0,0.0,0.0
9.579999999999998,-1.999111702034078e-19,-1.6414627735549288e-20,0.0,0.0,0.0
9.59,5.924295619439357e-20,-1.6371342971146593e-20,0.0,0.0,0.0
9.600000000000001,1.1926696790484167e-19,-1.6231033738447448e-20,0.0,0.0,0.0
9.61,7.625905627060718e-20,-1.6150119370495966e-20,0.0,0.0,0.0
9.620000000000001,-1.2053614615022656e-19,-1.6221104382661298e-20,0.0,0.0,0.0
9.629999999999999,-1.356443954536024e-19,-1.5853090430242524e-20,0.0,0.0,0.0
9.64,9.858833462050445e-20,-1.5579370433140494e-20,0.0,0.0,0.0
9.649999999999999,-4.534366482507615e-19,-1.5273690478957923e-20,0.0,0.0,0.0
9.66,-2.9870831035750273e-19,-1.4844259515205083e-20,0.0,0.0,0.0
9.669999999999998,5.798853336211134e-19,-1.4515767343083333e-20,0.0,0.0,0.0
9.68,-4.195646942191874e-19,-1.447255989419363e-20,0.0,0.0,0.0
9.690000000000001,-2.2094617450133513e-19,-1.3904002066875572e-20,0.0,0.0,0.0
9.7,-6.003713572841968e-19,-1.3766645826341957e-20,0.0,0.0,0.0
9.71,9.621240477570913e-20,-1.3402436285348985e-20,0.0,0.0,0.0
9.719999999999999,-1.9007506589792648e-19,-1.3357971422289468e-20,0.0,0.0,0.0
9.73,-8.294268773287016e-19,-1.3238122533347591e-20,0.0,0.0,0.0
9.739999999999998,-9.02813344663173e-19,-1.3039645099514433e-20,0.0,0.0,0.0
9.75,-4.312642078394863e-19,-1.2898942831454525e-20,0.0,0.0,0.0
9.760000000000002,5.18617787540509e-19,-1.271155867010259e-20,0.0,0.0,0.0
9.77,2.797751265871412e-19,-1.2782680534170828e-20,0.0,0.0,1.065079365079365
9.780000000000001,7.263794104239236e-16,6.155531878945862e-05,0.0,0.0,1.065079365079365
9.79,5.530424758536087e-16,0.00023347731356319958,0.0,0.0,1.065079365079365
9.8,5.515780294699637e-16,0.0005135827427785738,0.0,0.0,1.065079365079365
9.809999999999999,7.029313877971585e-16,0.0008997315531439114,0.0,0.0,1.065079365079365
9.82,6.845437522752208e-16,0.001389826025262124,0.0,0.0,1.065079365079365
9.829999999999998,5.812250599290054e-16,0.001981809936234923,0.0,0.0,1.065079365079365
9.84,5.066267741641133e-16,0.002673667738772414,0.0,0.0,1.065079365079365
9.850000000000001,4.694379505786092e-16,0.003463423756551761,0.0,0.0,1.065079365079365
9.86,4.337476511575226e-16,0.0043491413955024545,0.0,0.0,1.065079365079365
9.870000000000001,4.0082827587493235e-16,0.005328922370695212,0.0,0.0,1.065079365079365
9.879999999999999,3.7972289996128764e-16,0.0064009059485222,0.0,0.0,1.065079365079365
9.89,3.535435092624043e-16,0.007563268203867184,0.0,0.0,1.065079365079365
9.899999999999999,3.3046772797038434e-16,0.008814221291970771,0.0,0.0,1.065079365079365
9.91,3.0517955161569806e-16,0.01015201273469954,0.0,0.0,1.065079365079365
9.919999999999998,2.8013315421711753e-16,0.01157492472093371,0.0,0.0,1.065079365079365
9.93,2.5437529566139214e-16,0.013081273420794359,0.0,0.0,1.065079365079365
9.940000000000001,2.283834409194708e-16,0.01466940831343636,0.0,0.0,1.065079365079365
9.95,2.0426220353112562e-16,0.01633771152813877,0.0,0.0,1.065079365079365
9.96,1.7913010458484395e-16,0.018084597198429517,0.0,0.0,1.065079365079365
9.969999999999999,1.5322485691008872e-16,0.019908510828986682,0.0,0.0,1.065079365079365
9.98,1.2808441904871551e-16,0.021807928675063485,0.0,0.0,1.065079365079365
9.989999999999998,1.0399760987028639e-16,0.023781357134189347,0.0,0.0,1.065079365079365
10.0,7.926970309390727e-17,0.025827332149904132,0.0,0.0,1.065079365079365
10.010000000000002,5.3720349694001027e-17,0.027944418627287537,0.0,0.0,1.065079365079365
10.02,2.9202918874653234e-17,0.030131209860050336,0.0,0.0,1.065079365079365
10.030000000000001,7.068309411912351e-18,0.03238632696895871,0.0,0.0,1.065079365079365
10.04,-1.6837682790633818e-17,0.03470841835136752,0.0,0.0,1.065079365079365
10.05,-4.0645221814799586e-17,0.03709615914164275,0.0,0.0,1.065079365079365
10.059999999999999,-6.228388670704058e-17,0.03954825068225772,0.0,0.0,1.065079365079365
10.07,-8.521779551699314e-17,0.0420634200053519,0.0,0.0,1.065079365079365
10.079999999999998,-1.0736673121200149e-16,0.044640419324545384,0.0,0.0,1.065079365079365
10.09,-1.2952831412730092e-16,0.047278025536806205,0.0,0.0,1.065079365079365
10.100000000000001,-1.5031071148085572e-16,0.04997503973417145,0.0,0.0,1.065079365079365
10.11,-1.6964398323033394e-16,0.05273028672512748,0.0,0.0,1.065079365079365
10.120000000000001,-1.894692982342816e-16,0.05554261456545796,0.0,0.0,1.065079365079365
10.129999999999999,-2.0941489061300578e-16,0.05841089409837262,0.0,0.0,1.065079365079365
10.14,-2.2799928864826503e-16,0.06133401850373297,0.0,0.0,1.065079365079365
10.149999999999999,-2.465137015224126e-16,0.0643109028561952,0.0,0.0,1.065079365079365
10.16,-2.6246941422443516e-16,0.06734048369209364,0.0,0.0,1.065079365079365
10.169999999999998,-2.7998282015514843e-16,0.0704217185848921,0.0,0.0,1.065079365079365
10.18,-2.9701875392624624e-16,0.07355358572903352,0.0,0.0,1.065079365079365
10.190000000000001,-3.123068527134001e-16,0.07673508353202167,0.0,0.0,1.065079365079365
10.2,-3.2861141704436037e-16,0.07996523021457232,0.0,0.0,1.065079365079365
10.21,-3.4445080926939185e-16,0.08324306341867396,0.0,0.0,1.065079365079365
10.219999999999999,-3.578865576725871e-16,0.08656763982340197,0.0,0.0,1.065079365079365
10.23,-3.709576551173881e-16,0.08993803476833227,0.0,0.0,1.065079365079365
10.239999999999998,-3.836991320204676e-16,0.0933533418844049,0.0,0.0,1.065079365079365
10.25,-3.962882624494118e-16,0.09681267273208952,0.0,0.0,1.065079365079365
10.260000000000002,-4.1040723277247345e-16,0.10031515644670858,0.0,0.0,1.065079365079365
10.27,-4.2075727263270796e-16,0.1038599393907768,0.0,0.0,1.065079365079365
10.280000000000001,-4.3137568650717976e-16,0.10744618481321772,0.0,0.0,1.065079365079365
10.29,-4.421971604802982e-16,0.11107307251532182,0.0,0.0,1.065079365079365
10.3,-4.5129173373602e-16,0.11473979852331236,0.0,0.0,1.065079365079365
10.309999999999999,-4.618337582805993e-16,0.11844557476738833,0.0,0.0,1.065079365079365
10.32,-4.714819390961797e-16,0.12218962876711681,0.0,0.0,1.065079365079365
10.329999999999998,-4.787438682607663e-16,0.1259712033230485,0.0,0.0,1.065079365079365
10.34,-4.86879631991441e-16,0.12978955621443378,0.0,0.0,1.065079365079365
10.350000000000001,-4.948679070046804e-16,0.13364395990291836,0.0,0.0,1.065079365079365
10.36,-5.009659990410781e-16,0.1375337012421006,0.0,0.0,1.065079365079365
10.370000000000001,-5.0646216810478145e-16,0.1414580811928338,0.0,0.0,1.065079365079365
10.379999999999999,-5.124470220890607e-16,0.14541641454416065,0.0,0.0,1.065079365079365
10.39,-5.182631476104845e-16,0.14940802963976824,0.0,0.0,1.065079365079365
10.399999999999999,-5.22995614543101e-16,0.15343226810985375,0.0,0.0,1.065079365079365
10.41,-5.285860195098511e-16,0.15748848460829462,0.0,0.0,1.065079365079365
10.419999999999998,-5.316706531246912e-16,0.16157604655501806,0.0,0.0,1.065079365079365
10.43,-5.355122791715434e-16,0.16569433388346638,0.0,0.0,1.065079365079365
10.440000000000001,-5.407275387652398e-16,0.16984273879305878,0.0,0.0,1.065079365079365
10.45,-5.436747247232238e-16,0.17402066550654893,0.0,0.0,1.065079365079365
10.46,-5.453599447429109e-16,0.17822753003218314,0.0,0.0,1.065079365079365
10.469999999999999,-5.499089230271022e-16,0.18246275993056293,0.0,0.0,1.065079365079365
10.48,-5.498463663854761e-16,0.1867257940861198,0.0,0.0,1.065079365079365
10.489999999999998,-5.513096258113896e-16,0.1910160824831106,0.0,0.0,1.065079365079365
10.5,-5.535792224909751e-16,0.19533308598604393,0.0,0.0,1.065079365079365
10.510000000000002,-5.555269326125734e-16,0.19967627612444996,0.0,0.0,1.065079365079365
10.52,-5.545883856130413e-16,0.20404513488190856,0.0,0.0,1.065079365079365
10.530000000000001,-5.551845337130947e-16,0.2084391544892498,0.0,0.0,1.065079365079365
10.54,-5.552354183069336e-16,0.21285783722184623,0.0,0.0,1.065079365079365
10.55,-5.552072991602356e-16,0.21730069520091433,0.0,0.0,1.065079365079365
10.559999999999999,-5.547178919306466e-16,0.22176725019874716,0.0,0.0,1.065079365079365
10.57,-5.536231040988108e-16,0.2262570334477993,0.0,0.0,1.065079365079365
10.579999999999998,-5.538983195751311e-16,0.2307695854535489,0.0,0.0,1.065079365079365
10.59,-5.522013304891422e-16,0.23530445581106124,0.0,0.0,1.065079365079365
10.600000000000001,-5.505534766067767e-16,0.23986120302518146,0.0,0.0,1.065079365079365
10.61,-5.497986973759027e-16,0.24443939433428352,0.0,0.0,1.065079365079365
10.620000000000001,-5.479189398738518e-16,0.24903860553750617,0.0,0.0,1.065079365079365
10.629999999999999,-5.463273889903103e-16,0.2536584208254066,0.0,0.0,1.065079365079365
10.64,-5.421143262726792e-16,0.2582984326139635,0.0,0.0,1.065079365079365
10.649999999999999,-5.414072366084195e-16,0.26295824138186463,0.0,0.0,1.065079365079365
10.66,-5.387666821914422e-16,0.2676374555110121,0.0,0.0,1.065079365079365
10.669999999999998,-5.339249929172735e-16,0.2723356911301836,0.0,0.0,1.065079365079365
10.68,-5.344534118551161e-16,0.2770525719617858,0.0,0.0,1.065079365079365
10.690000000000001,-5.289703297717946e-16,0.28178772917163963,0.0,0.0,1.065079365079365
10.7,-5.251288775936542e-16,0.28654080122173664,0.0,0.0,1.065079365079365
10.71,-5.224224056739851e-16,0.2913114337259083,0.0,0.0,1.065079365079365
10.719999999999999,-5.189661258024091e-16,0.29609927930835017,0.0,0.0,1.065079365079365
10.73,-5.16091766754617e-16,0.30090399746494545,0.0,0.0,1.065079365079365
10.739999999999998,-5.113285782622407e-16,0.30572525442733084,0.0,0.0,1.065079365079365
10.75,-5.071089030102928e-16,0.31056272302965165,0.0,0.0,1.065079365079365
10.760000000000002,-5.034159170723575e-16,0.3154160825779535,0.0,0.0,1.065079365079365
10.77,-5.004408797017155e-16,0.3202850187221564,0.0,0.0,0.9603174603174603
10.780000000000001,1.8416850386739768e-16,0.32515779113815657,0.0,0.0,0.9777777777777779
10.79,6.658903661405914e-17,0.3300269377998969,0.0,0.0,0.5063492063492063
10.8,3.194165872326661e-15,0.3348426341490687,0.0,0.0,0.5063492063492063
10.809999999999999,3.1634228095783202e-15,0.33956412575874906,0.0,0.0,0.5063492063492063
10.82,3.1333373140534437e-15,0.3441932761597446,0.0,0.0,0.5063492063492063
10.829999999999998,3.100775658391202e-15,0.3487319120190367,0.0,0.0,0.03492063492063492
10.84,6.322774334714908e-15,0.35313037900316285,0.0,0.0,0.03492063492063492
10.850000000000001,6.251483415021859e-15,0.3573496381266435,0.0,0.0,-0.37812500000000004
10.86,9.07915522748712e-15,0.36134816062705827,0.0,0.0,-0.37812500000000004
10.870000000000001,8.966646702816706e-15,0.36509367936416914,0.0,0.0,-0.37812500000000004
10.879999999999999,8.850743519754022e-15,0.3685911991849689,0.0,0.0,-0.8421875000000001
10.89,1.205685942325362e-14,0.3717949848921862,0.0,0.0,-0.8421875000000001
10.899999999999999,1.1883646965180716e-14,0.374669688592156,0.0,0.0,-0.8593750000000001
10.91,1.1829602000744373e-14,0.3772199444955376,0.0,0.0,-1.065625
10.919999999999998,1.3145026803356788e-14,0.37942813921834845,0.0,0.0,-1.065625
10.93,1.2929816022573575e-14,0.38128274666816997,0.0,0.0,-1.065625
10.940000000000001,1.2710501778655042e-14,0.38279076140578205,0.0,0.0,-1.065625
10.95,1.2486817200126621e-14,0.3839590396275938,0.0,0.0,-1.065625
10.96,1.2260314005174561e-14,0.3847943019027273,0.0,0.0,-1.065625
10.969999999999999,1.2026852013018402e-14,0.38530313585595743,0.0,0.0,-1.065625
10.98,1.1795408303776947e-14,0.3854919987975784,0.0,0.0,-1.065625
10.989999999999998,4.171531986735153e-15,0.38545314815518555,0.0,0.0,-1.065625
11.0,4.087220502443831e-15,0.3853029783198083,0.0,0.0,-1.065625
11.010000000000002,4.005490199006564e-15,0.3850440868191751,0.0,0.0,-1.065625
11.02,3.922907639073668e-15,0.3846786243537032,0.0,0.0,-1.065625
11.030000000000001,3.842172607586232e-15,0.3842086990792788,0.0,0.0,-1.065625
11.04,3.7627650923284605e-15,0.3836363774488603,0.0,0.0,-1.065625
11.05,3.68380817736423e-15,0.38296368503743383,0.0,0.0,-1.065625
11.059999999999999,3.604712976212501e-15,0.38219260735064886,0.0,0.0,-1.065625
11.07,3.5290204158875054e-15,0.38132509061745873,0.0,0.0,-1.065625
11.079999999999998,3.4522359252291765e-15,0.3803630425670807,0.0,0.0,-1.065625
11.09,3.37733522884811e-15,0.37930833319058643,0.0,0.0,-1.065625
11.100000000000001,3.30347113636478e-15,0.37816279548742726,0.0,0.0,-1.065625
11.11,3.2312346705054956e-15,0.37692822619719124,0.0,0.0,-1.065625
11.120000000000001,3.1604381357311613e-15,0.3756063865168859,0.0,0.0,-1.065625
11.129999999999999,3.089014222022461e-15,0.3741990028040306,0.0,0.0,-1.065625
11.14,3.0191787779301076e-15,0.37270776726584165,0.0,0.0,-1.065625
11.149999999999999,2.9502830313352707e-15,0.37113433863478335,0.0,0.0,-1.065625
11.16,2.883415260645239e-15,0.369480342830756,0.0,0.0,-1.065625
11.169999999999998,2.817785894960209e-15,0.3677473736101845,0.0,0.0,-0.8593750000000001
11.18,1.288233124112464e-15,0.3659595003310808,0.0,0.0,-0.8593750000000001
11.190000000000001,1.2591840449340516e-15,0.36413610173697764,0.0,0.0,-0.8593750000000001
11.2,1.2280998075860736e-15,0.3622778805793424,0.0,0.0,-0.8593750000000001
11.21,1.1860784341944922e-15,0.3603855257080168,0.0,0.0,-0.8593750000000001
11.219999999999999,1.9460678464655155e-15,0.3584597123462011,0.0,0.0,-0.8593750000000001
11.23,1.8104999970323046e-15,0.3565011023600338,0.0,0.0,-0.3953125
11.239999999999998,-2.099499238203614e-15,0.35456098556280957,0.0,0.0,-0.3953125
11.25,-2.0502894263194662e-15,0.3526801545841171,0.0,0.0,-0.3953125
11.260000000000002,-1.9994442016235247e-15,0.3508574366490994,0.0,0.0,-0.41250000000000003
11.27,-1.8367043318334035e-15,0.3490898065883242,0.0,0.0,-0.41250000000000003
11.280000000000001,-1.7937595227298148e-15,0.3473746502821811,0.0,0.0,-0.41250000000000003
11.29,-1.7518577342182162e-15,0.34571092971009076,0.0,0.0,-0.41250000000000003
11.3,-1.7123161155902887e-15,0.34409762738529537,0.0,0.0,0.01746031746031746
11.309999999999999,-4.577023484845898e-15,0.3425806655718435,0.0,0.0,0.01746031746031746
11.32,-4.472718352035723e-15,0.34119627236823796,0.0,0.0,0.01746031746031746
11.329999999999998,-4.370720220602001e-15,0.33994182534072725,0.0,0.0,0.01746031746031746
11.34,-4.274528215741433e-15,0.3388147539317833,0.0,0.0,0.01746031746031746
11.350000000000001,-4.179514869602508e-15,0.33781253843390036,0.0,0.0,0.01746031746031746
11.36,-4.089660795940392e-15,0.3369327089836954,0.0,0.0,0.01746031746031746
11.370000000000001,-4.002009935049613e-15,0.33617284457590546,0.0,0.0,0.01746031746031746
11.379999999999999,-3.916966647471938e-15,0.3355305720968909,0.0,0.0,0.01746031746031746
11.39,-3.833702590651921e-15,0.3350035653772571,0.0,0.0,0.01746031746031746
11.399999999999999,-3.75450972289092e-15,0.33458954426321713,0.0,0.0,0.48888888888888893
11.41,-6.8044398403417036e-15,0.33433771857233396,0.0,0.0,0.48888888888888893
11.419999999999998,-5.892728473578623e-19,0.3342810248775535,0.0,0.0,0.48888888888888893
11.43,-8.3661812399077405e-19,0.3342810248775635,0.0,0.0,0.48888888888888893
11.440000000000001,5.512992715559708e-19,0.3342810248775735,0.0,0.0,0.48888888888888893
11.45,5.0753322395379763e-20,0.3342810248775835,0.0,0.0,0.48888888888888893
11.46,6.076917163405333e-21,0.3342810248775935,0.0,0.0,0.48888888888888893
11.469999999999999,-1.9208124054317286e-19,0.33428102487760347,0.0,0.0,0.48888888888888893
11.48,-1.181387589567135e-19,0.33428102487761346,0.0,0.0,0.48888888888888893
11.489999999999998,-1.1600692550739438e-19,0.33428102487762346,0.0,0.0,0.48888888888888893
11.5,1.1256775936291965e-19,0.33428102487763345,0.0,0.0,0.48888888888888893
11.510000000000002,1.2174451751879763e-18,0.33428102487764344,0.0,0.0,0.48888888888888893
11.52,3.7588490948609657e-19,0.33428102487765343,0.0,0.0,0.48888888888888893
11.530000000000001,-2.666223105527256e-20,0.3342810248776634,0.0,0.0,0.5063492063492063
11.54,-3.512548931091474e-17,0.33428160850372723,0.0,0.0,0.5063492063492063
11.55,-3.3732575852466945e-17,0.3342832385522374,0.0,0.0,0.5063492063492063
11.559999999999999,-3.452166842649816e-17,0.33428589432316885,0.0,0.0,0.5063492063492063
11.57,-3.469553494000413e-17,0.33428955552597844,0.0,0.0,0.5063492063492063
11.579999999999998,-3.1625711497516755e-17,0.33429420227150464,0.0,0.0,0.5063492063492063
11.59,-3.140572751209756e-17,0.3342998150640276,0.0,0.0,0.5063492063492063
11.600000000000001,-3.073955136919805e-17,0.33430637479348624,0.0,0.0,0.5063492063492063
11.61,-3.0199250673068927e-17,0.33431386272784874,0.0,0.0,0.5063492063492063
11.620000000000001,-3.032097019153525e-17,0.33432226050563535,0.0,0.0,0.5063492063492063
11.629999999999999,-2.922217206106585e-17,0.33433155012858756,0.0,0.0,0.5063492063492063
11.64,-2.8346227523433824e-17,0.33434171395448314,0.0,0.0,0.5063492063492063
11.649999999999999,-2.861454999410837e-17,0.33435273469009347,0.0,0.0,0.5063492063492063
11.66,-2.7243822747509622e-17,0.3343645953842792,0.0,0.0,0.5063492063492063
11.669999999999998,-2.596236290926757e-17,0.33437727942122375,0.0,0.0,0.5063492063492063
11.68,-2.619073268984208e-17,0.33439077051379956,0.0,0.0,0.5063492063492063
11.690000000000001,-2.6224089564496396e-17,0.3344050526970666,0.0,0.0,0.5063492063492063
11.7,-2.497929938484153e-17,0.33442011032189833,0.0,0.0,0.5238095238095238
11.71,-1.4146382268869566e-16,0.3344378334141428,0.0,0.0,0.5238095238095238
11.719999999999999,-1.3790410714671203e-16,0.33445971783019757,0.0,0.0,0.5238095238095238
11.73,-1.3608251188196744e-16,0.33448568125196326,0.0,0.0,0.5238095238095238
11.739999999999998,-1.3399717798737732e-16,0.3345156429897331,0.0,0.0,0.5238095238095238
11.75,-1.3020998410899014e-16,0.3345495239499807,0.0,0.0,0.5238095238095238
11.760000000000002,-7.36707736160845e-17,0.3345872466037837,0.0,0.0,0.5238095238095238
11.77,-7.563576827654658e-17,0.33462873495587514,0.0,0.0,0.5238095238095238
11.780000000000001,-7.529538622015939e-17,0.33467391451430634,0.0,0.0,0.5238095238095238
11.79,-9.600495989124564e-17,0.3347227122607044,0.0,0.0,0.5238095238095238
11.8,-1.1751056720404597e-16,0.33477505662112383,0.0,0.0,0.5238095238095238
11.809999999999999,-1.171263803919072e-16,0.33483087743747747,0.0,0.0,0.5238095238095238
11.82,-7.054135429309019e-17,0.33489010593952473,0.0,0.0,0.5238095238095238
11.829999999999998,-7.968338058113971e-17,0.3349526747174156,0.0,0.0,0.5238095238095238
11.84,-1.0868030314078304e-16,0.335018517694783,0.0,0.0,0.5238095238095238
11.850000000000001,-1.0608571563152844e-16,0.3350875701023639,0.0,0.0,0.5238095238095238
11.86,-1.0492630693037314e-16,0.33515976845214196,0.0,0.0,0.5238095238095238
11.870000000000001,-1.0273812148046417e-16,0.3352350505120012,0.0,0.0,0.5412698412698412
11.879999999999999,-2.1652521726255917e-16,0.3353152606462858,0.0,0.0,0.5412698412698412
11.89,-2.121043123000157e-16,0.33540184995316497,0.0,0.0,0.5412698412698412
11.899999999999999,-2.0756855356119233e-16,0.33549469224169853,0.0,0.0,0.06984126984126984
11.91,3.237717756803566e-15,0.3355422189513213,0.0,0.0,0.06984126984126984
11.919999999999998,2.567969847388668e-19,0.3355422189513238,0.0,0.0,0.06984126984126984
11.93,2.4697632006514153e-19,0.33554221895132547,0.0,0.0,0.06984126984126984
11.940000000000001,-2.505236571643883e-19,0.33554221895132713,0.0,0.0,0.06984126984126984
11.95,4.615436240432357e-20,0.3355422189513288,0.0,0.0,0.06984126984126984
11.96,-1.7163757473960982e-19,0.33554221895133046,0.0,0.0,0.06984126984126984
11.969999999999999,4.404193940400638e-20,0.3355422189513321,0.0,0.0,0.06984126984126984
11.98,-9.354278695666675e-19,0.3355422189513338,0.0,0.0,0.06984126984126984
11.989999999999998,-3.71347251708065e-19,0.33554221895133546,0.0,0.0,0.06984126984126984
12.0,-4.822041964428202e-19,0.3355422189513371,0.0,0.0,0.06984126984126984
12.010000000000002,-1.7742291530920182e-19,0.3355422189513388,0.0,0.0,0.06984126984126984
12.02,-3.7349526623188234e-19,0.33554221895134045,0.0,0.0,0.06984126984126984
12.030000000000001,4.1236812812895715e-19,0.3355422189513421,0.0,0.0,0.06984126984126984
12.04,-1.9579242140024577e-20,0.3355422189513438,0.0,0.0,0.06984126984126984
12.05,1.8857799734368518e-20,0.33554221895134545,0.0,0.0,0.06984126984126984
12.059999999999999,-6.427918140036505e-20,0.3355422189513471,0.0,0.0,0.06984126984126984
12.07,9.866138363898898e-19,0.3355422189513488,0.0,0.0,0.06984126984126984
12.079999999999998,3.0022252757455436e-19,0.33554221895135045,0.0,0.0,0.06984126984126984
12.09,1.5997898885177357e-19,0.3355422189513521,0.0,0.0,0.06984126984126984
12.100000000000001,-8.01377745139159e-19,0.3355422189513538,0.0,0.0,0.06984126984126984
12.11,-2.1500202694279496e-19,0.33554221895135544,0.0,0.0,0.06984126984126984
12.120000000000001,-1.2359985933432357e-20,0.3355422189513571,0.0,0.0,0.06984126984126984
12.129999999999999,-6.515204748055402e-19,0.3355422189513588,0.0,0.0,0.06984126984126984
12.14,6.686858325075712e-19,0.33554221895136044,0.0,0.0,0.06984126984126984
12.149999999999999,1.448445416334613e-20,0.3355422189513621,0.0,0.0,0.06984126984126984
12.16,1.9493896855239226e-19,0.33554221895136377,0.0,0.0,0.06984126984126984
12.169999999999998,-4.9251512054813334e-20,0.33554221895136543,0.0,0.0,0.06984126984126984
12.18,4.8762971449608316e-20,0.3355422189513671,0.0,0.0,0.06984126984126984
12.190000000000001,1.8153904194401158e-19,0.33554221895136876,0.0,0.0,0.06984126984126984
12.2,4.048051788237512e-19,0.33554221895137043,0.0,0.0,0.06984126984126984
12.21,-6.299600520960464e-20,0.3355422189513721,0.0,0.0,0.06984126984126984
12.219999999999999,3.738355087045655e-19,0.33554221895137376,0.0,0.0,0.06984126984126984
12.23,-3.8844685740158443e-19,0.3355422189513754,0.0,0.0,0.06984126984126984
12.239999999999998,3.097699887220448e-19,0.3355422189513771,0.0,0.0,0.06984126984126984
12.25,2.401160747265204e-19,0.33554221895137876,0.0,0.0,0.06984126984126984
12.260000000000002,7.567367540521421e-20,0.3355422189513804,0.0,0.0,0.06984126984126984
12.27,2.1233287638368757e-19,0.3355422189513821,0.0,0.0,0.06984126984126984
12.280000000000001,3.245146416395939e-19,0.33554221895138375,0.0,0.0,0.06984126984126984
12.29,1.0703459069672633e-19,0.3355422189513854,0.0,0.0,0.06984126984126984
12.3,5.574065282340602e-19,0.3355422189513871,0.0,0.0,0.06984126984126984
12.309999999999999,3.4060359487475823e-19,0.33554221895138875,0.0,0.0,0.06984126984126984
12.32,-3.1483319553424087e-19,0.3355422189513904,0.0,0.0,0.06984126984126984
12.329999999999998,5.373789226722334e-19,0.3355422189513921,0.0,0.0,0.06984126984126984
12.34,4.678326234365296e-19,0.33554221895139374,0.0,0.0,0.06984126984126984
12.350000000000001,4.583401699225585e-20,0.3355422189513954,0.0,0.0,0.06984126984126984
12.36,7.1887293546925e-19,0.3355422189513971,0.0,0.0,0.06984126984126984
12.370000000000001,-4.081702212586051e-19,0.33554221895139874,0.0,0.0,0.06984126984126984
12.379999999999999,1.6958978909349455e-18,0.3355422189514004,0.0,0.0,0.06984126984126984
12.39,3.0587359070038905e-19,0.33554221895140207,0.0,0.0,0.06984126984126984
12.399999999999999,9.406783593430157e-20,0.33554221895140374,0.0,0.0,0.06984126984126984
12.41,6.772523763977922e-19,0.3355422189514054,0.0,0.0,0.06984126984126984
12.419999999999998,-4.2204447813934615e-19,0.33554221895140707,0.0,0.0,0.06984126984126984
12.43,-2.1115602141029078e-20,0.33554221895140873,0.0,0.0,0.06984126984126984
12.440000000000001,5.177939086533026e-19,0.3355422189514104,0.0,0.0,0.06984126984126984
12.45,2.177905853401732e-19,0.33554221895141206,0.0,0.0,0.06984126984126984
12.46,3.1188734860121403e-19,0.33554221895141373,0.0,0.0,0.06984126984126984
12.469999999999999,5.343265122774768e-19,0.3355422189514154,0.0,0.0,0.06984126984126984
12.48,-1.463520601664892e-19,0.33554221895141706,0.0,0.0,0.06984126984126984
12.489999999999998,-5.476004744101548e-19,0.3355422189514187,0.0,0.0,0.06984126984126984
12.5,-5.331322227859976e-19,0.3355422189514204,0.0,0.0,0.06984126984126984
12.510000000000002,-1.5349597955462466e-19,0.33554221895142206,0.0,0.0,0.06984126984126984
12.52,-1.1709988066601502e-19,0.3355422189514237,0.0,0.0,0.06984126984126984
12.530000000000001,-1.477702539790211e-19,0.3355422189514254,0.0,0.0,0.06984126984126984
12.54,7.261385289895889e-19,0.33554221895142705,0.0,0.0,0.06984126984126984
12.55,1.1013491330024721e-18,0.3355422189514287,0.0,0.0,0.06984126984126984
12.559999999999999,-2.0373383943344477e-19,0.3355422189514304,0.0,0.0,0.06984126984126984
12.57,7.117192694604244e-19,0.33554221895143205,0.0,0.0,0.06984126984126984
12.579999999999998,1.198652477152755e-18,0.3355422189514337,0.0,0.0,0.06984126984126984
12.59,-4.0491934526761354e-19,0.3355422189514354,0.0,0.0,0.06984126984126984
12.600000000000001,1.9532480674555365e-19,0.33554221895143704,0.0,0.0,0.06984126984126984
12.61,1.1833118033193416e-18,0.3355422189514387,0.0,0.0,0.06984126984126984
12.620000000000001,1.8776593101405882e-19,0.3355422189514404,0.0,0.0,0.06984126984126984
12.629999999999999,3.680753200349137e-19,0.33554221895144204,0.0,0.0,0.06984126984126984
12.64,4.0316312998819254e-19,0.3355422189514437,0.0,0.0,0.06984126984126984
12.649999999999999,4.428686421456104e-19,0.33554221895144537,0.0,0.0,0.06984126984126984
12.66,4.570934318132629e-19,0.33554221895144704,0.0,0.0,0.06984126984126984
12.669999999999998,-1.1053782281005507e-19,0.3355422189514487,0.0,0.0,0.06984126984126984
12.68,2.74289914141571e-19,0.33554221895145037,0.0,0.0,0.06984126984126984
12.690000000000001,-3.092528689426656e-19,0.33554221895145203,0.0,0.0,0.06984126984126984
12.7,3.3590872757944476e-19,0.3355422189514537,0.0,0.0,0.06984126984126984
12.71,9.011756743598e-20,0.33554221895145536,0.0,0.0,0.06984126984126984
12.719999999999999,7.969069911507874e-19,0.335542218951457,0.0,0.0,0.06984126984126984
12.73,1.2192961297150812e-19,0.3355422189514587,0.0,0.0,0.06984126984126984
12.739999999999998,-9.667137624620597e-20,0.33554221895146036,0.0,0.0,0.06984126984126984
12.75,3.982697345895778e-19,0.335542218951462,0.0,0.0,0.06984126984126984
12.760000000000002,4.366286916933582e-19,0.3355422189514637,0.0,0.0,0.06984126984126984
12.77,5.545843261748904e-19,0.33554221895146535,0.0,0.0,0.06984126984126984
12.780000000000001,-3.53466288816859e-19,0.335542218951467,0.0,0.0,0.06984126984126984
12.79,4.536110386123057e-19,0.3355422189514687,0.0,0.0,0.06984126984126984
12.8,-5.341705901698832e-19,0.33554221895147035,0.0,0.0,0.06984126984126984
12.809999999999999,3.855480877244428e-19,0.335542218951472,0.0,0.0,0.06984126984126984
12.82,6.494355905315894e-19,0.3355422189514737,0.0,0.0,0.06984126984126984
12.829999999999998,-2.5503264212558414e-19,0.33554221895147535,0.0,0.0,0.06984126984126984
12.84,7.665415447615586e-19,0.335542218951477,0.0,0.0,0.06984126984126984
12.850000000000001,4.0502673688900156e-19,0.3355422189514787,0.0,0.0,0.06984126984126984
12.86,-4.37523193757157e-19,0.33554221895148034,0.0,0.0,0.06984126984126984
12.870000000000001,3.132333557155504e-19,0.335542218951482,0.0,0.0,0.06984126984126984
12.879999999999999,7.116768476836554e-19,0.3355422189514837,0.0,0.0,0.06984126984126984
12.89,7.806186528758254e-19,0.33554221895148534,0.0,0.0,0.06984126984126984
12.899999999999999,5.752525949633932e-19,0.335542218951487,0.0,0.0,0.06984126984126984
12.91,-2.7559237411607088e-19,0.33554221895148867,0.0,0.0,0.06984126984126984
12.919999999999998,-3.057410884573122e-19,0.33554221895149033,0.0,0.0,0.06984126984126984
12.93,2.3529553119563594e-19,0.335542218951492,0.0,0.0,0.06984126984126984
12.940000000000001,-3.318978123667288e-20,0.33554221895149366,0.0,0.0,0.08730158730158731
12.95,-5.122390955591485e-20,0.33554221895149533,0.0,0.0,0.08730158730158731
12.96,-3.25189344563398e-19,0.335542218951497,0.0,0.0,0.08730158730158731
12.969999999999999,-9.742910553698929e-20,0.33554221895149866,0.0,0.0,0.08730158730158731
12.98,-5.972282485755861e-19,0.3355422189515003,0.0,0.0,0.08730158730158731
12.989999999999998,-1.1634162343819173e-18,0.335542218951502,0.0,0.0,0.08730158730158731
13.0,-5.879780075844228e-19,0.33554221895150366,0.0,0.0,0.08730158730158731
13.010000000000002,-5.553191193822618e-19,0.3355422189515053,0.0,0.0,0.08730158730158731
13.02,-1.6986295761577226e-19,0.335542218951507,0.0,0.0,0.08730158730158731
13.030000000000001,-2.048809974176229e-19,0.33554221895150865,0.0,0.0,0.08730158730158731
13.04,-1.6952593461081246e-19,0.3355422189515103,0.0,0.0,0.08730158730158731
13.05,-5.2952832834974085e-20,0.335542218951512,0.0,0.0,0.08730158730158731
13.059999999999999,3.063266688061136e-19,0.33554221895151365,0.0,0.0,0.08730158730158731
13.07,-3.1959968578477534e-19,0.3355422189515153,0.0,0.0,0.08730158730158731
13.079999999999998,-5.357508454632892e-19,0.335542218951517,0.0,0.0,0.08730158730158731
13.09,2.1636477061895382e-20,0.33554221895151864,0.0,0.0,0.08730158730158731
13.100000000000001,-8.588486049952388e-19,0.3355422189515203,0.0,0.0,0.08730158730158731
13.11,-2.1754599235958364e-19,0.335542218951522,0.0,0.0,0.08730158730158731
13.120000000000001,1.292866833424265e-19,0.33554221895152364,0.0,0.0,0.08730158730158731
13.129999999999999,2.7041623472591187e-19,0.3355422189515253,0.0,0.0,0.08730158730158731
13.14,-5.2069043302945076e-20,0.33554221895152697,0.0,0.0,0.08730158730158731
13.149999999999999,-9.811983192313447e-19,0.33554221895152864,0.0,0.0,0.08730158730158731
13.16,-2.503373955421104e-19,0.3355422189515303,0.0,0.0,0.08730158730158731
13.169999999999998,-4.966227301823894e-19,0.33554221895153197,0.0,0.0,0.08730158730158731
13.18,-9.46696883584546e-19,0.33554221895153363,0.0,0.0,0.08730158730158731
13.190000000000001,1.9335340463999707e-19,0.3355422189515353,0.0,0.0,0.08730158730158731
13.2,-7.478544607882879e-19,0.33554221895153696,0.0,0.0,0.08730158730158731
13.21,-1.2461864761806633e-18,0.33554221895153863,0.0,0.0,0.08730158730158731
13.219999999999999,1.2653189975374105e-19,0.3355422189515403,0.0,0.0,0.08730158730158731
13.23,-8.636170615057881e-19,0.33554221895154196,0.0,0.0,0.08730158730158731
13.239999999999998,-1.1594050469686187e-18,0.3355422189515436,0.0,0.0,0.08730158730158731
13.25,-5.116379478844764e-19,0.3355422189515453,0.0,0.0,0.08730158730158731
13.260000000000002,-4.637595113341771e-20,0.33554221895154696,0.0,0.0,0.08730158730158731
13.27,-1.3133102407080372e-18,0.3355422189515486,0.0,0.0,0.08730158730158731
13.280000000000001,1.3644604928806329e-19,0.3355422189515503,0.0,0.0,0.08730158730158731
13.29,-7.400722159377526e-19,0.33554221895155195,0.0,0.0,0.08730158730158731
13.3,-6.735570890827129e-19,0.3355422189515536,0.0,0.0,0.08730158730158731
13.309999999999999,4.734856924495004e-19,0.3355422189515553,0.0,0.0,0.08730158730158731
13.32,-5.528288029548364e-19,0.33554221895155695,0.0,0.0,0.08730158730158731
13.329999999999998,4.564393144713055e-19,0.3355422189515586,0.0,0.0,0.08730158730158731
13.34,-1.0360130974585451e-18,0.3355422189515603,0.0,0.0,0.08730158730158731
13.350000000000001,1.0154694061965024e-18,0.33554221895156194,0.0,0.0,0.08730158730158731
13.36,2.6366077104381985e-19,0.3355422189515636,0.0,0.0,0.08730158730158731
13.370000000000001,-7.889199615934368e-19,0.3355422189515653,0.0,0.0,0.08730158730158731
13.379999999999999,-5.396314280178152e-20,0.33554221895156694,0.0,0.0,0.08730158730158731
13.39,5.770259402453402e-19,0.3355422189515686,0.0,0.0,0.08730158730158731
13.399999999999999,2.8872784677223185e-19,0.33554221895157027,0.0,0.0,0.08730158730158731
13.41,1.7772645268910345e-19,0.33554221895157194,0.0,0.0,0.08730158730158731
13.419999999999998,4.0956686570109207e-19,0.3355422189515736,0.0,0.0,0.08730158730158731
13.43,8.73162099501991e-20,0.33554221895157527,0.0,0.0,0.08730158730158731
13.440000000000001,-4.23470730410029e-19,0.33554221895157693,0.0,0.0,0.08730158730158731
13.45,-8.059655899585887e-19,0.3355422189515786,0.0,0.0,0.08730158730158731
13.46,-1.2754475812184408e-20,0.33554221895158026,0.0,0.0,0.08730158730158731
13.469999999999999,2.5145395195367776e-19,0.3355422189515819,0.0,0.0,0.08730158730158731
13.48,-4.96936666615227e-19,0.3355422189515836,0.0,0.0,0.08730158730158731
13.489999999999998,-3.7655540650990973e-19,0.33554221895158526,0.0,0.0,0.08730158730158731
13.5,4.175519301778064e-19,0.3355422189515869,0.0,0.0,0.08730158730158731
13.510000000000002,-6.393854265646964e-19,0.3355422189515886,0.0,0.0,0.08730158730158731
13.52,2.4206704362594644e-19,0.33554221895159025,0.0,0.0,0.08730158730158731
13.530000000000001,1.5405315480553438e-19,0.3355422189515919,0.0,0.0,0.08730158730158731
13.54,1.0317193115890225e-19,0.3355422189515936,0.0,0.0,0.08730158730158731
13.55,6.935372859832657e-19,0.33554221895159525,0.0,0.0,0.08730158730158731
13.559999999999999,-7.849390648685479e-21,0.3355422189515969,0.0,0.0,0.08730158730158731
13.57,9.153450780492757e-19,0.3355422189515986,0.0,0.0,0.08730158730158731
13.579999999999998,5.477196772724237e-19,0.33554221895160025,0.0,0.0,0.08730158730158731
13.59,5.630476930711159e-19,0.3355422189516019,0.0,0.0,0.08730158730158731
13.600000000000001,3.1096290046343455e-19,0.3355422189516036,0.0,0.0,0.08730158730158731
13.61,-1.4932128261939725e-19,0.33554221895160524,0.0,0.0,0.08730158730158731
13.620000000000001,1.5838047559814108e-19,0.3355422189516069,0.0,0.0,0.08730158730158731
13.629999999999999,-2.1682463486918732e-19,0.3355422189516086,0.0,0.0,0.08730158730158731
13.64,-4.425030352489619e-19,0.33554221895161024,0.0,0.0,0.08730158730158731
13.649999999999999,-4.587024910704058e-19,0.3355422189516119,0.0,0.0,0.08730158730158731
13.66,-1.110264711632897e-18,0.33554221895161357,0.0,0.0,0.08730158730158731
13.669999999999998,3.349460640366387e-19,0.33554221895161523,0.0,0.0,0.08730158730158731
13.68,-1.608499505185619e-19,0.3355422189516169,0.0,0.0,0.08730158730158731
13.690000000000001,2.5079411179496416e-19,0.33554221895161856,0.0,0.0,0.08730158730158731
13.7,-5.755374474480124e-19,0.33554221895162023,0.0,0.0,0.08730158730158731
13.71,2.2491388895436963e-19,0.3355422189516219,0.0,0.0,0.08730158730158731
13.719999999999999,7.787532443562552e-19,0.33554221895162356,0.0,0.0,0.08730158730158731
13.73,4.698741898418451e-19,0.3355422189516252,0.0,0.0,0.08730158730158731
13.739999999999998,7.650122532483017e-19,0.3355422189516269,0.0,0.0,0.08730158730158731
13.75,2.929390846307387e-19,0.33554221895162856,0.0,0.0,0.08730158730158731
13.760000000000002,7.112017956315872e-19,0.3355422189516302,0.0,0.0,0.08730158730158731
13.77,5.258746478608127e-19,0.3355422189516319,0.0,0.0,0.08730158730158731
13.780000000000001,2.7350085937558743e-19,0.33554221895163355,0.0,0.0,0.08730158730158731
13.79,4.094437258371549e-19,0.3355422189516352,0.0,0.0,0.08730158730158731
13.8,-2.10016334553717e-19,0.3355422189516369,0.0,0.0,0.08730158730158731
13.809999999999999,6.552554706189634e-20,0.33554221895163855,0.0,0.0,0.08730158730158731
13.82,-5.047089216572032e-19,0.3355422189516402,0.0,0.0,0.08730158730158731
13.829999999999998,-3.0860585051642387e-19,0.3355422189516419,0.0,0.0,0.08730158730158731
13.84,6.359921486265946e-19,0.33554221895164354,0.0,0.0,0.08730158730158731
13.850000000000001,-1.1744144899612906e-18,0.3355422189516452,0.0,0.0,0.08730158730158731
13.86,3.421643658900615e-19,0.3355422189516469,0.0,0.0,0.08730158730158731
13.870000000000001,-6.007665721558854e-19,0.33554221895164854,0.0,0.0,0.08730158730158731
13.879999999999999,5.227857854679238e-19,0.3355422189516502,0.0,0.0,0.08730158730158731
13.89,1.3363930982594382e-19,0.33554221895165187,0.0,0.0,0.08730158730158731
13.899999999999999,4.1123292055233555e-19,0.33554221895165354,0.0,0.0,0.08730158730158731
13.91,-5.2390807035726466e-20,0.3355422189516552,0.0,0.0,0.08730158730158731
13.919999999999998,1.4512682590322426e-20,0.33554221895165687,0.0,0.0,0.08730158730158731
13.93,4.7661246431660503e-20,0.33554221895165853,0.0,0.0,0.08730158730158731
13.940000000000001,-6.473504708536686e-19,0.3355422189516602,0.0,0.0,0.08730158730158731
13.95,-9.137317871816883e-19,0.33554221895166186,0.0,0.0,0.08730158730158731
13.96,1.1672598604001424e-18,0.33554221895166353,0.0,0.0,0.08730158730158731
13.969999999999999,-4.316031450347402e-20,0.3355422189516652,0.0,0.0,0.08730158730158731
13.98,-2.983117467088143e-20,0.33554221895166686,0.0,0.0,0.08730158730158731
13.989999999999998,1.537037058675634e-20,0.3355422189516685,0.0,0.0,0.08730158730158731
14.0,-3.0208616631858575e-19,0.3355422189516702,0.0,0.0,0.08730158730158731
14.010000000000002,-3.3442073578214955e-19,0.33554221895167186,0.0,0.0,0.08730158730158731
14.02,1.8249167392825595e-19,0.3355422189516735,0.0,0.0,0.08730158730158731
14.030000000000001,-1.4350726074144359e-21,0.3355422189516752,0.0,0.0,0.08730158730158731
14.04,-1.562716791870427e-19,0.33554221895167685,0.0,0.0,0.08730158730158731
14.05,-6.969272545849942e-19,0.3355422189516785,0.0,0.0,0.08730158730158731
14.059999999999999,3.917783325983805e-19,0.3355422189516802,0.0,0.0,0.08730158730158731
14.07,-7.74505607099902e-20,0.33554221895168185,0.0,0.0,0.08730158730158731
14.079999999999998,-3.4742545120382166e-19,0.3355422189516835,0.0,0.0,0.08730158730158731
14.09,-7.1898989444577975e-19,0.3355422189516852,0.0,0.0,0.08730158730158731
14.100000000000001,-1.0280040529124755e-18,0.33554221895168684,0.0,0.0,0.08730158730158731
14.11,-9.55905613750977e-19,0.3355422189516885,0.0,0.0,0.08730158730158731
14.120000000000001,-9.212002611841425e-19,0.3355422189516902,0.0,0.0,0.08730158730158731
14.129999999999999,-2.0035969573387494e-19,0.33554221895169184,0.0,0.0,0.08730158730158731
14.14,1.5218740898368237e-19,0.3355422189516935,0.0,0.0,0.08730158730158731
14.149999999999999,-1.890578803664065e-19,0.33554221895169517,0.0,0.0,0.08730158730158731
14.16,-3.463522388430946e-19,0.33554221895169684,0.0,0.0,0.08730158730158731
14.169999999999998,1.0946807970944057e-19,0.3355422189516985,0.0,0.0,0.08730158730158731
14.18,-3.524466801573567e-19,0.33554221895170017,0.0,0.0,0.08730158730158731
14.190000000000001,4.1499377211885213e-20,0.33554221895170183,0.0,0.0,0.08730158730158731
14.2,3.750786994788848e-19,0.3355422189517035,0.0,0.0,0.08730158730158731
14.21,3.1575915445601686e-19,0.33554221895170516,0.0,0.0,0.08730158730158731
14.219999999999999,4.745924977587389e-19,0.3355422189517068,0.0,0.0,0.08730158730158731
14.23,7.25946725703109e-19,0.3355422189517085,0.0,0.0,0.08730158730158731
14.239999999999998,1.1506474541224754e-19,0.33554221895171016,0.0,0.0,0.08730158730158731
14.25,-6.102492309305191e-19,0.3355422189517118,0.0,0.0,0.08730158730158731
14.260000000000002,-8.750894588928202e-20,0.3355422189517135,0.0,0.0,0.08730158730158731
14.27,-1.2939973272604672e-18,0.33554221895171515,0.0,0.0,0.08730158730158731
14.280000000000001,2.0106637986738515e-19,0.3355422189517168,0.0,0.0,0.08730158730158731
14.29,-6.631130192653544e-20,0.3355422189517185,0.0,0.0,0.08730158730158731
14.3,-1.8304229089060374e-19,0.33554221895172015,0.0,0.0,-1.065625
14.309999999999999,4.2833862079293595e-15,0.33548060408997143,0.0,0.0,-1.065625
14.32,3.718338094283569e-15,0.33530851579418225,0.0,0.0,-1.065625
14.329999999999998,3.6018482536823864e-15,0.3350281394177468,0.0,0.0,-1.065625
14.34,3.528320815271744e-15,0.3346416170840507,0.0,0.0,-1.065625
14.350000000000001,3.454806715557675e-15,0.3341510485416043,0.0,0.0,-1.065625
14.36,3.3814806852325098e-15,0.33355849200230187,0.0,0.0,-1.065625
14.370000000000001,3.311196829022283e-15,0.3328659649630874,0.0,0.0,-1.065625
14.379999999999999,3.2386131463339636e-15,0.332075445011366,0.0,0.0,-1.065625
14.39,3.1678187195715177e-15,0.3311888706144831,0.0,0.0,-1.065625
14.399999999999999,3.098092814371596e-15,0.3302081418935856,0.0,0.0,-1.065625
14.41,3.0304184816949394e-15,0.3291351213821759,0.0,0.0,-1.065625
14.419999999999998,2.9612810755549014e-15,0.3279716347696591,0.0,0.0,-1.065625
14.43,2.895079975942965e-15,0.32671947163018267,0.0,0.0,-1.065625
14.440000000000001,2.8297147759134133e-15,0.32538038613705755,0.0,0.0,-1.065625
14.45,2.763678216724851e-15,0.3239560977630479,0.0,0.0,-1.065625
14.46,2.700166047977929e-15,0.3224482919668066,0.0,0.0,-1.065625
14.469999999999999,2.634853292695945e-15,0.32085862086573286,0.0,0.0,-1.065625
14.48,2.5728011280050415e-15,0.3191887038955194,0.0,0.0,-1.065625
14.489999999999998,2.5113690324146052e-15,0.3174401284566519,0.0,0.0,-1.065625
14.5,2.4512106771331408e-15,0.3156144505481205,0.0,0.0,-1.065625
14.510000000000002,2.3908296575330658e-15,0.31371319538859516,0.0,0.0,-1.065625
14.52,2.3319487251315924e-15,0.31173785802531306,0.0,0.0,-1.065625
14.530000000000001,2.273622693497491e-15,0.3096899039309207,0.0,0.0,-1.065625
14.54,2.217611371891941e-15,0.3075707695885104,0.0,0.0,-1.065625
14.55,2.160874285018466e-15,0.3053818630650826,0.0,0.0,-1.065625
14.559999999999999,2.10612230817754e-15,0.30312456457366566,0.0,0.0,-1.065625
14.57,2.0521720471867205e-15,0.3008002270243142,0.0,0.0,-1.065625
14.579999999999998,1.9981801062652588e-15,0.29841017656420893,0.0,0.0,-1.065625
14.59,1.945394257458202e-15,0.2959557131070722,0.0,0.0,-1.065625
14.600000000000001,1.8940056681235367e-15,0.29343811085211047,0.0,0.0,-1.065625
14.61,1.8433578301169577e-15,0.2908586187926913,0.0,0.0,-1.065625
14.620000000000001,1.793658149507654e-15,0.28821846121495803,0.0,0.0,-1.065625
14.629999999999999,1.7447372357767954e-15,0.28551883818658114,0.0,0.0,-1.065625
14.64,1.6965365078982229e-15,0.28276092603584085,0.0,0.0,-1.065625
14.649999999999999,1.6504578169011236e-15,0.27994587782123265,0.0,0.0,-1.065625
14.66,1.601496624273477e-15,0.27707482379178383,0.0,0.0,-1.065625
14.669999999999998,1.5575615524353895e-15,0.2741488718382637,0.0,0.0,-1.065625
14.68,1.5138267782968765e-15,0.27116910793546756,0.0,0.0,-1.065625
14.690000000000001,1.4676307521033586e-15,0.26813659657575295,0.0,0.0,-1.065625
14.7,1.426427318348757e-15,0.2650523811939986,0.0,0.0,-1.065625
14.71,1.3833299199709436e-15,0.2619174845841574,0.0,0.0,-1.065625
14.719999999999999,1.3417365815842384e-15,0.25873290930756915,0.0,0.0,-1.065625
14.73,1.299949880800839e-15,0.25549963809319626,0.0,0.0,-1.065625
14.739999999999998,1.2599368596881312e-15,0.25221863422994223,0.0,0.0,-1.065625
14.75,1.2214778929012394e-15,0.24889084195120909,0.0,0.0,-1.065625
14.760000000000002,1.1816446255694601e-15,0.24551718681184787,0.0,0.0,-1.065625
14.77,1.1445079242375195e-15,0.2420985760576522,0.0,0.0,-1.065625
14.780000000000001,1.1081850722028015e-15,0.23863589898754278,0.0,0.0,-1.065625
14.79,1.071339170712714e-15,0.23513002730858742,0.0,0.0,-1.065625
14.8,1.0358221035371462e-15,0.23158181548399767,0.0,0.0,-1.065625
14.809999999999999,9.997792866443498e-16,0.2279921010742419,0.0,0.0,-1.065625
14.82,9.674196178924539e-16,0.22436170507141046,0.0,0.0,-1.065625
14.829999999999998,9.328026675116375e-16,0.22069143222696658,0.0,0.0,-1.065625
14.84,8.997428746980136e-16,0.21698207137301367,0.0,0.0,-1.065625
14.850000000000001,8.6707114394782e-16,0.21323439573720748,0.0,0.0,-1.065625
14.86,8.37184047238162e-16,0.20944916325143875,0.0,0.0,-1.065625
14.870000000000001,8.051946473401215e-16,0.20562711685440965,0.0,0.0,-1.065625
14.879999999999999,7.750812594131653e-16,0.20176898478822458,0.0,0.0,-1.065625
14.89,7.443936327497269e-16,0.19787548088911405,0.0,0.0,-1.065625
14.899999999999999,7.152529199935837e-16,0.19394730487240763,0.0,0.0,-1.065625
14.91,6.872861248240587e-16,0.1899851426118692,0.0,0.0,-1.065625
14.919999999999998,6.590634467316169e-16,0.1859896664135071,0.0,0.0,-1.065625
14.93,6.324677231966791e-16,0.18196153528396747,0.0,0.0,-1.065625
14.940000000000001,6.047967428415932e-16,0.1779013951936181,0.0,0.0,-1.065625
14.95,5.80398461535087e-16,0.17380987933442865,0.0,0.0,-1.065625
14.96,5.54036139224983e-16,0.16968760837274907,0.0,0.0,-1.065625
14.969999999999999,5.287624121598717e-16,0.1655351906970877,0.0,0.0,-1.065625
14.98,5.049684562382104e-16,0.16135322266098812,0.0,0.0,-1.065625
14.989999999999998,4.802400127457328e-16,0.15714228882110115,0.0,0.0,-1.065625
15.0,4.568686217407616e-16,0.15290296217054775,0.0,0.0,-1.065625
15.010000000000002,4.344272626406447e-16,0.1486358043676653,0.0,0.0,-1.065625
15.02,4.115872428148041e-16,0.144341365960229,0.0,0.0,-1.065625
15.030000000000001,3.8976270726523726e-16,0.14002018660523782,0.0,0.0,-1.065625
15.04,3.675456112437104e-16,0.13567279528435255,0.0,0.0,-1.065625
15.05,3.473330683310082e-16,0.13129971051507253,0.0,0.0,-1.065625
15.059999999999999,3.274122610678359e-16,0.12690144055773434,0.0,0.0,-1.065625
15.07,3.056494022717474e-16,0.12247848361841618,0.0,0.0,-1.065625
15.079999999999998,2.8656795442264805e-16,0.11803132804782823,0.0,0.0,-1.065625
15.09,2.675165621202822e-16,0.1135604525362687,0.0,0.0,-1.065625
15.100000000000001,2.4926329565652345e-16,0.10906632630472338,0.0,0.0,-1.065625
15.11,2.3080395065100653e-16,0.10454940929218466,0.0,0.0,-1.065625
15.120000000000001,2.1355259369875206e-16,0.10001015233926534,0.0,0.0,-1.065625
15.129999999999999,1.9671175660625217e-16,0.09544899736818013,0.0,0.0,-1.065625
15.14,1.791875496979215e-16,0.09086637755916682,0.0,0.0,-1.065625
15.149999999999999,1.6338088964013087e-16,0.08626271752341742,0.0,0.0,-1.065625
15.16,1.467367665618934e-16,0.08163843347258866,0.0,0.0,-1.065625
15.169999999999998,1.2977497940206195e-16,0.07699393338495909,0.0,0.0,-1.065625
15.18,1.1539382536785764e-16,0.07232961716829941,0.0,0.0,-1.065625
15.190000000000001,1.0101682832528513e-16,0.067645876819521,0.0,0.0,-1.065625
15.2,8.51441816598207e-17,0.06294309658116597,0.0,0.0,-1.065625
15.21,7.129554497724236e-17,0.0582216530948022,0.0,0.0,-1.065625
15.219999999999999,5.666968072183631e-17,0.053481915551383284,0.0,0.0,-1.065625
15.23,4.4498107174101275e-17,0.04872424583863464,0.0,0.0,-1.065625
15.239999999999998,3.2131915292409554e-17,0.04394899868552374,0.0,0.0,-1.065625
15.25,1.7982476271428e-17,0.03915652180387261,0.0,0.0,-1.065625
15.260000000000002,4.676409579014711e-18,0.03434715602716896,0.0,0.0,-1.065625
15.27,-7.879660150030336e-18,0.029521235446631412,0.0,0.0,-0.9109375000000001
15.280000000000001,1.7731618764140922e-17,0.024695967891158164,0.0,0.0,-0.9109375000000001
15.29,2.6894500094333597e-17,0.019885059928373673,0.0,0.0,-0.9109375000000001
15.3,3.689070561659741e-17,0.015088227500984347,0.0,0.0,-0.9109375000000001
15.309999999999999,4.551492257243401e-17,0.010305192170835514,0.0,0.0,-0.46406250000000004
15.32,4.2552282796325087e-16,0.0055844464534151395,0.0,0.0,-0.46406250000000004
15.329999999999998,4.915762936217073e-16,0.0009643922231342472,0.0,0.0,0.0
15.34,1.0699649462525479e-15,-0.0035063213300485976,0.0,0.0,0.0
15.350000000000001,1.1829593726563251e-15,-0.007789489963317835,0.0,0.0,0.0
15.36,1.2822838212795502e-15,-0.011888823635829873,0.0,0.0,0.19206349206349208
15.370000000000001,1.6657284820661687e-15,-0.01578699989802591,0.0,0.0,0.4365079365079365
15.379999999999999,2.165466095256456e-15,-0.019444288448810826,0.0,0.0,0.4365079365079365
15.39,2.2703374699457948e-15,-0.022843774284216422,0.0,0.0,0.6634920634920635
15.399999999999999,2.783065065417812e-15,-0.025965787432534193,0.0,0.0,0.9079365079365079
15.41,3.348096195779078e-15,-0.02876901007149788,0.0,0.0,0.9079365079365079
15.419999999999998,3.4236901062157197e-15,-0.031238068247671766,0.0,0.0,1.065079365079365
15.43,3.809207320223107e-15,-0.033362424016857586,0.0,0.0,1.065079365079365
15.440000000000001,3.843619010836801e-15,-0.03513495892680563,0.0,0.0,1.065079365079365
15.45,3.854130858640757e-15,-0.036562632595610836,0.0,0.0,1.065079365079365
15.46,3.8421992762793385e-15,-0.03765226696822354,0.0,0.0,1.065079365079365
15.469999999999999,3.812751411403527e-15,-0.038410549039859666,0.0,0.0,1.065079365079365
15.48,3.764158522654772e-15,-0.03884403352553716,0.0,0.0,1.065079365079365
15.489999999999998,1.3336025363846301e-15,-0.038961145476824825,0.0,0.0,1.065079365079365
15.5,1.305250457887028e-15,-0.038893308536781294,0.0,0.0,1.065079365079365
15.510000000000002,1.2759141723163856e-15,-0.03871522918196201,0.0,0.0,1.065079365079365
15.52,1.2458593199411076e-15,-0.038429088195809875,0.0,0.0,1.065079365079365
15.530000000000001,1.2135012059970528e-15,-0.03803702322214282,0.0,0.0,1.065079365079365
15.54,1.1809628884882043e-15,-0.037541129618529394,0.0,0.0,1.065079365079365
15.55,1.1475483637398566e-15,-0.036943461292783066,0.0,0.0,1.065079365079365
15.559999999999999,1.1129709021542457e-15,-0.03624603152290924,0.0,0.0,1.065079365079365
15.57,1.0784509188003146e-15,-0.03545081376083231,0.0,0.0,1.065079365079365
15.579999999999998,1.0400730344115863e-15,-0.03455974242022365,0.0,0.0,1.065079365079365
15.59,1.0065675861766302e-15,-0.03357471364874499,0.0,0.0,1.065079365079365
15.600000000000001,9.677132496171777e-16,-0.03249758608501552,0.0,0.0,1.065079365079365
15.61,9.327550129140706e-16,-0.03133018160060488,0.0,0.0,1.065079365079365
15.620000000000001,8.946540080643076e-16,-0.030074286027348237,0.0,0.0,1.065079365079365
15.629999999999999,1.1250598650579409e-15,-0.028731649870279357,0.0,0.0,1.065079365079365
15.64,8.853065553148192e-16,-0.027303989006461454,0.0,0.0,1.065079365079365
15.649999999999999,8.057409743356635e-16,-0.025792985369944763,0.0,0.0,1.065079365079365
15.66,7.460266522607778e-16,-0.024200287623254785,0.0,0.0,1.065079365079365
15.669999999999998,7.064757727196621e-16,-0.022527511815559502,0.0,0.0,0.9079365079365079
15.68,4.030691156304736e-16,-0.020793390316381104,0.0,0.0,0.9079365079365079
15.690000000000001,3.8117518507188706e-16,-0.01901307390358295,0.0,0.0,0.9079365079365079
15.7,3.6056478932219583e-16,-0.017187476391534683,0.0,0.0,0.9079365079365079
15.71,3.3883922274670036e-16,-0.015317493517795391,0.0,0.0,0.680952380952381
15.719999999999999,-1.310430807143664e-17,-0.013428773050858878,0.0,0.0,0.680952380952381
15.73,-1.1627534323022837e-17,-0.011541817243205162,0.0,0.0,0.680952380952381
15.739999999999998,-1.2065016093524124e-17,-0.009656591186856635,0.0,0.0,0.45396825396825397
15.75,-3.0071329397324094e-16,-0.007797830414530128,0.0,0.0,0.45396825396825397
15.760000000000002,-2.8259759825811297e-16,-0.0059851429885121816,0.0,0.0,0.45396825396825397
15.77,-2.6255114038465744e-16,-0.0042176174992424095,0.0,0.0,0.20952380952380953
15.780000000000001,-5.136887803565181e-16,-0.0025210356819511713,0.0,0.0,0.20952380952380953
15.79,-4.810866401993683e-16,-0.0009156743242794127,0.0,0.0,0.20952380952380953
15.8,-4.562295205268814e-16,0.0006002710704213978,0.0,0.0,0.22698412698412698
15.809999999999999,-4.0411832431864437e-16,0.002030474668167508,0.0,0.0,0.0
15.82,-5.866824168818421e-16,0.0033534114220499993,0.0,0.0,0.0
15.829999999999998,-5.510214110363787e-16,0.00455107166278023,0.0,0.0,0.0
15.84,-5.180141881845658e-16,0.00562593357397037,0.0,0.0,0.0
15.850000000000001,-4.884277995392029e-16,0.006580426316523854,0.0,0.0,0.0
15.86,-4.649450662667747e-16,0.007416930998388373,0.0,0.0,0.0
15.870000000000001,-4.410256665073944e-16,0.008137781625125498,0.0,0.0,0.0
15.879999999999999,-4.218509803915829e-16,0.008745266031676403,0.0,0.0,0.0
15.89,-4.044072441659339e-16,0.009241626795695672,0.0,0.0,0.0
15.899999999999999,-3.8841244267223865e-16,0.009629062132817806,0.0,0.0,0.0
15.91,-3.765787808211858e-16,0.009909726774213824,0.0,0.0,0.0
15.919999999999998,-3.6683264729874675e-16,0.010085732826788298,0.0,0.0,0.0
15.93,-3.58126303652575e-16,0.0101591506163602,0.0,0.0,0.0
15.940000000000001,7.630660670234457e-20,0.010161702879004246,0.0,0.0,0.0
15.95,1.1829326231076736e-18,0.010161702879004246,0.0,0.0,0.0
15.96,-8.483116673503266e-19,0.010161702879004246,0.0,0.0,0.0
15.969999999999999,4.71361546048302e-19,0.010161702879004246,0.0,0.0,0.0
15.98,7.749550011698574e-19,0.010161702879004246,0.0,0.0,0.0
15.989999999999998,6.960302750759762e-20,0.010161702879004246,0.0,0.0,0.0
16.0,4.333529028245328e-19,0.010161702879004246,0.0,0.0,0.0
16.01,-3.843402688606765e-19,0.010161702879004246,0.0,0.0,0.0
16.02,-3.1418519350097193e-19,0.010161702879004246,0.0,0.0,0.0
16.03,2.68113303747144e-19,0.010161702879004246,0.0,0.0,0.0
16.04,-4.1127806855931963e-19,0.010161702879004246,0.0,0.0,0.0
16.05,2.722577184964525e-19,0.010161702879004246,0.0,0.0,0.0
16.06,2.9428939562879027e-19,0.010161702879004246,0.0,0.0,0.0
16.07,1.947817181598957e-19,0.010161702879004246,0.0,0.0,0.0
16.08,-1.7734321515400756e-19,0.010161702879004246,0.0,0.0,0.0
16.09,1.3695235554661694e-18,0.010161702879004246,0.0,0.0,0.0
16.1,-2.7592154849993007e-19,0.010161702879004246,0.0,0.0,0.0
16.11,8.294883810428953e-19,0.010161702879004246,0.0,0.0,0.0
16.12,-4.2770412242559284e-19,0.010161702879004246,0.0,0.0,0.0
16.13,-2.2820990628241917e-19,0.010161702879004246,0.0,0.0,0.0
16.14,-8.466067837865702e-19,0.010161702879004246,0.0,0.0,0.0
16.15,-3.9463774726090345e-19,0.010161702879004246,0.0,0.0,0.0
16.16,-8.307252583270114e-19,0.010161702879004246,0.0,0.0,0.0
16.169999999999998,2.1287186641140973e-19,0.010161702879004246,0.0,0.0,0.0
16.18,-8.459181240843836e-20,0.010161702879004246,0.0,0.0,0.0
16.19,2.2591129136894553e-19,0.010161702879004246,0.0,0.0,0.0
16.2,3.791378025294925e-21,0.010161702879004246,0.0,0.0,0.0
16.21,3.015887608794302e-19,0.010161702879004246,0.0,0.0,0.0
16.22,-7.605881791716718e-19,0.010161702879004246,0.0,0.0,0.0
16.23,-2.854651924258623e-19,0.010161702879004246,0.0,0.0,0.0
16.24,-5.45474885308528e-19,0.010161702879004246,0.0,0.0,0.0
16.25,1.5995101600046806e-19,0.010161702879004246,0.0,0.0,0.0
16.26,-1.4876715150781927e-19,0.010161702879004246,0.0,0.0,0.0
16.27,-5.3633922102766284e-20,0.010161702879004246,0.0,0.0,0.0
16.28,-1.3166764494694153e-18,0.010161702879004246,0.0,0.0,0.0
16.29,-1.5838041154278922e-18,0.010161702879004246,0.0,0.0,0.0
16.3,-1.6253221750936431e-19,0.010161702879004246,0.0,0.0,0.0
16.31,-1.2269623408099571e-18,0.010161702879004246,0.0,0.0,0.0
16.32,1.2489637924341582e-20,0.010161702879004246,0.0,0.0,0.0
16.33,1.3195871530838106e-19,0.010161702879004246,0.0,0.0,0.0
16.34,4.725080306319272e-19,0.010161702879004246,0.0,0.0,0.0
16.35,-7.925904894463537e-19,0.010161702879004246,0.0,0.0,0.0
16.36,-7.969790673941276e-19,0.010161702879004246,0.0,0.0,0.0
16.37,-3.3981768401851204e-19,0.010161702879004246,0.0,0.0,0.0
16.38,3.293184450649644e-20,0.010161702879004246,0.0,0.0,0.0
16.39,-6.951711153018288e-19,0.010161702879004246,0.0,0.0,0.0
16.4,5.608796070096161e-19,0.010161702879004246,0.0,0.0,0.0
16.41,2.2384250084205313e-19,0.010161702879004246,0.0,0.0,0.0
16.419999999999998,1.4307597517444038e-19,0.010161702879004246,0.0,0.0,0.0
16.43,-7.352682319537192e-19,0.010161702879004246,0.0,0.0,0.0
16.44,-1.00074588479548e-18,0.010161702879004246,0.0,0.0,0.0
16.45,1.0177677611296181e-18,0.010161702879004246,0.0,0.0,0.0
16.46,-1.9984514443021717e-19,0.010161702879004246,0.0,0.0,0.0
16.47,-8.5068771024999775e-19,0.010161702879004246,0.0,0.0,0.0
16.48,-5.862890086455545e-19,0.010161702879004246,0.0,0.0,0.0
16.49,-3.3539022584289075e-19,0.010161702879004246,0.0,0.0,0.0
16.5,-8.341279773868743e-19,0.010161702879004246,0.0,0.0,0.0
16.51,-3.830491063826549e-19,0.010161702879004246,0.0,0.0,0.0
16.52,-7.351981360156932e-19,0.010161702879004246,0.0,0.0,0.0
16.53,5.685220768331125e-19,0.010161702879004246,0.0,0.0,0.0
16.54,2.1968623453609415e-19,0.010161702879004246,0.0,0.0,0.0
16.55,2.3299620889596365e-19,0.010161702879004246,0.0,0.0,0.0
16.56,1.3126389290078927e-18,0.010161702879004246,0.0,0.0,0.0
16.57,6.304962873615432e-19,0.010161702879004246,0.0,0.0,0.0
16.58,1.384139322285146e-19,0.010161702879004246,0.0,0.0,0.0
16.59,-7.914134430714077e-19,0.010161702879004246,0.0,0.0,0.0
16.6,-1.5750044485578891e-19,0.010161702879004246,0.0,0.0,0.0
16.61,-6.222095949806515e-19,0.010161702879004246,0.0,0.0,0.0
16.62,2.478222310819792e-19,0.010161702879004246,0.0,0.0,0.0
16.63,6.522868713627852e-19,0.010161702879004246,0.0,0.0,0.0
16.64,-1.4036437288886072e-19,0.010161702879004246,0.0,0.0,0.0
16.65,5.736448679643465e-19,0.010161702879004246,0.0,0.0,0.0
16.66,-1.9996953769771117e-19,0.010161702879004246,0.0,0.0,0.0
16.669999999999998,-7.743918841082034e-21,0.010161702879004246,0.0,0.0,0.0
16.68,5.742503773872397e-20,0.010161702879004246,0.0,0.0,0.0
16.69,-3.295498759821086e-19,0.010161702879004246,0.0,0.0,0.0
16.7,1.7764754817859413e-19,0.010161702879004246,0.0,0.0,0.0
16.71,-2.3769079241660366e-19,0.010161702879004246,0.0,0.0,0.0
16.72,1.7165097578892906e-19,0.010161702879004246,0.0,0.0,0.0
16.73,-4.857969749187393e-19,0.010161702879004246,0.0,0.0,0.0
16.74,-3.484137625503268e-19,0.010161702879004246,0.0,0.0,0.0
16.75,-2.4189168892590783e-20,0.010161702879004246,0.0,0.0,0.0
16.76,-1.1772279225367043e-18,0.010161702879004246,0.0,0.0,0.0
16.77,3.4356428131358583e-19,0.010161702879004246,0.0,0.0,0.0
16.78,-4.296662973298366e-19,0.010161702879004246,0.0,0.0,0.0
16.79,-1.2926452821636136e-18,0.010161702879004246,0.0,0.0,0.0
16.8,-1.5901994736777406e-18,0.010161702879004246,0.0,0.0,0.0
16.81,-5.69669237291013e-19,0.010161702879004246,0.0,0.0,0.0
16.82,4.879486617764562e-19,0.010161702879004246,0.0,0.0,0.0
16.83,-3.136644230797897e-19,0.010161702879004246,0.0,0.0,0.0
16.84,1.093015278406991e-19,0.010161702879004246,0.0,0.0,0.0
16.85,-2.1619483962870287e-19,0.010161702879004246,0.0,0.0,0.0
16.86,-4.224161873763706e-19,0.010161702879004246,0.0,0.0,0.0
16.87,-5.8883085871006395e-19,0.010161702879004246,0.0,0.0,0.0
16.88,4.963473879736849e-19,0.010161702879004246,0.0,0.0,0.0
16.89,-1.176939845487887e-19,0.010161702879004246,0.0,0.0,0.0
16.9,-1.6129917623137231e-19,0.010161702879004246,0.0,0.0,0.0
16.91,-5.086656988235154e-19,0.010161702879004246,0.0,0.0,0.0
16.919999999999998,1.6055826220255207e-19,0.010161702879004246,0.0,0.0,0.0
16.93,-1.9274836593266502e-19,0.010161702879004246,0.0,0.0,0.0
16.94,-3.364762677106919e-19,0.010161702879004246,0.0,0.0,0.0
16.95,2.3883865764774774e-20,0.010161702879004246,0.0,0.0,0.0
16.96,-9.140495153994385e-19,0.010161702879004246,0.0,0.0,0.0
16.97,-1.0165925577064714e-20,0.010161702879004246,0.0,0.0,0.0
16.98,-9.021601279131943e-19,0.010161702879004246,0.0,0.0,0.0
16.99,4.569080036470937e-20,0.010161702879004246,0.0,0.0,0.0
17.0,-4.645115967370698e-19,0.010161702879004246,0.0,0.0,0.0
17.01,5.964683892490668e-19,0.010161702879004246,0.0,0.0,0.0
17.02,2.272890909405391e-19,0.010161702879004246,0.0,0.0,0.0
17.03,-7.45542784884468e-19,0.010161702879004246,0.0,0.0,0.0
17.04,-4.358462597710066e-19,0.010161702879004246,0.0,0.0,0.0
17.05,3.163120362011466e-19,0.010161702879004246,0.0,0.0,0.0
17.06,3.046075318867784e-20,0.010161702879004246,0.0,0.0,0.0
17.07,3.292574146845191e-19,0.010161702879004246,0.0,0.0,0.0
17.08,-4.348890228318495e-19,0.010161702879004246,0.0,0.0,0.0
17.09,5.988864527101196e-19,0.010161702879004246,0.0,0.0,0.0
17.1,-1.2139113304324303e-18,0.010161702879004246,0.0,0.0,0.0
17.11,-7.833743987362317e-19,0.010161702879004246,0.0,0.0,0.0
17.12,-8.443968482064961e-19,0.010161702879004246,0.0,0.0,0.0
17.13,3.979284677285337e-19,0.010161702879004246,0.0,0.0,0.0
17.14,-4.790185061116765e-19,0.010161702879004246,0.0,0.0,0.0
17.15,-2.9414917406494435e-19,0.010161702879004246,0.0,0.0,0.0
17.16,-3.5975863816270405e-19,0.010161702879004246,0.0,0.0,0.0
17.169999999999998,-5.755762918978387e-19,0.010161702879004246,0.0,0.0,0.0
17.18,8.15230041208522e-21,0.010161702879004246,0.0,0.0,0.0
17.19,3.5850981313759224e-19,0.010161702879004246,0.0,0.0,0.0
17.2,-7.005859978341477e-19,0.010161702879004246,0.0,0.0,0.0
17.21,6.757399864206454e-20,0.010161702879004246,0.0,0.0,0.0
17.22,-4.813741586611181e-19,0.010161702879004246,0.0,0.0,0.0
17.23,-9.612950342412508e-19,0.010161702879004246,0.0,0.0,0.0
17.24,-1.7005092764709736e-18,0.010161702879004246,0.0,0.0,0.0
17.25,-1.0202762781304982e-18,0.010161702879004246,0.0,0.0,0.0
17.26,-4.462684989249055e-19,0.010161702879004246,0.0,0.0,0.0
17.27,-7.920025239358876e-19,0.010161702879004246,0.0,0.0,0.0
17.28,-4.368374975303728e-19,0.010161702879004246,0.0,0.0,0.0
17.29,-2.082855625201338e-19,0.010161702879004246,0.0,0.0,0.0
17.3,-1.5590492380336952e-19,0.010161702879004246,0.0,0.0,0.0
17.31,-4.716791869158613e-19,0.010161702879004246,0.0,0.0,0.0
17.32,-9.24991708609465e-19,0.010161702879004246,0.0,0.0,0.0
17.33,-1.5427040184926136e-18,0.010161702879004246,0.0,0.0,0.0
17.34,-2.707756688294882e-19,0.010161702879004246,0.0,0.0,0.0
17.35,7.4676336060222e-19,0.010161702879004246,0.0,0.0,0.0
17.36,-8.023695557393516e-19,0.010161702879004246,0.0,0.0,0.0
17.37,4.466179428498782e-19,0.010161702879004246,0.0,0.0,0.0
17.38,4.016857615335465e-19,0.010161702879004246,0.0,0.0,0.0
17.39,4.84313589343553e-19,0.010161702879004246,0.0,0.0,0.0
17.4,-1.7889231825898234e-18,0.010161702879004246,0.0,0.0,0.0
17.41,1.417164244601927e-19,0.010161702879004246,0.0,0.0,0.0
17.419999999999998,-1.0802450476754247e-18,0.010161702879004246,0.0,0.0,0.0
17.43,1.2046267152461181e-19,0.010161702879004246,0.0,0.0,0.0
17.44,-8.208424405448163e-20,0.010161702879004246,0.0,0.0,0.0
17.45,-8.3665773808046e-19,0.010161702879004246,0.0,0.0,0.0
17.46,-4.779335023425899e-19,0.010161702879004246,0.0,0.0,0.0
17.47,2.721780840979285e-19,0.010161702879004246,0.0,0.0,0.0
17.48,6.293508109331259e-19,0.010161702879004246,0.0,0.0,0.0
17.49,1.365118002066582e-19,0.010161702879004246,0.0,0.0,0.0
17.5,5.21273227017283e-19,0.010161702879004246,0.0,0.0,0.0
17.51,2.3323707377889657e-19,0.010161702879004246,0.0,0.0,0.0
17.52,-5.578045356068371e-19,0.010161702879004246,0.0,0.0,0.0
17.53,-5.89095213066611e-19,0.010161702879004246,0.0,0.0,0.0
17.54,-7.085120491665011e-19,0.010161702879004246,0.0,0.0,0.0
17.55,-2.7295821641154057e-19,0.010161702879004246,0.0,0.0,0.0
17.56,-1.210449195308924e-18,0.010161702879004246,0.0,0.0,0.0
17.57,-3.78214856159545e-19,0.010161702879004246,0.0,0.0,0.0
17.58,2.1230906601601632e-19,0.010161702879004246,0.0,0.0,0.0
17.59,-9.878566981459545e-19,0.010161702879004246,0.0,0.0,0.0
17.6,-2.456833051645854e-19,0.010161702879004246,0.0,0.0,0.0
17.61,-8.66257817546499e-19,0.010161702879004246,0.0,0.0,0.0
17.62,-1.857707828409507e-19,0.010161702879004246,0.0,0.0,0.0
17.63,8.213664823308141e-20,0.010161702879004246,0.0,0.0,0.0
17.64,6.231523940829899e-19,0.010161702879004246,0.0,0.0,0.0
17.65,-8.97131343500039e-19,0.010161702879004246,0.0,0.0,0.0
17.66,1.506041446631197e-19,0.010161702879004246,0.0,0.0,0.0
17.669999999999998,-2.523462126091386e-19,0.010161702879004246,0.0,0.0,0.0
17.68,6.668060895150889e-19,0.010161702879004246,0.0,0.0,0.0
17.69,-9.60622311850726e-20,0.010161702879004246,0.0,0.0,0.0
17.7,8.403051353236352e-19,0.010161702879004246,0.0,0.0,0.0
17.71,-5.253328836640943e-19,0.010161702879004246,0.0,0.0,0.0
17.72,2.1121356344845786e-19,0.010161702879004246,0.0,0.0,0.0
17.73,-5.526793329686246e-19,0.010161702879004246,0.0,0.0,0.0
17.74,-6.1434237924536435e-19,0.010161702879004246,0.0,0.0,0.0
17.75,-1.1159373012316219e-18,0.010161702879004246,0.0,0.0,0.0
17.76,3.6679067035278103e-19,0.010161702879004246,0.0,0.0,0.0
17.77,2.145286312034641e-19,0.010161702879004246,0.0,0.0,0.0
17.78,-1.1793083157310613e-20,0.010161702879004246,0.0,0.0,0.0
17.79,-2.627457406344265e-19,0.010161702879004246,0.0,0.0,0.0
17.8,-1.6827127190222997e-18,0.010161702879004246,0.0,0.0,0.0
17.81,9.954247990894188e-20,0.010161702879004246,0.0,0.0,0.0
17.82,-3.325041924200151e-19,0.010161702879004246,0.0,0.0,0.0
17.83,1.2928841950170997e-19,0.010161702879004246,0.0,0.0,0.0
17.84,1.24007201015033e-19,0.010161702879004246,0.0,0.0,0.0
17.85,1.0204510256970777e-18,0.010161702879004246,0.0,0.0,0.0
17.86,-1.011084688482684e-18,0.010161702879004246,0.0,0.0,0.0
17.87,6.324161892676891e-19,0.010161702879004246,0.0,0.0,0.0
17.88,-6.580197034508591e-19,0.010161702879004246,0.0,0.0,0.0
17.89,-1.1336437756798427e-18,0.010161702879004246,0.0,0.0,0.0
17.9,-7.775225951770498e-19,0.010161702879004246,0.0,0.0,0.0
17.91,-1.3452359438503142e-19,0.010161702879004246,0.0,0.0,0.0
17.919999999999998,-1.130863370670255e-19,0.010161702879004246,0.0,0.0,0.0
17.93,-5.52569415206301e-19,0.010161702879004246,0.0,0.0,0.0
17.94,1.955861556472916e-19,0.010161702879004246,0.0,0.0,0.0
17.95,-2.8094685731686185e-19,0.010161702879004246,0.0,0.0,0.0
17.96,2.116837155740581e-19,0.010161702879004246,0.0,0.0,0.0
17.97,-8.396763053145855e-19,0.010161702879004246,0.0,0.0,0.0
17.98,-7.244414371018911e-19,0.010161702879004246,0.0,0.0,0.0
17.99,-9.546076472813638e-19,0.010161702879004246,0.0,0.0,0.0
18.0,-4.508796555951535e-19,0.010161702879004246,0.0,0.0,0.0
18.01,3.3921530235127564e-19,0.010161702879004246,0.0,0.0,0.0
18.02,1.3140203442728154e-18,0.010161702879004246,0.0,0.0,0.0
18.03,-5.512959979355872e-19,0.010161702879004246,0.0,0.0,0.0
18.04,5.3968497824688874e-20,0.010161702879004246,0.0,0.0,0.0
18.05,6.138165254088992e-19,0.010161702879004246,0.0,0.0,0.0
18.06,1.0978310847849396e-19,0.010161702879004246,0.0,0.0,0.0
18.07,-1.2207968227303615e-18,0.010161702879004246,0.0,0.0,0.0
18.08,-3.2487869853734206e-19,0.010161702879004246,0.0,0.0,0.0
18.09,-3.61089189383208e-19,0.010161702879004246,0.0,0.0,0.0
18.1,-1.9494137184011934e-19,0.010161702879004246,0.0,0.0,0.0
18.11,1.2556776205803902e-18,0.010161702879004246,0.0,0.0,0.0
18.12,-1.2669315232624042e-18,0.010161702879004246,0.0,0.0,0.0
18.13,6.233064627285117e-19,0.010161702879004246,0.0,0.0,0.0
18.14,4.0620707175873715e-20,0.010161702879004246,0.0,0.0,0.0
18.15,-9.828884568245541e-19,0.010161702879004246,0.0,0.0,0.0
18.16,-7.663528542135808e-19,0.010161702879004246,0.0,0.0,0.0
18.169999999999998,-8.273046157291631e-19,0.010161702879004246,0.0,0.0,0.0
18.18,-5.585266624849992e-19,0.010161702879004246,0.0,0.0,0.0
18.19,-1.0435687259635766e-18,0.010161702879004246,0.0,0.0,0.0
18.2,3.6245237521628684e-19,0.010161702879004246,0.0,0.0,0.0
18.21,-9.007167715278119e-20,0.010161702879004246,0.0,0.0,0.0
18.22,2.3485568804845816e-19,0.010161702879004246,0.0,0.0,0.0
18.23,-9.708163848603982e-19,0.010161702879004246,0.0,0.0,0.0
18.24,2.574322977269142e-19,0.010161702879004246,0.0,0.0,0.0
18.25,-8.865137296522417e-19,0.010161702879004246,0.0,0.0,0.0
18.26,6.447593577868552e-20,0.010161702879004246,0.0,0.0,0.0
18.27,3.3975465509394717e-19,0.010161702879004246,0.0,0.0,0.0
18.28,-1.0703840432191356e-18,0.010161702879004246,0.0,0.0,0.0
18.29,-1.7543061769888683e-18,0.010161702879004246,0.0,0.0,0.0
18.3,-1.1058747257802003e-18,0.010161702879004246,0.0,0.0,0.0
18.31,-9.37780203658215e-19,0.010161702879004246,0.0,0.0,0.0
18.32,-5.401042160459242e-19,0.010161702879004246,0.0,0.0,0.0
18.33,5.006955605085134e-19,0.010161702879004246,0.0,0.0,0.0
18.34,2.830034576618596e-19,0.010161702879004246,0.0,0.0,0.0
18.35,-2.8968509038831345e-19,0.010161702879004246,0.0,0.0,0.0
18.36,-7.35120260474637e-19,0.010161702879004246,0.0,0.0,0.0
18.37,-3.4542740013157162e-19,0.010161702879004246,0.0,0.0,0.0
18.38,-3.3925585608312817e-19,0.010161702879004246,0.0,0.0,0.0
18.39,-4.888536741855494e-19,0.010161702879004246,0.0,0.0,0.0
18.4,-8.978746117090395e-19,0.010161702879004246,0.0,0.0,0.0
18.41,-7.793693914969441e-20,0.010161702879004246,0.0,0.0,0.0
18.419999999999998,-4.932318941387575e-19,0.010161702879004246,0.0,0.0,0.0
18.43,-6.272199635305848e-19,0.010161702879004246,0.0,0.0,0.0
18.44,5.161660242667253e-19,0.010161702879004246,0.0,0.0,0.0
18.45,-3.4569531992079156e-19,0.010161702879004246,0.0,0.0,0.0
18.46,2.8519910164387247e-19,0.010161702879004246,0.0,0.0,0.0
18.47,-8.412844529555388e-19,0.010161702879004246,0.0,0.0,0.0
18.48,-1.6024880772645095e-18,0.010161702879004246,0.0,0.0,0.0
18.49,2.291072949852854e-19,0.010161702879004246,0.0,0.0,0.0
18.5,-6.397727860264022e-19,0.010161702879004246,0.0,0.0,0.0
18.51,5.853696216544724e-19,0.010161702879004246,0.0,0.0,0.0
18.52,-9.395971806315294e-19,0.010161702879004246,0.0,0.0,0.0
18.53,3.476273181159824e-20,0.010161702879004246,0.0,0.0,0.0
18.54,-1.125549197455373e-18,0.010161702879004246,0.0,0.0,0.0
18.55,-1.6246599320867022e-19,0.010161702879004246,0.0,0.0,0.0
18.56,-4.2520646063682913e-19,0.010161702879004246,0.0,0.0,0.0
18.57,1.2881243975626182e-18,0.010161702879004246,0.0,0.0,0.0
18.58,-1.7553454344054697e-19,0.010161702879004246,0.0,0.0,0.0
18.59,6.33639624249027e-20,0.010161702879004246,0.0,0.0,0.0
18.6,-1.1180569933310129e-18,0.010161702879004246,0.0,0.0,0.0
18.61,1.2220232730404497e-19,0.010161702879004246,0.0,0.0,0.0
18.62,1.049907281727537e-18,0.010161702879004246,0.0,0.0,0.0
18.63,-1.243981319017457e-19,0.010161702879004246,0.0,0.0,0.0
18.64,-1.6303836498690243e-19,0.010161702879004246,0.0,0.0,0.0
18.65,5.333486506642443e-19,0.010161702879004246,0.0,0.0,0.0
18.66,4.275042758031379e-19,0.010161702879004246,0.0,0.0,0.0
18.669999999999998,1.2160103868810441e-20,0.010161702879004246,0.0,0.0,0.0
18.68,7.172287008320218e-19,0.010161702879004246,0.0,0.0,0.0
18.69,4.583914370858787e-19,0.010161702879004246,0.0,0.0,0.0
18.7,2.0466060426744689e-19,0.010161702879004246,0.0,0.0,0.0
18.71,-4.286767596957577e-19,0.010161702879004246,0.0,0.0,0.0
18.72,1.8305290718703027e-19,0.010161702879004246,0.0,0.0,0.0
18.73,-7.873547818329725e-19,0.010161702879004246,0.0,0.0,0.0
18.74,-4.2589267507087915e-21,0.010161702879004246,0.0,0.0,0.0
18.75,-1.03620151293892e-18,0.010161702879004246,0.0,0.0,0.0
18.76,5.030599209616589e-19,0.010161702879004246,0.0,0.0,0.0
18.77,-8.648785546920323e-19,0.010161702879004246,0.0,0.0,0.0
18.78,-7.28092113956118e-19,0.010161702879004246,0.0,0.0,0.0
18.79,-4.1942786017410055e-19,0.010161702879004246,0.0,0.0,0.0
18.8,2.4195152473562007e-19,0.010161702879004246,0.0,0.0,0.0
18.81,5.549216446133757e-19,0.010161702879004246,0.0,0.0,0.0
18.82,-7.797691517377461e-19,0.010161702879004246,0.0,0.0,0.0
18.83,-1.2208449300361904e-18,0.010161702879004246,0.0,0.0,0.0
18.84,-5.478320644731106e-19,0.010161702879004246,0.0,0.0,0.0
18.85,2.6588059081052916e-19,0.010161702879004246,0.0,0.0,0.0
18.86,-2.6212272872083564e-20,0.010161702879004246,0.0,0.0,0.0
18.87,5.971610264241239e-19,0.010161702879004246,0.0,0.0,0.0
18.88,-1.5699860996034312e-18,0.010161702879004246,0.0,0.0,0.0
18.89,2.6313616171073197e-19,0.010161702879004246,0.0,0.0,0.0
18.9,-6.230142132765062e-19,0.010161702879004246,0.0,0.0,0.0
18.91,-4.927251521977542e-19,0.010161702879004246,0.0,0.0,0.0
18.919999999999998,-6.384704364115424e-19,0.010161702879004246,0.0,0.0,0.0
18.93,3.2488412967471095e-19,0.010161702879004246,0.0,0.0,0.0
18.94,2.425700388958689e-19,0.010161702879004246,0.0,0.0,0.0
18.95,6.011168264532964e-19,0.010161702879004246,0.0,0.0,0.0
18.96,-1.2202422689808851e-19,0.010161702879004246,0.0,0.0,0.0
18.97,-7.01537187986308e-19,0.010161702879004246,0.0,0.0,0.0
18.98,-7.696476232189107e-19,0.010161702879004246,0.0,0.0,0.0
18.99,-1.8562723361988946e-18,0.010161702879004246,0.0,0.0,0.0
19.0,-2.4606426752689547e-19,0.010161702879004246,0.0,0.0,0.0
19.01,2.660611745695499e-19,0.010161702879004246,0.0,0.0,0.0
19.02,-1.5850531579219025e-19,0.010161702879004246,0.0,0.0,0.0
19.03,-1.18565998984171e-18,0.010161702879004246,0.0,0.0,0.0
19.04,4.946653244371902e-19,0.010161702879004246,0.0,0.0,0.0
19.05,-6.798548888358185e-20,0.010161702879004246,0.0,0.0,0.0
19.06,3.41663526074925e-19,0.010161702879004246,0.0,0.0,0.0
19.07,-1.8915912593279905e-19,0.010161702879004246,0.0,0.0,0.0
19.08,1.0750538326375863e-19,0.010161702879004246,0.0,0.0,0.0
19.09,-7.537855877839202e-19,0.010161702879004246,0.0,0.0,0.0
19.1,-1.1993640998037596e-19,0.010161702879004246,0.0,0.0,0.0
19.11,7.026683551775526e-19,0.010161702879004246,0.0,0.0,0.0
19.12,-7.701985993800764e-19,0.010161702879004246,0.0,0.0,0.0
19.13,-6.586489740298034e-19,0.010161702879004246,0.0,0.0,0.0
19.14,1.057089605856993e-19,0.010161702879004246,0.0,0.0,0.0
19.15,7.405928466246892e-20,0.010161702879004246,0.0,0.0,0.0
19.16,-1.178211023426451e-18,0.010161702879004246,0.0,0.0,0.0
19.169999999999998,6.589890508700115e-19,0.010161702879004246,0.0,0.0,0.0
19.18,-1.9789722905759334e-19,0.010161702879004246,0.0,0.0,0.0
19.19,9.64119032234566e-19,0.010161702879004246,0.0,0.0,0.0
19.2,2.889541325499787e-19,0.010161702879004246,0.0,0.0,0.0
19.21,-1.2476841368721078e-18,0.010161702879004246,0.0,0.0,0.0
19.22,1.1932399029082708e-18,0.010161702879004246,0.0,0.0,0.0
19.23,5.608758909332734e-20,0.010161702879004246,0.0,0.0,0.0
19.24,-2.734082667888457e-19,0.010161702879004246,0.0,0.0,0.0
19.25,-5.295112870155325e-19,0.010161702879004246,0.0,0.0,0.0
19.26,-4.620388151522995e-19,0.010161702879004246,0.0,0.0,0.0
19.27,-8.450254126573579e-19,0.010161702879004246,0.0,0.0,0.0
19.28,-3.1047833152643357e-19,0.010161702879004246,0.0,0.0,0.0
19.29,-7.737535846206652e-19,0.010161702879004246,0.0,0.0,0.0
19.3,5.187477413063643e-19,0.010161702879004246,0.0,0.0,0.0
19.31,-5.062182214706876e-19,0.010161702879004246,0.0,0.0,0.0
19.32,2.6170027019284246e-19,0.010161702879004246,0.0,0.0,0.0
19.33,-5.889702256719734e-19,0.010161702879004246,0.0,0.0,0.0
19.34,4.1178764948141306e-19,0.010161702879004246,0.0,0.0,0.0
19.35,-9.660318065640523e-19,0.010161702879004246,0.0,0.0,0.0
19.36,3.7108680067728887e-19,0.010161702879004246,0.0,0.0,0.0
19.37,6.622758523780953e-19,0.010161702879004246,0.0,0.0,0.0
19.38,-5.907196406107754e-19,0.010161702879004246,0.0,0.0,0.0
19.39,-1.1428115257046365e-19,0.010161702879004246,0.0,0.0,0.0
19.4,-1.040797508522465e-18,0.010161702879004246,0.0,0.0,0.0
19.41,5.544742979935056e-20,0.010161702879004246,0.0,0.0,0.0
19.419999999999998,-1.0975295674200367e-19,0.010161702879004246,0.0,0.0,0.0
19.43,-5.613664123779212e-19,0.010161702879004246,0.0,0.0,0.0
19.44,-5.353093887840592e-19,0.010161702879004246,0.0,0.0,0.0
19.45,3.4605126613415306e-19,0.010161702879004246,0.0,0.0,0.0
19.46,-4.514320260652213e-19,0.010161702879004246,0.0,0.0,0.0
19.47,3.365548097329838e-20,0.010161702879004246,0.0,0.0,0.0
19.48,3.2439298499340533e-19,0.010161702879004246,0.0,0.0,0.0
19.49,-5.808766136185228e-19,0.010161702879004246,0.0,0.0,0.0
19.5,-1.996238938694552e-19,0.010161702879004246,0.0,0.0,0.0
19.51,-8.570872526219281e-19,0.010161702879004246,0.0,0.0,0.0
19.52,6.127852173177643e-20,0.010161702879004246,0.0,0.0,0.0
19.53,-3.4593847643597467e-19,0.010161702879004246,0.0,0.0,0.0
19.54,-5.420931885073758e-19,0.010161702879004246,0.0,0.0,0.0
19.55,2.994751669959207e-20,0.010161702879004246,0.0,0.0,0.0
19.56,-7.090275615334465e-19,0.010161702879004246,0.0,0.0,0.0
19.57,-2.861468618666794e-19,0.010161702879004246,0.0,0.0,0.0
19.58,-4.599568448477805e-19,0.010161702879004246,0.0,0.0,0.0
19.59,5.276601507745067e-19,0.010161702879004246,0.0,0.0,0.0
19.6,2.400255173009099e-19,0.010161702879004246,0.0,0.0,0.0
19.61,-2.063746199973881e-20,0.010161702879004246,0.0,0.0,0.0
19.62,3.269851101168184e-19,0.010161702879004246,0.0,0.0,0.0
19.63,1.4293319221666216e-19,0.010161702879004246,0.0,0.0,0.0
19.64,9.679323589367966e-19,0.010161702879004246,0.0,0.0,0.0
19.65,-6.572083060046183e-19,0.010161702879004246,0.0,0.0,0.0
19.66,1.2239385039005521e-19,0.010161702879004246,0.0,0.0,0.0
19.669999999999998,-4.165319326422003e-19,0.010161702879004246,0.0,0.0,0.0
19.68,5.875459009110052e-19,0.010161702879004246,0.0,0.0,0.0
19.69,5.751795286546816e-19,0.010161702879004246,0.0,0.0,0.0
19.7,6.962878657943126e-19,0.010161702879004246,0.0,0.0,0.0
19.71,-2.438011949024877e-19,0.010161702879004246,0.0,0.0,0.0
19.72,-1.3130939074824408e-19,0.010161702879004246,0.0,0.0,0.0
19.73,-1.5780336555954408e-19,0.010161702879004246,0.0,0.0,0.0
19.74,3.7095975716208525e-19,0.010161702879004246,0.0,0.0,0.0
19.75,4.6665007761502995e-19,0.010161702879004246,0.0,0.0,0.0
19.76,-1.0081903142855133e-18,0.010161702879004246,0.0,0.0,0.0
19.77,1.5262896965755151e-19,0.010161702879004246,0.0,0.0,0.0
19.78,8.747431317434627e-19,0.010161702879004246,0.0,0.0,0.0
19.79,-3.1732311054052494e-19,0.010161702879004246,0.0,0.0,0.0
19.8,-4.919587862748895e-19,0.010161702879004246,0.0,0.0,0.0
19.81,-8.164949956879169e-19,0.010161702879004246,0.0,0.0,0.0
19.82,-1.709069904651416e-19,0.010161702879004246,0.0,0.0,0.0
19.83,-1.0173637417740488e-18,0.010161702879004246,0.0,0.0,0.0
