t_sim_sec,v_meas_mps,steering_angle_rad,drive_cmd_0,drive_cmd_1,steer_cmd
0.0,5.694254021875015e-19,-2.991590002248218e-19,0.0,0.0,0.0
0.009999999999999787,3.930830603975948e-19,-2.995098716362617e-19,0.0,0.0,0.0
0.02000000000000135,-1.5094645413919933e-19,-2.999047581560222e-19,0.0,0.0,0.0
0.030000000000001137,-6.263480935080133e-19,-3.003601714685179e-19,0.0,0.0,0.0
0.040000000000000924,-4.465527708952875e-19,-3.005929913712364e-19,0.0,0.0,0.0
0.05000000000000071,-3.783605156116656e-19,-3.009590119670327e-19,0.0,0.0,0.0
0.0600000000000005,-1.045277464124452e-19,-3.011034564646464e-19,0.0,0.0,0.0
0.07000000000000028,-6.189498836005582e-19,-3.0089203786421366e-19,0.0,0.0,0.0
0.08000000000000007,6.782593958869663e-21,-3.008944563670428e-19,0.0,0.0,0.0
0.08999999999999986,3.0314501057941344e-19,-3.012290548069562e-19,0.0,0.0,0.0
0.10000000000000142,-1.821039520129048e-19,-3.0122214874763066e-19,0.0,0.0,0.0
0.11000000000000121,3.3406012244261144e-19,-3.0147417160710903e-19,0.0,0.0,0.0
0.120000000000001,1.2257110661856667e-19,-3.0175040094390156e-19,0.0,0.0,0.0
0.13000000000000078,-3.8584565135032675e-20,-3.019823329173733e-19,0.0,0.0,0.0
0.14000000000000057,4.713902989937412e-19,-3.0201125839840137e-19,0.0,0.0,0.0
0.15000000000000036,1.822276751361903e-19,-3.021812204504475e-19,0.0,0.0,0.0
0.16000000000000014,4.028232265041891e-19,-3.0228765378336646e-19,0.0,0.0,0.0
0.16999999999999993,2.4271190103523694e-20,-3.0250599396173073e-19,0.0,0.0,0.0
0.17999999999999972,-6.471094895886291e-19,-3.026029784087162e-19,0.0,0.0,0.0
0.19000000000000128,2.02110238127045e-19,-3.0274509393065803e-19,0.0,0.0,0.0
0.20000000000000107,-3.720560626135379e-19,-3.031951163677177e-19,0.0,0.0,0.0
0.21000000000000085,5.430940479481291e-19,-3.034896290905981e-19,0.0,0.0,0.0
0.22000000000000064,1.3740989127286803e-19,-3.0357468851773794e-19,0.0,0.0,0.0
0.23000000000000043,2.5888729026114596e-19,-3.0395768788248625e-19,0.0,0.0,0.0
0.2400000000000002,5.591047629254701e-19,-3.0437830993091893e-19,0.0,0.0,0.0
0.25,-4.0317244447992547e-19,-3.0434063307785367e-19,0.0,0.0,0.0
0.2599999999999998,-1.0733278925073627e-19,-3.045321200285218e-19,0.0,0.0,0.0
0.27000000000000135,3.324068875584683e-19,-3.044821438286606e-19,0.0,0.0,0.0
0.28000000000000114,1.7192466596487988e-19,-3.0455538007042564e-19,0.0,0.0,0.0
0.2900000000000009,6.954185617578843e-19,-3.0444783553634697e-19,0.0,0.0,0.0
0.3000000000000007,-5.948576846789602e-20,-3.045266696757815e-19,0.0,0.0,0.0
0.3100000000000005,-1.0103043678592166e-19,-3.048553532798396e-19,0.0,0.0,0.0
0.3200000000000003,-5.934043140877267e-19,-3.0480780894919464e-19,0.0,0.0,0.0
0.33000000000000007,-1.4456244403369006e-19,-3.050977398418493e-19,0.0,0.0,0.0
0.33999999999999986,-6.508439338676499e-20,-3.053401462153925e-19,0.0,0.0,0.0
0.3500000000000014,2.7326079014758103e-19,-3.055434962211262e-19,0.0,0.0,0.0
0.3600000000000012,-2.8853101343825426e-19,-3.0570650788350706e-19,0.0,0.0,0.0
0.370000000000001,2.9293244985252717e-19,-3.05742543688777e-19,0.0,0.0,0.0
0.3800000000000008,1.9531964955367362e-19,-3.060056966669157e-19,0.0,0.0,0.0
0.39000000000000057,-7.495076898161964e-19,-3.065539176759918e-19,0.0,0.0,0.0
0.40000000000000036,2.2067997042574776e-19,-3.067057038332347e-19,0.0,0.0,0.0
0.41000000000000014,4.874487930794954e-20,-3.0646749393065446e-19,0.0,0.0,0.0
0.41999999999999993,-3.6145921478972955e-19,-3.0660975999852855e-19,0.0,0.0,0.0
0.4299999999999997,1.5600886865914876e-19,-3.0661679829026965e-19,0.0,0.0,0.0
0.4400000000000013,2.5613961714146164e-19,-3.0647721256762916e-19,0.0,0.0,0.0
0.45000000000000107,-7.26217448726156e-19,-3.0662260600882207e-19,0.0,0.0,0.0
0.46000000000000085,7.258132469324097e-20,-3.0662661573533256e-19,0.0,0.0,0.0
0.47000000000000064,-4.760800741747863e-20,-3.0652030110911813e-19,0.0,0.0,0.0
0.4800000000000004,1.7916470373362383e-19,-3.064585782189468e-19,0.0,0.0,0.0
0.4900000000000002,4.808786852785617e-19,-3.0645781736097226e-19,0.0,0.0,0.0
0.5,-6.810395576615889e-19,-3.067400234860899e-19,0.0,0.0,0.0
0.5099999999999998,-1.0272923057737422e-19,-3.070636836499013e-19,0.0,0.0,0.0
0.5200000000000014,5.2972251960832214e-20,-3.0754210041570975e-19,0.0,0.0,0.0
0.5300000000000011,2.727116655296679e-19,-3.0769028440783994e-19,0.0,0.0,0.0
0.5400000000000009,1.0370933314879651e-18,-3.0793535384640313e-19,0.0,0.0,0.0
0.5500000000000007,-5.599122197371515e-19,-3.0833776636973434e-19,0.0,0.0,0.0
0.5600000000000005,1.3389624458045364e-19,-3.0865484257113254e-19,0.0,0.0,0.0
0.5700000000000003,-7.555188289800662e-19,-3.083712376191998e-19,0.0,0.0,0.0
0.5800000000000001,2.0775567831213097e-19,-3.085224905491046e-19,0.0,0.0,0.0
0.5899999999999999,2.482538081041753e-19,-3.0833346562871045e-19,0.0,0.0,0.0
0.6000000000000014,3.8995272008702324e-19,-3.085530041061497e-19,0.0,0.0,0.0
0.6100000000000012,2.6480862931907485e-19,-3.0893527772236874e-19,0.0,0.0,0.0
0.620000000000001,7.889115845093212e-19,-3.090609748692133e-19,0.0,0.0,0.0
0.6300000000000008,2.2010376053918077e-19,-3.091454616222985e-19,0.0,0.0,0.0
0.6400000000000006,1.5750517959866688e-19,-3.094181588159275e-19,0.0,0.0,0.0
0.6500000000000004,-8.89509150142677e-19,-3.0942601687627837e-19,0.0,0.0,0.0
0.6600000000000001,-1.6815205929006558e-18,-3.097235267933684e-19,0.0,0.0,0.0
0.6699999999999999,-8.017299104011435e-19,-3.101132117098328e-19,0.0,0.0,0.0
0.6799999999999997,1.3478140024885323e-19,-3.1060304142104574e-19,0.0,0.0,0.0
0.6900000000000013,-3.424191546493305e-19,-3.1066433202626324e-19,0.0,0.0,0.0
0.7000000000000011,1.512237811719284e-19,-3.1062534599969197e-19,0.0,0.0,0.0
0.7100000000000009,5.904938047709438e-19,-3.1058698233223494e-19,0.0,0.0,0.0
0.7200000000000006,-1.1212492316841739e-18,-3.1077410350156763e-19,0.0,0.0,0.0
0.7300000000000004,-6.876659494450464e-19,-3.1077522071288664e-19,0.0,0.0,0.0
0.740000000000002,3.2672154088515234e-19,-3.1104437402107675e-19,0.0,0.0,0.0
0.75,6.239274495905073e-20,-3.11631628536434e-19,0.0,0.0,0.0
0.7600000000000016,-2.9862112781885807e-19,-3.118278937902224e-19,0.0,0.0,0.0
0.7699999999999996,5.070193072182812e-19,-3.120944314277546e-19,0.0,0.0,0.0
0.7800000000000011,4.1708966930669094e-19,-3.126465194172918e-19,0.0,0.0,0.0
0.7899999999999991,2.2965044503803303e-19,-3.1287284525441105e-19,0.0,0.0,0.0
0.8000000000000007,-1.2278047724334452e-19,-3.129687222969062e-19,0.0,0.0,0.0
0.8100000000000023,-5.627039688708546e-19,-3.1338201465033837e-19,0.0,0.0,0.0
0.8200000000000003,-7.213350977504412e-19,-3.1377103788631187e-19,0.0,0.0,0.0
0.8300000000000018,-1.5228656827834028e-19,-3.1401220912936573e-19,0.0,0.0,0.0
0.8399999999999999,7.040064125516699e-20,-3.1361742635671987e-19,0.0,0.0,0.0
0.8500000000000014,-1.1343342046405591e-19,-3.13628434983551e-19,0.0,0.0,0.0
0.8599999999999994,4.2798094684541994e-19,-3.140630670777282e-19,0.0,0.0,0.0
0.870000000000001,4.408398336957863e-19,-3.140385190748156e-19,0.0,0.0,0.0
0.879999999999999,-2.405029695600363e-19,-3.139379761846894e-19,0.0,0.0,0.0
0.8900000000000006,-1.433151745474209e-19,-3.137541942919332e-19,0.0,0.0,0.0
0.9000000000000021,1.5657068088891997e-19,-3.13761063591039e-19,0.0,0.0,0.0
0.9100000000000001,-2.811121538329998e-21,-3.1403827467484933e-19,0.0,0.0,0.0
0.9200000000000017,-3.2663943063312285e-19,-3.146004483643758e-19,0.0,0.0,0.0
0.9299999999999997,-3.044251299845483e-20,-3.148626806511956e-19,0.0,0.0,0.0
0.9400000000000013,2.4291308712950472e-19,-3.1492663950538025e-19,0.0,0.0,0.0
0.9499999999999993,2.021141207806145e-20,-3.148101468095697e-19,0.0,0.0,0.0
0.9600000000000009,-1.373435651599199e-19,-3.151303618723401e-19,0.0,0.0,0.0
0.9699999999999989,-3.406033868765252e-20,-3.152534944946053e-19,0.0,0.0,0.0
0.9800000000000004,-2.690761823429297e-19,-3.150882499301426e-19,0.0,0.0,0.0
0.990000000000002,4.573548510762041e-19,-3.1517565962864803e-19,0.0,0.0,0.0
1.0,-2.3747646246188054e-19,-3.1536735670650056e-19,0.0,0.0,0.0
1.0100000000000016,9.909288581840166e-19,-3.1554122708418135e-19,0.0,0.0,0.0
1.0199999999999996,-3.1621992133618713e-19,-3.1566533824161503e-19,0.0,0.0,0.0
1.0300000000000011,5.856841980530224e-19,-3.1551144700171745e-19,0.0,0.0,0.0
1.0399999999999991,3.5862229162220305e-19,-3.1564722400159914e-19,0.0,0.0,0.0
1.0500000000000007,7.247770723155885e-19,-3.157135926191102e-19,0.0,0.0,0.0
1.0600000000000023,-1.4585385777727324e-19,-3.1625579254656334e-19,0.0,0.0,0.0
1.0700000000000003,-1.032579629300121e-20,-3.1650647802756164e-19,0.0,0.0,0.0
1.0800000000000018,-8.494892663271164e-19,-3.165855397486985e-19,0.0,0.0,0.0
1.0899999999999999,1.180917437309186e-19,-3.166502886639331e-19,0.0,0.0,0.0
1.1000000000000014,-6.341004973435713e-19,-3.1653671793270736e-19,0.0,0.0,0.0
1.1099999999999994,1.3266959156789055e-19,-3.169762356194082e-19,0.0,0.0,0.0
1.120000000000001,-1.300544480535907e-19,-3.1756680028803777e-19,0.0,0.0,0.0
1.129999999999999,-9.004559190511018e-19,-3.1794886448959823e-19,0.0,0.0,0.0
1.1400000000000006,1.6554312786498666e-19,-3.17717344794693e-19,0.0,0.0,0.0
1.1500000000000021,-5.895987660554186e-19,-3.178755436033325e-19,0.0,0.0,0.0
1.1600000000000001,1.2052664819483143e-18,-3.177035633953792e-19,0.0,0.0,0.0
1.1700000000000017,-3.2972284978475163e-19,-3.17836369019364e-19,0.0,0.0,0.0
1.1799999999999997,1.0266530756580438e-19,-3.1816204451890536e-19,0.0,0.0,0.0
1.1900000000000013,-7.133114412173231e-19,-3.1814129474217737e-19,0.0,0.0,0.0
1.1999999999999993,-2.0264064487943643e-19,-3.180083888248684e-19,0.0,0.0,0.0
1.2100000000000009,-7.960268289437503e-19,-3.183633933427824e-19,0.0,0.0,0.0
1.2199999999999989,-4.572704426377007e-20,-3.1914589725218427e-19,0.0,0.0,0.0
1.2300000000000004,7.363273399967424e-21,-3.1934449414939976e-19,0.0,0.0,0.0
1.240000000000002,3.8472368063186843e-19,-3.1945210447641863e-19,0.0,0.0,0.0
1.25,2.62899155908835e-19,-3.196616154505222e-19,0.0,0.0,0.0
1.2600000000000016,-1.1498337940380329e-18,-3.1988725044651756e-19,0.0,0.0,0.0
1.2699999999999996,-8.489951932122077e-19,-3.2014025551496605e-19,0.0,0.0,0.0
1.2800000000000011,8.825903830093077e-20,-3.2024372837111075e-19,0.0,0.0,0.0
1.2899999999999991,5.963557287103633e-19,-3.203666598543247e-19,0.0,0.0,0.0
1.3000000000000007,2.117868718147044e-19,-3.2036777741875635e-19,0.0,0.0,0.0
1.3100000000000023,-4.185099477655205e-19,-3.2067490257859226e-19,0.0,0.0,0.0
1.3200000000000003,1.9454025375662778e-19,-3.208258128298269e-19,0.0,0.0,0.0
1.3300000000000018,4.2566911801546014e-19,-3.207471560391174e-19,0.0,0.0,0.0
1.3399999999999999,-4.520005781255004e-19,-3.20768809140996e-19,0.0,0.0,0.0
1.3500000000000014,-3.31182806541299e-19,-3.211901202391585e-19,0.0,0.0,0.0
1.3599999999999994,-5.359679591942151e-20,-3.2150818106750924e-19,0.0,0.0,0.0
1.370000000000001,1.1280617492913005e-18,-3.2173807885198473e-19,0.0,0.0,0.0
1.379999999999999,-1.157836356535348e-19,-3.219818627463349e-19,0.0,0.0,0.0
1.3900000000000006,4.832186320002352e-19,-3.222698806348788e-19,0.0,0.0,0.0
1.4000000000000021,-1.0896422202902578e-18,-3.2226764058774196e-19,0.0,0.0,0.0
1.4100000000000001,-8.220904348484913e-19,-3.2272203923933726e-19,0.0,0.0,0.0
1.4200000000000017,-7.055738682496309e-19,-3.232499229672666e-19,0.0,0.0,0.0
1.4299999999999997,-8.6311641160910825e-19,-3.233299906806014e-19,0.0,0.0,0.0
1.4400000000000013,-6.533821944328703e-19,-3.235633503992833e-19,0.0,0.0,0.0
1.4499999999999993,-6.388456634005267e-20,-3.232762912719065e-19,0.0,0.0,0.0
1.4600000000000009,-5.108598971764119e-19,-3.2373197368425053e-19,0.0,0.0,0.0
1.4700000000000024,-3.376551073562931e-19,-3.2386097815646516e-19,0.0,0.0,0.0
1.4800000000000004,2.4729221724735505e-19,-3.2413910534373306e-19,0.0,0.0,0.0
1.490000000000002,1.0364263944039257e-19,-3.2416052649448236e-19,0.0,0.0,0.0
1.5,-1.5721222178336667e-19,-3.2451740999762997e-19,0.0,0.0,0.0
1.5100000000000016,-6.513031360730645e-19,-3.246059338803804e-19,0.0,0.0,0.0
1.5199999999999996,-2.0838121897932092e-19,-3.245629990352615e-19,0.0,0.0,0.0
1.5300000000000011,1.1100037204610486e-19,-3.2450179545444134e-19,0.0,0.0,0.0
1.5399999999999991,-5.2830975070043e-19,-3.2477282235498216e-19,0.0,0.0,0.0
1.5500000000000007,-4.370500352264623e-19,-3.246812908685505e-19,0.0,0.0,0.0
1.5600000000000023,9.203054055670853e-20,-3.2481860738617254e-19,0.0,0.0,0.0
1.5700000000000003,7.861343009365551e-19,-3.248497415223993e-19,0.0,0.0,0.0
1.5800000000000018,-2.0367603400977778e-20,-3.252738863740266e-19,0.0,0.0,0.0
1.5899999999999999,7.302005572734386e-19,-3.2555080198465377e-19,0.0,0.0,0.0
1.6000000000000014,-2.0021046501370315e-19,-3.258539225755011e-19,0.0,0.0,0.0
1.6099999999999994,1.6546772471044926e-19,-3.259758165479219e-19,0.0,0.0,0.0
1.620000000000001,-4.980950160347086e-19,-3.261862180252146e-19,0.0,0.0,0.0
1.629999999999999,2.9344905474089004e-19,-3.2665335864805195e-19,0.0,0.0,0.0
1.6400000000000006,-2.4896643347611306e-19,-3.2675524559523485e-19,0.0,0.0,0.0
1.6500000000000021,-6.345642817546537e-19,-3.268830600557564e-19,0.0,0.0,0.0
1.6600000000000001,-2.777716657738883e-19,-3.270740639974251e-19,0.0,0.0,0.0
1.6700000000000017,4.387489967691147e-19,-3.2721718423628947e-19,0.0,0.0,0.0
1.6799999999999997,-9.418974048940226e-20,-3.2742214163823582e-19,0.0,0.0,0.0
1.6900000000000013,4.931513159113319e-19,-3.276477892284119e-19,0.0,0.0,0.0
1.6999999999999993,-4.1983438420282483e-19,-3.2799597417221357e-19,0.0,0.0,0.0
1.7100000000000009,5.227104463863107e-19,-3.2819446822299654e-19,0.0,0.0,0.0
1.7200000000000024,1.3922987898968534e-19,-3.283674161351114e-19,0.0,0.0,0.0
1.7300000000000004,-5.136105103037814e-19,-3.2859723518544543e-19,0.0,0.0,0.0
1.740000000000002,4.0388294027502554e-19,-3.2863718650776434e-19,0.0,0.0,0.0
1.75,-7.136329999828071e-19,-3.2844531525337705e-19,0.0,0.0,0.0
1.7600000000000016,-4.784486565976405e-19,-3.2838104539065787e-19,0.0,0.0,0.0
1.7699999999999996,-2.8991959518983284e-19,-3.287702883332755e-19,0.0,0.0,0.0
1.7800000000000011,1.9901682073836636e-20,-3.2859633325294396e-19,0.0,0.0,0.0
1.7899999999999991,-9.872352001903498e-19,-3.2877639755465693e-19,0.0,0.0,0.0
1.8000000000000007,6.683163318488449e-19,-3.2861104481383607e-19,0.0,0.0,0.0
1.8100000000000023,-5.241200182734654e-19,-3.2871747130904453e-19,0.0,0.0,0.0
1.8200000000000003,-9.24237942343033e-19,-3.289807493054653e-19,0.0,0.0,0.0
1.8300000000000018,-1.0780197198571652e-18,-3.292924614680183e-19,0.0,0.0,0.0
1.8399999999999999,-5.791591760705993e-21,-3.2975006537927777e-19,0.0,0.0,0.0
1.8500000000000014,-7.628079156787861e-19,-3.299702267902751e-19,0.0,0.0,0.0
1.8599999999999994,-1.1300355615437167e-19,-3.3011154584603644e-19,0.0,0.0,0.0
1.870000000000001,1.5538492383890418e-20,-3.3017899319266867e-19,0.0,0.0,0.0
1.879999999999999,-1.0061773461795627e-18,-3.304827152124042e-19,0.0,0.0,0.0
1.8900000000000006,6.84409712565934e-19,-3.308023134014448e-19,0.0,0.0,0.0
1.9000000000000021,-9.108555170074086e-19,-3.306516543581767e-19,0.0,0.0,0.0
1.9100000000000001,-6.676764600555741e-19,-3.3103690002136947e-19,0.0,0.0,0.0
1.9200000000000017,-5.931199349350112e-20,-3.309384342868433e-19,0.0,0.0,0.0
1.9299999999999997,-3.306051311658782e-19,-3.310518412576785e-19,0.0,0.0,0.0
1.9400000000000013,-7.108737715348675e-19,-3.3110697529731044e-19,0.0,0.0,0.0
1.9499999999999993,-3.104983533887754e-19,-3.311855749173356e-19,0.0,0.0,0.0
1.9600000000000009,-7.164808933353384e-21,-3.312951713680022e-19,0.0,0.0,0.0
1.9699999999999989,-2.346741033002739e-19,-3.3144012652075303e-19,0.0,0.0,0.0
1.9800000000000004,-7.645306375286323e-19,-3.316966411356239e-19,0.0,0.0,0.0
1.990000000000002,-3.405062420166929e-19,-3.315941788104865e-19,0.0,0.0,0.0
2.0,2.2544286750677913e-20,-3.3175203398668805e-19,0.0,0.0,0.0
2.0100000000000016,-8.640261211155815e-19,-3.322676372295184e-19,0.0,0.0,0.0
2.0199999999999996,-3.032942701764404e-19,-3.3244040500048634e-19,0.0,0.0,0.0
2.030000000000001,-6.588363674368012e-19,-3.3271826765345185e-19,0.0,0.0,0.0
2.039999999999999,-3.98665190808729e-19,-3.325383383620364e-19,0.0,0.0,0.0
2.0500000000000007,-2.7978584815916164e-19,-3.326487450437332e-19,0.0,0.0,0.0
2.0600000000000023,-4.316256731578743e-19,-3.330424189680448e-19,0.0,0.0,0.0
2.0700000000000003,3.653404313991375e-19,-3.330350949876375e-19,0.0,0.0,0.0
2.080000000000002,-3.7709686952754713e-19,-3.3338853252671885e-19,0.0,0.0,0.0
2.09,-4.971479498573327e-19,-3.335164506473225e-19,0.0,0.0,0.0
2.1000000000000014,3.216326288101278e-19,-3.33629857654169e-19,0.0,0.0,0.0
2.1099999999999994,1.204556695974209e-19,-3.3365043481507284e-19,0.0,0.0,0.0
2.120000000000001,-6.57005268338785e-19,-3.337585228886515e-19,0.0,0.0,0.0
2.129999999999999,1.4137681023624635e-19,-3.339974280761894e-19,0.0,0.0,0.0
2.1400000000000006,1.5800473200536562e-19,-3.339245408524479e-19,0.0,0.0,0.0
2.150000000000002,-5.284206479325493e-19,-3.341175972403837e-19,0.0,0.0,0.0
2.16,-2.8510572797083563e-19,-3.3413751862689445e-19,0.0,0.0,0.0
2.1700000000000017,6.600807270229025e-19,-3.3437323526547636e-19,0.0,0.0,0.0
2.1799999999999997,1.3603167394020914e-19,-3.3464256704014214e-19,0.0,0.0,0.0
2.1900000000000013,4.083366862272843e-19,-3.344812385196306e-19,0.0,0.0,0.0
2.1999999999999993,1.2184577093783336e-20,-3.3454105554618463e-19,0.0,0.0,0.0
2.210000000000001,-1.6842094652643228e-19,-3.3455305307664114e-19,0.0,0.0,0.0
2.219999999999999,-4.352422569686109e-19,-3.3462338910330633e-19,0.0,0.0,0.0
2.2300000000000004,-1.0733669843329973e-20,-3.3493870052334054e-19,0.0,0.0,0.0
2.240000000000002,-1.1879616127338454e-18,-3.352209395601946e-19,0.0,0.0,0.0
2.25,1.991323041645554e-19,-3.354981510531854e-19,0.0,0.0,0.0
2.2600000000000016,3.5856867982321275e-19,-3.3544988444804255e-19,0.0,0.0,0.0
2.2699999999999996,2.586603128807731e-19,-3.3572184107689903e-19,0.0,0.0,0.0
2.280000000000001,-3.959074186849346e-19,-3.356694789419086e-19,0.0,0.0,0.0
2.289999999999999,-2.690331865245998e-19,-3.356307559055385e-19,0.0,0.0,0.0
2.3000000000000007,6.6921973889641845e-21,-3.3535683480568247e-19,0.0,0.0,0.0
2.3100000000000023,4.305606163806885e-19,-3.3579877531151615e-19,0.0,0.0,0.0
2.3200000000000003,1.978547462637131e-19,-3.3605437299947645e-19,0.0,0.0,0.0
2.330000000000002,5.267012108158043e-19,-3.359189869051101e-19,0.0,0.0,0.0
2.34,3.321207532258064e-19,-3.361892434817239e-19,0.0,0.0,0.0
2.3500000000000014,4.871903633376959e-19,-3.365632094608229e-19,0.0,0.0,0.0
2.3599999999999994,-2.7013749344783245e-19,-3.3675185470446734e-19,0.0,0.0,0.0
2.370000000000001,1.2890183063892865e-19,-3.3690037352900006e-19,0.0,0.0,0.0
2.379999999999999,-1.3602260626399454e-19,-3.3688908335149886e-19,0.0,0.0,0.0
2.3900000000000006,-5.5323248214616e-19,-3.3695036690479238e-19,0.0,0.0,0.0
2.400000000000002,-4.880171106708362e-19,-3.3731822796006406e-19,0.0,0.0,0.0
2.41,3.518204872117138e-19,-3.3721424280230353e-19,0.0,0.0,0.0
2.4200000000000017,3.46648253038356e-19,-3.3722703604661834e-19,0.0,0.0,0.0
2.4299999999999997,-1.0411678700430618e-19,-3.37229392061377e-19,0.0,0.0,0.0
2.4400000000000013,-3.4224642558281024e-19,-3.376108441627359e-19,0.0,0.0,0.0
2.4499999999999993,-1.4816517285212486e-19,-3.381083562003385e-19,0.0,0.0,0.0
2.460000000000001,-9.435290779618987e-19,-3.382446837022499e-19,0.0,0.0,0.0
2.4700000000000024,-4.492154334664254e-21,-3.3838391234219657e-19,0.0,0.0,0.0
2.4800000000000004,-3.262090198614655e-19,-3.3828941172128644e-19,0.0,0.0,0.0
2.490000000000002,1.2835371911724934e-18,-3.3837480545127107e-19,0.0,0.0,0.0
2.5,2.410221207311581e-19,-3.3832217028373043e-19,0.0,0.0,0.0
2.5100000000000016,-5.674147766547373e-19,-3.3826751729683648e-19,0.0,0.0,0.0
2.5199999999999996,-4.8016587879015565e-19,-3.384662453931753e-19,0.0,0.0,0.0
2.530000000000001,-6.092239131711208e-19,-3.3859322072541894e-19,0.0,0.0,0.0
2.539999999999999,3.883234108687845e-19,-3.389636769413218e-19,0.0,0.0,0.0
2.5500000000000007,-4.2613553924579016e-19,-3.3925653989243915e-19,0.0,0.0,0.0
2.5600000000000023,2.4957239730685907e-19,-3.394545175418862e-19,0.0,0.0,0.0
2.5700000000000003,6.923624234436208e-19,-3.3942952431456346e-19,0.0,0.0,0.0
2.580000000000002,-1.7688347353709234e-19,-3.3961392717589677e-19,0.0,0.0,0.0
2.59,-2.061171849634343e-19,-3.4014687109018143e-19,0.0,0.0,0.0
2.6000000000000014,-1.7846570519005103e-19,-3.409193106364592e-19,0.0,0.0,0.0
2.6099999999999994,7.986848994053686e-20,-3.409401214776452e-19,0.0,0.0,0.0
2.620000000000001,-5.481765424694896e-19,-3.409742907426778e-19,0.0,0.0,0.0
2.629999999999999,-2.905031827630176e-19,-3.4099595696648864e-19,0.0,0.0,0.0
2.6400000000000006,9.126746470173692e-19,-3.409672179950267e-19,0.0,0.0,0.0
2.650000000000002,-1.0460832917013457e-18,-3.412252203270961e-19,0.0,0.0,0.0
2.66,-7.426135849523654e-20,-3.411832709313412e-19,0.0,0.0,0.0
2.6700000000000017,1.0137299068819552e-19,-3.4110739690380937e-19,0.0,0.0,0.0
2.6799999999999997,-1.333062812163729e-19,-3.414119670753754e-19,0.0,0.0,0.0
2.6900000000000013,-3.8521469592304126e-19,-3.4155395610621027e-19,0.0,0.0,0.0
2.6999999999999993,-7.966521113419164e-19,-3.4166233350179654e-19,0.0,0.0,0.0
2.710000000000001,-6.770157930173533e-19,-3.4182519072829367e-19,0.0,0.0,0.0
2.7200000000000024,5.40352704159243e-19,-3.418725452512952e-19,0.0,0.0,0.0
2.7300000000000004,-6.887406735170565e-20,-3.41998026158097e-19,0.0,0.0,0.0
2.740000000000002,-3.215385180295632e-19,-3.4229709419098463e-19,0.0,0.0,0.0
2.75,8.203946976334546e-19,-3.4311566658294e-19,0.0,0.0,0.0
2.7600000000000016,2.3246288898485e-19,-3.4281889388988504e-19,0.0,0.0,0.0
2.7699999999999996,2.4196075086483214e-19,-3.4265792834310044e-19,0.0,0.0,0.0
2.780000000000001,-1.0009043927717387e-19,-3.4268882354625053e-19,0.0,0.0,0.0
2.789999999999999,-5.678625880590153e-19,-3.43046541013767e-19,0.0,0.0,0.0
2.8000000000000007,-4.368008256612475e-19,-3.428036946150107e-19,0.0,0.0,0.0
2.8100000000000023,-3.847626152665256e-19,-3.4311718058513426e-19,0.0,0.0,0.0
2.8200000000000003,-8.35121521191082e-20,-3.4298458808080988e-19,0.0,0.0,0.0
2.830000000000002,3.9424059072397874e-19,-3.4303018619684726e-19,0.0,0.0,0.0
2.84,-6.876545222898183e-19,-3.4322672951414026e-19,0.0,0.0,0.0
2.8500000000000014,-5.523701017605926e-19,-3.435455605937753e-19,0.0,0.0,0.0
2.8599999999999994,5.339559010734744e-19,-3.434523658008654e-19,0.0,0.0,0.0
2.870000000000001,3.049475480325292e-19,-3.4361436416416063e-19,0.0,0.0,0.0
2.879999999999999,8.132099626413077e-19,-3.436260268104805e-19,0.0,0.0,0.0
2.8900000000000006,-6.093408956952602e-20,-3.437045807869555e-19,0.0,0.0,0.0
2.900000000000002,1.6216045897725805e-19,-3.44366851590699e-19,0.0,0.0,0.0
2.91,-1.0496989218416248e-18,-3.4412816747510934e-19,0.0,0.0,0.0
2.9200000000000017,-3.2727882952313986e-19,-3.4428204746813466e-19,0.0,0.0,0.0
2.9299999999999997,-6.831675049033651e-19,-3.4446535837894694e-19,0.0,0.0,0.0
2.9400000000000013,1.6818605163233351e-19,-3.4483592170185172e-19,0.0,0.0,0.0
2.9499999999999993,-1.184871089566291e-19,-3.4485767797358397e-19,0.0,0.0,0.0
2.960000000000001,2.2454113994939173e-19,-3.4483911023822288e-19,0.0,0.0,0.0
2.969999999999999,-1.1183792910421853e-19,-3.4487629582457564e-19,0.0,0.0,0.0
2.9800000000000004,-4.14455499762056e-19,-3.448124807831323e-19,0.0,0.0,0.0
2.990000000000002,-9.907599900521008e-20,-3.4490886988461715e-19,0.0,0.0,0.0
3.0,-2.2002916193727194e-20,-3.45036183168355e-19,0.0,0.0,0.0
3.0100000000000016,-1.0146689657579305e-19,-3.4543816207326683e-19,0.0,0.0,0.0
3.0199999999999996,-4.152285773888755e-19,-3.4545451878076424e-19,0.0,0.0,0.0
3.030000000000001,-7.967211162571472e-19,-3.4555367839715745e-19,0.0,0.0,0.0
3.039999999999999,5.328941187871358e-19,-3.454820406214262e-19,0.0,0.0,0.0
3.0500000000000007,-3.780214640671369e-19,-3.45797076149825e-19,0.0,0.0,0.0
3.0600000000000023,-1.859813615526829e-19,-3.456818429521289e-19,0.0,0.0,0.0
3.0700000000000003,-4.915007073312212e-19,-3.455151252683228e-19,0.0,0.0,0.0
3.080000000000002,-1.5393181398843535e-20,-3.454483816772886e-19,0.0,0.0,0.0
3.09,-4.170530590884288e-19,-3.455737272387023e-19,0.0,0.0,0.0
3.1000000000000014,3.0886368158281493e-19,-3.456067793008131e-19,0.0,0.0,0.0
3.1099999999999994,-4.572569107852055e-19,-3.454947110493768e-19,0.0,0.0,0.0
3.120000000000001,-6.535509471023766e-20,-3.4553173834866456e-19,0.0,0.0,0.0
3.129999999999999,6.845720904975922e-19,-3.4541925360919507e-19,0.0,0.0,0.0
3.1400000000000006,-1.235270508035041e-18,-3.458543832631743e-19,0.0,0.0,0.0
3.150000000000002,-3.951073425942688e-19,-3.4599410843351434e-19,0.0,0.0,0.0
3.16,-1.1497434348187067e-18,-3.4610101629203663e-19,0.0,0.0,0.0
3.1700000000000017,-1.906458097886755e-19,-3.464246276144447e-19,0.0,0.0,0.0
3.1799999999999997,3.570972518549579e-19,-3.4651399742129536e-19,0.0,0.0,0.0
3.1900000000000013,-3.1029110953608365e-19,-3.4673105155945023e-19,0.0,0.0,0.0
3.1999999999999993,6.553634743022013e-19,-3.467606824535776e-19,0.0,0.0,0.0
3.210000000000001,-4.7716278745731954e-20,-3.4687229596943027e-19,0.0,0.0,0.0
3.219999999999999,1.6689449575742956e-19,-3.473353578148166e-19,0.0,0.0,0.0
3.2300000000000004,1.0318924669010064e-18,-3.472695996862676e-19,0.0,0.0,0.0
3.240000000000002,6.611024624585038e-19,-3.4733823642444885e-19,0.0,0.0,0.0
3.25,4.2148789696806293e-19,-3.475349498699728e-19,0.0,0.0,0.0
3.2600000000000016,-3.294067016731387e-19,-3.478574881974936e-19,0.0,0.0,0.0
3.2699999999999996,4.3180368042259834e-19,-3.4806358139560137e-19,0.0,0.0,0.0
3.280000000000001,-1.113812034391966e-18,-3.4801465922141025e-19,0.0,0.0,0.0
3.289999999999999,-1.5590807701437456e-19,-3.4788761363338244e-19,0.0,0.0,0.0
3.3000000000000007,9.034573848771526e-19,-3.479288998769694e-19,0.0,0.0,0.0
3.3100000000000023,-4.322499651439395e-21,-3.4801177977757545e-19,0.0,0.0,0.0
3.3200000000000003,8.771308104117342e-20,-3.4797040262122024e-19,0.0,0.0,0.0
3.330000000000002,-4.15315979403589e-20,-3.4819170885832376e-19,0.0,0.0,0.0
3.34,-3.1541106568136776e-19,-3.4825190569191224e-19,0.0,0.0,0.0
3.3500000000000014,1.144808420161806e-19,-3.4845403406360157e-19,0.0,0.0,0.0
3.3599999999999994,-8.385804540545847e-19,-3.485885959291581e-19,0.0,0.0,0.0
3.370000000000001,-4.546080520630847e-19,-3.486464680085606e-19,0.0,0.0,0.0
3.379999999999999,-5.240246170639805e-19,-3.4908495814445587e-19,0.0,0.0,0.0
3.3900000000000006,-2.1778844805284874e-19,-3.4907003472736996e-19,0.0,0.0,0.0
3.400000000000002,-4.681368211458864e-19,-3.492488932368439e-19,0.0,0.0,0.0
3.41,-1.7864727822725496e-19,-3.4946717230711124e-19,0.0,0.0,0.0
3.4200000000000017,6.307004259935206e-19,-3.4939514333634034e-19,0.0,0.0,0.0
3.4299999999999997,-7.756747448632563e-19,-3.4977895499812865e-19,0.0,0.0,0.0
3.4400000000000013,-2.205782722510612e-19,-3.499597536276966e-19,0.0,0.0,0.0
3.4499999999999993,2.4579236356337375e-19,-3.498085220420986e-19,0.0,0.0,0.0
3.460000000000001,-4.40524965553915e-19,-3.498676005074018e-19,0.0,0.0,0.0
3.4700000000000024,-5.747798551861852e-19,-3.4993294204450563e-19,0.0,0.0,0.0
3.4800000000000004,2.496299292588924e-19,-3.49937606301428e-19,0.0,0.0,0.0
3.490000000000002,-2.959857013537122e-19,-3.5003433755632977e-19,0.0,0.0,0.0
3.5,2.614058393277114e-19,-3.5018260243302824e-19,0.0,0.0,0.0
3.5100000000000016,-4.2766762327386117e-19,-3.505184267487007e-19,0.0,0.0,0.0
3.5199999999999996,7.830213255667665e-19,-3.5088243248553984e-19,0.0,0.0,0.0
3.530000000000001,-3.583123591717808e-19,-3.510760175464002e-19,0.0,0.0,0.0
3.539999999999999,-4.744209228618864e-19,-3.5142442329440575e-19,0.0,0.0,0.0
3.5500000000000007,4.623618636812435e-19,-3.511363520287803e-19,0.0,0.0,0.0
3.5600000000000023,-6.288349337303103e-19,-3.5105718687053085e-19,0.0,0.0,0.0
3.5700000000000003,-8.221855587472287e-19,-3.5141033568251796e-19,0.0,0.0,0.0
3.580000000000002,1.443976102222795e-21,-3.5122622905264443e-19,0.0,0.0,0.0
3.59,-9.068447980592076e-19,-3.51426596376291e-19,0.0,0.0,0.0
3.6000000000000014,-5.270931618923349e-19,-3.5133631721709335e-19,0.0,0.0,0.0
3.6099999999999994,7.598993274698699e-19,-3.5121397869873825e-19,0.0,0.0,0.0
3.620000000000001,2.1490706970696544e-19,-3.5142193463870447e-19,0.0,0.0,0.0
3.629999999999999,-5.3286540832569465e-20,-3.518104757882552e-19,0.0,0.0,0.0
3.6400000000000006,-2.4829296426499765e-19,-3.5181219386497954e-19,0.0,0.0,0.0
3.650000000000002,5.045025124238785e-19,-3.5191635602541307e-19,0.0,0.0,0.0
3.66,2.484737928098499e-19,-3.5184694928385507e-19,0.0,0.0,0.0
3.6700000000000017,-2.0484671903480465e-20,-3.519545578013779e-19,0.0,0.0,0.0
3.6799999999999997,3.950648882720247e-19,-3.5187293646687735e-19,0.0,0.0,0.0
3.6900000000000013,-3.9192310536382446e-19,-3.518045695415726e-19,0.0,0.0,0.0
3.6999999999999993,-3.7922412272515736e-19,-3.520289248016307e-19,0.0,0.0,0.0
3.710000000000001,3.1146103984457225e-19,-3.5222957394413087e-19,0.0,0.0,0.0
3.7200000000000024,2.5704847165450575e-20,-3.5249514240372394e-19,0.0,0.0,0.0
3.7300000000000004,-5.667837240443913e-19,-3.5253255662642774e-19,0.0,0.0,0.0
3.740000000000002,3.828740522895816e-19,-3.5276734799200815e-19,0.0,0.0,0.0
3.75,5.649160890900981e-19,-3.527876223742531e-19,0.0,0.0,0.0
3.7600000000000016,-2.9019985179501766e-19,-3.5268931801480143e-19,0.0,0.0,0.0
3.7699999999999996,-3.3377122470844336e-19,-3.5303878521719575e-19,0.0,0.0,0.0
3.780000000000001,-3.3192750512939465e-19,-3.530887923907894e-19,0.0,0.0,0.0
3.789999999999999,-6.793749213156294e-19,-3.531732458139938e-19,0.0,0.0,0.0
3.8000000000000007,4.51628834551084e-19,-3.5329626757292334e-19,0.0,0.0,0.0
3.8100000000000023,-1.4108264856649746e-19,-3.533229036242842e-19,0.0,0.0,0.0
3.8200000000000003,2.1154885044968376e-20,-3.535959105326475e-19,0.0,0.0,0.0
3.830000000000002,-3.9258703045405943e-19,-3.5392112802854057e-19,0.0,0.0,0.0
3.84,-3.405511871532309e-20,-3.5403392043865197e-19,0.0,0.0,0.0
3.8500000000000014,-1.0789272903347857e-19,-3.5431063632251343e-19,0.0,0.0,0.0
3.8599999999999994,-2.501335120667596e-19,-3.544618078855231e-19,0.0,0.0,0.0
3.870000000000001,9.195551242001646e-19,-3.5459417399599675e-19,0.0,0.0,0.0
3.879999999999999,-2.383443934118564e-19,-3.5492013829468957e-19,0.0,0.0,0.0
3.8900000000000006,8.197343436662506e-19,-3.5501947253772456e-19,0.0,0.0,0.0
3.900000000000002,-1.0974322274166345e-19,-3.5522874403389314e-19,0.0,0.0,0.0
3.91,2.7238557369439506e-19,-3.556041899723115e-19,0.0,0.0,0.0
3.9200000000000017,6.141946662396999e-19,-3.5543384816339904e-19,0.0,0.0,0.0
3.9299999999999997,-8.401356675123495e-20,-3.55397544013563e-19,0.0,0.0,0.0
3.9400000000000013,-1.206971740573512e-18,-3.553180197168971e-19,0.0,0.0,0.0
3.9499999999999993,5.769049513975161e-19,-3.554672649404797e-19,0.0,0.0,0.0
3.960000000000001,-7.534192077650832e-19,-3.557590131691822e-19,0.0,0.0,0.0
3.969999999999999,1.0563271726086577e-18,-3.560904712210244e-19,0.0,0.0,0.0
3.9800000000000004,-3.9991361271251915e-20,-3.561324834593666e-19,0.0,0.0,0.0
3.990000000000002,2.444712647148609e-19,-3.5640014167595464e-19,0.0,0.0,0.0
4.0,5.300290173765917e-19,-3.5639906970085404e-19,0.0,0.0,0.0
4.010000000000002,7.044001656713216e-19,-3.567817553607368e-19,0.0,0.0,0.0
4.02,-1.1789982269793164e-19,-3.569423774264783e-19,0.0,0.0,0.0
4.030000000000001,-1.6624872687191096e-19,-3.5698484094780707e-19,0.0,0.0,0.0
4.039999999999999,-6.268933637758554e-19,-3.5729223308295093e-19,0.0,0.0,0.0
4.050000000000001,7.629691524955955e-19,-3.5743933262632676e-19,0.0,0.0,0.0
4.060000000000002,9.395501070152042e-19,-3.5744587337937696e-19,0.0,0.0,0.0
4.07,-7.165344839711137e-19,-3.572206456633927e-19,0.0,0.0,0.0
4.080000000000002,4.0942864213152104e-20,-3.574445635262887e-19,0.0,0.0,0.0
4.09,5.488000927367452e-19,-3.5782113182159473e-19,0.0,0.0,0.0
4.100000000000001,-4.790700380620886e-19,-3.57954849537053e-19,0.0,0.0,0.0
4.109999999999999,1.0654637666094056e-20,-3.5816858374559577e-19,0.0,0.0,0.0
4.120000000000001,-1.572335475463112e-19,-3.58272443118629e-19,0.0,0.0,0.0
4.129999999999999,-3.0460588619155245e-19,-3.584483746680017e-19,0.0,0.0,0.0
4.140000000000001,-4.655565177925994e-20,-3.5855933398664367e-19,0.0,0.0,0.0
4.150000000000002,4.482973175147142e-19,-3.586113828700332e-19,0.0,0.0,0.0
4.16,-3.6643351258403856e-20,-3.587995376509397e-19,0.0,0.0,0.0
4.170000000000002,-1.5637809278642836e-19,-3.590016505875253e-19,0.0,0.0,0.0
4.18,9.479782408599405e-19,-3.58993690934966e-19,0.0,0.0,0.0
4.190000000000001,3.589201586301811e-19,-3.5930842009881673e-19,0.0,0.0,0.0
4.199999999999999,7.304479690098121e-20,-3.5952678843333083e-19,0.0,0.0,0.0
4.210000000000001,-5.713665483240658e-19,-3.5956872527791894e-19,0.0,0.0,0.0
4.219999999999999,4.015672023839352e-19,-3.5961646044848274e-19,0.0,0.0,0.0
4.23,2.8203033713961644e-19,-3.5948362341310195e-19,0.0,0.0,0.0
4.240000000000002,3.2889946211182663e-19,-3.596164371338469e-19,0.0,0.0,0.0
4.25,1.0932531249594306e-19,-3.596552521471616e-19,0.0,0.0,0.0
4.260000000000002,4.8435777353086465e-19,-3.595021354601649e-19,0.0,0.0,0.0
4.27,2.2675077916383453e-19,-3.596982972422973e-19,0.0,0.0,0.0
4.280000000000001,-4.486542264213597e-19,-3.5983431104982604e-19,0.0,0.0,0.0
4.289999999999999,1.8724925175561934e-19,-3.5971031476032875e-19,0.0,0.0,0.0
4.300000000000001,-1.022574495631721e-18,-3.5982711287147876e-19,0.0,0.0,0.0
4.310000000000002,-1.0115144696358848e-18,-3.598467883679019e-19,0.0,0.0,0.0
4.32,1.745044568529626e-19,-3.603177839954395e-19,0.0,0.0,0.0
4.330000000000002,3.417000568428328e-19,-3.6012024929683075e-19,0.0,0.0,0.0
4.34,-5.28692031775462e-19,-3.602736539021198e-19,0.0,0.0,0.0
4.350000000000001,-4.713220386975003e-19,-3.601737475265826e-19,0.0,0.0,0.0
4.359999999999999,-1.019001009490848e-18,-3.6013180607061548e-19,0.0,0.0,0.0
4.370000000000001,2.8222499261405554e-19,-3.6000960977200794e-19,0.0,0.0,0.0
4.379999999999999,-5.985904026635722e-19,-3.6018510644985734e-19,0.0,0.0,0.0
4.390000000000001,-3.323069481157887e-19,-3.6031924971563227e-19,0.0,0.0,0.0
4.400000000000002,-1.0674794644868997e-19,-3.6049832624520937e-19,0.0,0.0,0.0
4.41,-8.845189662781214e-19,-3.6078350376823264e-19,0.0,0.0,0.0
4.420000000000002,2.284778065335472e-19,-3.6092080855805824e-19,0.0,0.0,0.0
4.43,1.453632936615831e-19,-3.609734915801486e-19,0.0,0.0,0.0
4.440000000000001,-1.3873335500322017e-19,-3.6103737198706176e-19,0.0,0.0,0.0
4.449999999999999,1.1002233065827565e-18,-3.611000163413023e-19,0.0,0.0,0.0
4.460000000000001,5.2351383339768784e-20,-3.6116807306419595e-19,0.0,0.0,0.0
4.470000000000002,-6.099552172055217e-19,-3.6145483361359897e-19,0.0,0.0,0.0
4.48,2.7215021966695356e-19,-3.6120155355050477e-19,0.0,0.0,0.0
4.490000000000002,8.80379008336882e-20,-3.6144655452551243e-19,0.0,0.0,0.0
4.5,6.223096854589779e-19,-3.614083527750059e-19,0.0,0.0,0.0
4.510000000000002,-6.489686708269706e-19,-3.617015586541812e-19,0.0,0.0,0.0
4.52,-2.6296190153258803e-19,-3.6210862005327707e-19,0.0,0.0,0.0
4.530000000000001,-2.2498455569700494e-21,-3.6208211496458437e-19,0.0,0.0,0.0
4.539999999999999,-2.0127965589332382e-19,-3.6233351642470483e-19,0.0,0.0,0.0
4.550000000000001,1.0214371862636663e-19,-3.624035463211698e-19,0.0,0.0,0.0
4.560000000000002,4.875769636312546e-19,-3.6255010876530563e-19,0.0,0.0,0.0
4.57,1.2417533265393904e-19,-3.6270700210211705e-19,0.0,0.0,0.0
4.580000000000002,-1.7761931328661222e-19,-3.6251367422078695e-19,0.0,0.0,0.0
4.59,-1.7477065660117065e-19,-3.62847947682141e-19,0.0,0.0,0.0
4.600000000000001,-1.9157316106802401e-19,-3.632124365087288e-19,0.0,0.0,0.0
4.609999999999999,6.872088711688719e-20,-3.633805938243131e-19,0.0,0.0,0.0
4.620000000000001,4.329825221249354e-21,-3.637344796766242e-19,0.0,0.0,0.0
4.629999999999999,6.852003589886556e-19,-3.6373847492224714e-19,0.0,0.0,0.0
4.640000000000001,5.47520350033397e-19,-3.6418472284023855e-19,0.0,0.0,0.0
4.650000000000002,-2.7493454675578334e-19,-3.6453615185148313e-19,0.0,0.0,0.0
4.66,1.3438147361253405e-19,-3.645046034470633e-19,0.0,0.0,0.0
4.670000000000002,7.478576250249429e-19,-3.6460566549407484e-19,0.0,0.0,0.0
4.68,-1.0387244969598753e-19,-3.6480731472359317e-19,0.0,0.0,0.0
4.690000000000001,-7.0376879526117245e-19,-3.653479016220897e-19,0.0,0.0,0.0
4.699999999999999,-1.4591342814749826e-19,-3.657574306764993e-19,0.0,0.0,0.0
4.710000000000001,4.8763909518387814e-20,-3.658149167854011e-19,0.0,0.0,0.0
4.720000000000002,4.407097715147078e-19,-3.662035993734288e-19,0.0,0.0,0.0
4.73,-4.1630234040031735e-19,-3.6637231266771057e-19,0.0,0.0,0.0
4.740000000000002,-4.0205737237032637e-19,-3.665711826933264e-19,0.0,0.0,0.0
4.75,-8.229690732174267e-19,-3.6673473222982653e-19,0.0,0.0,0.0
4.760000000000002,1.7239773249585281e-19,-3.666752669384609e-19,0.0,0.0,0.0
4.77,-5.000381248003423e-19,-3.6679246808927243e-19,0.0,0.0,0.0
4.780000000000001,3.959214730311716e-19,-3.6695987686591994e-19,0.0,0.0,0.0
4.789999999999999,-8.473497249239962e-19,-3.6706602379626846e-19,0.0,0.0,0.0
4.800000000000001,6.631696146533502e-19,-3.6705675471651536e-19,0.0,0.0,0.0
4.810000000000002,-2.720241291908348e-19,-3.6714834991057197e-19,0.0,0.0,0.0
4.82,8.494005452702617e-19,-3.6718226679409954e-19,0.0,0.0,0.0
4.830000000000002,-2.603585381542185e-19,-3.6739736492051843e-19,0.0,0.0,0.0
4.84,2.482907246180401e-19,-3.674938639725364e-19,0.0,0.0,0.0
4.850000000000001,-8.131387531426918e-19,-3.674184226288818e-19,0.0,0.0,0.0
4.859999999999999,-1.1621480884150004e-20,-3.675564328318877e-19,0.0,0.0,0.0
4.870000000000001,-4.579798742691601e-19,-3.679657191483507e-19,0.0,0.0,0.0
4.879999999999999,-6.077313683687077e-20,-3.680417369863179e-19,0.0,0.0,0.0
4.890000000000001,6.85508811203591e-19,-3.682560191439962e-19,0.0,0.0,0.0
4.900000000000002,-1.8998365678747308e-19,-3.686027039776011e-19,0.0,0.0,0.0
4.91,3.8449223944399626e-19,-3.6872420911987287e-19,0.0,0.0,0.0
4.920000000000002,5.785443983338097e-19,-3.68661481590005e-19,0.0,0.0,0.0
4.93,-1.3381366191844623e-19,-3.6863928760005367e-19,0.0,0.0,0.0
4.940000000000001,1.4632314652067005e-19,-3.684955242400364e-19,0.0,0.0,0.0
4.949999999999999,-1.5797015851823525e-19,-3.687048063859247e-19,0.0,0.0,0.0
4.960000000000001,1.333023193442031e-19,-3.690089506254625e-19,0.0,0.0,0.0
4.969999999999999,-2.530416827631401e-19,-3.689842074076193e-19,0.0,0.0,0.0
4.98,-2.1277284082537917e-20,-3.6897709172645683e-19,0.0,0.0,0.0
4.990000000000002,2.7527511298964896e-19,-3.6911108220642923e-19,0.0,0.0,0.0
5.0,-3.8212789373801067e-19,-3.6922368873170304e-19,0.0,0.0,0.0
5.010000000000002,5.181925951607862e-20,-3.6938663263186484e-19,0.0,0.0,0.0
5.02,-1.5196354324081516e-19,-3.6979205299169804e-19,0.0,0.0,0.0
5.030000000000001,-8.649798249089666e-19,-3.7051458513447977e-19,0.0,0.0,0.0
5.039999999999999,4.595110275367978e-20,-3.7112588175376805e-19,0.0,0.0,0.0
5.050000000000001,5.180270651807276e-19,-3.7134588712619577e-19,0.0,0.0,0.0
5.060000000000002,-6.686950308426252e-19,-3.7139033461301943e-19,0.0,0.0,0.0
5.07,-9.973925056592561e-21,-3.7130488542317473e-19,0.0,0.0,0.0
5.080000000000002,2.076414443888346e-19,-3.7157761034744183e-19,0.0,0.0,0.0
5.09,-8.708976917475264e-19,-3.71801747051879e-19,0.0,0.0,0.0
5.100000000000001,-9.686730618038833e-19,-3.7178031070427674e-19,0.0,0.0,0.0
5.109999999999999,3.7952448926212157e-19,-3.7156714326480043e-19,0.0,0.0,0.0
5.120000000000001,3.6401262235719096e-20,-3.717484233638758e-19,0.0,0.0,0.0
5.129999999999999,1.167477125094608e-19,-3.7226817679077204e-19,0.0,0.0,0.0
5.140000000000001,3.7792837495616e-20,-3.7254113203227574e-19,0.0,0.0,0.0
5.150000000000002,2.1999207877172576e-19,-3.727407763706919e-19,0.0,0.0,0.0
5.16,-1.4632390872355517e-19,-3.7266644812012835e-19,0.0,0.0,0.0
5.170000000000002,-7.867998063081996e-19,-3.7254443873711553e-19,0.0,0.0,0.0
5.18,-1.2421330816558518e-19,-3.7269084382574166e-19,0.0,0.0,0.0
5.190000000000001,2.0748471258343063e-19,-3.730590996337781e-19,0.0,0.0,0.0
5.199999999999999,7.281754361225089e-19,-3.7304518420869546e-19,0.0,0.0,0.0
5.210000000000001,-1.8039052384225624e-19,-3.730426316435083e-19,0.0,0.0,0.0
5.219999999999999,-7.504286048830855e-20,-3.73316343709713e-19,0.0,0.0,0.0
5.23,-8.558318848061043e-19,-3.735253813841803e-19,0.0,0.0,0.0
5.240000000000002,-6.319827501961943e-19,-3.738638506626993e-19,0.0,0.0,0.0
5.25,-4.0906903074258733e-19,-3.7405010069160127e-19,0.0,0.0,0.0
5.260000000000002,1.0352537331480581e-18,-3.7410467253853265e-19,0.0,0.0,0.0
5.27,4.599147325333328e-19,-3.7426195617784757e-19,0.0,0.0,0.0
5.280000000000001,7.973367942824601e-19,-3.7448367627051974e-19,0.0,0.0,0.0
5.289999999999999,3.795305334086435e-19,-3.746566568528886e-19,0.0,0.0,0.0
5.300000000000001,1.8943755236763293e-19,-3.749361235017938e-19,0.0,0.0,0.0
5.310000000000002,-2.4461024389191466e-19,-3.748975315673008e-19,0.0,0.0,0.0
5.32,-9.526765569476652e-19,-3.750730062415506e-19,0.0,0.0,0.0
5.330000000000002,6.70883258245751e-19,-3.7551705824381086e-19,0.0,0.0,0.0
5.34,-7.864566377841815e-19,-3.7549872765208692e-19,0.0,0.0,0.0
5.350000000000001,3.8477490283511e-20,-3.7565135680239005e-19,0.0,0.0,0.0
5.359999999999999,1.1851522452814844e-19,-3.759622176033946e-19,0.0,0.0,0.0
5.370000000000001,8.709698069182547e-19,-3.761018422592835e-19,0.0,0.0,0.0
5.379999999999999,9.854834367339404e-22,-3.7602149891575596e-19,0.0,0.0,0.0
5.390000000000001,-1.8230135776613722e-19,-3.764703162891211e-19,0.0,0.0,0.0
5.400000000000002,-7.727064198018147e-19,-3.766033495212426e-19,0.0,0.0,0.0
5.41,-8.206250359855773e-20,-3.7674480405883045e-19,0.0,0.0,0.0
5.420000000000002,1.2499221752044634e-19,-3.7717846913327183e-19,0.0,0.0,0.0
5.43,-1.2778218685804329e-19,-3.7714228268546537e-19,0.0,0.0,0.0
5.440000000000001,-5.487199287687932e-19,-3.773537384401143e-19,50.0,50.0,0.0
5.449999999999999,0.004510036758707091,-3.774117154614738e-19,50.0,50.0,0.0
5.460000000000001,0.009019888759641118,-3.7744562394901197e-19,50.0,50.0,0.0
5.470000000000002,0.013529740694486713,-3.7716716311523137e-19,50.0,50.0,0.0
5.48,0.018039592548600807,-3.767811505928617e-19,50.0,50.0,0.0
5.490000000000002,0.02254905391950447,-3.7668099379353227e-19,50.0,50.0,0.0
5.5,0.027057645640892802,-3.7669000871999936e-19,50.0,50.0,0.0
5.510000000000002,0.0315654520987147,-3.758552823087167e-19,50.0,50.0,0.0
5.52,0.036072550797435064,-3.7630712991542e-19,50.0,50.0,0.0
5.530000000000001,0.04057900992060893,-3.760045020359856e-19,50.0,50.0,0.0
5.539999999999999,0.04508489548438895,-3.7608774060417327e-19,50.0,50.0,0.0
5.550000000000001,0.04959026381691769,-3.759820336184374e-19,50.0,50.0,0.0
5.560000000000002,0.05409516444685946,-3.764804101076812e-19,50.0,50.0,0.0
5.57,0.0585996435563611,-3.7585539390126183e-19,50.0,50.0,0.0
5.580000000000002,0.06310374193432333,-3.756846374416755e-19,50.0,50.0,0.0
5.59,0.06760749624968346,-3.7574464991421695e-19,50.0,50.0,0.0
5.600000000000001,0.07211093942943565,-3.756750342430413e-19,50.0,50.0,0.0
5.609999999999999,0.07661410080949664,-3.7588694710157244e-19,50.0,50.0,0.0
5.620000000000001,0.08111700669459017,-3.7633315052359587e-19,50.0,50.0,0.0
5.629999999999999,0.08561968127979816,-3.7657541957865515e-19,50.0,50.0,0.0
5.640000000000001,0.09012214476890722,-3.764703445255768e-19,50.0,50.0,0.0
5.650000000000002,0.09462441789591151,-3.7640672578598775e-19,50.0,50.0,0.0
5.66,0.09912651645137406,-3.76123240171279e-19,50.0,50.0,0.0
5.670000000000002,0.10362845536797431,-3.761401855420939e-19,50.0,50.0,0.0
5.68,0.10813024878914711,-3.7653989145068934e-19,50.0,50.0,0.0
5.690000000000001,0.11263190797022542,-3.766028419165901e-19,50.0,50.0,0.0
5.699999999999999,0.11713344141131847,-3.771675992070361e-19,50.0,50.0,0.0
5.710000000000001,0.12163485953281858,-3.7713121407332173e-19,50.0,50.0,0.0
5.720000000000002,0.12613617036089286,-3.7727960426569676e-19,50.0,50.0,0.0
5.73,0.13063737750619916,-3.7749221468559825e-19,50.0,50.0,0.0
5.740000000000002,0.13513848858517605,-3.769118462713141e-19,50.0,50.0,0.0
5.75,0.13963950883699847,-3.7666338562255915e-19,50.0,50.0,0.0
5.760000000000002,0.14414043733035228,-3.764791497189704e-19,50.0,50.0,0.0
5.77,0.14864127976412309,-3.76337346134927e-19,50.0,50.0,0.0
5.780000000000001,0.15314203403014887,-3.763118588603292e-19,50.0,50.0,0.0
5.789999999999999,0.15764270011032894,-3.763979406370261e-19,50.0,50.0,0.0
5.800000000000001,0.16214328136506762,-3.766726537977715e-19,50.0,50.0,0.0
5.810000000000002,0.166643765552064,-3.766077131036984e-19,50.0,50.0,0.0
5.82,0.1711441504590475,-3.7594073828426766e-19,50.0,50.0,0.0
5.830000000000002,0.17564442658434537,-3.75971281982887e-19,50.0,50.0,0.0
5.84,0.18014458458139446,-3.761245642506921e-19,50.0,50.0,0.0
5.850000000000001,0.1846446145280312,-3.7591750892834004e-19,50.0,50.0,0.0
5.859999999999999,0.18914450601811403,-3.7619872890715743e-19,50.0,50.0,0.0
5.870000000000001,0.19364424458327936,-3.7593404528619237e-19,50.0,50.0,0.0
5.879999999999999,0.19814381792732255,-3.757183891285533e-19,50.0,50.0,0.0
5.890000000000001,0.2026432113626438,-3.7526697461882323e-19,50.0,50.0,0.0
5.900000000000002,0.20714240642411041,-3.748857633188916e-19,50.0,50.0,0.0
5.91,0.21164138688920978,-3.746979092947393e-19,50.0,50.0,0.0
5.920000000000002,0.21614013213780198,-3.7407322110984795e-19,50.0,50.0,0.0
5.93,0.22063862328940564,-3.7381024086223403e-19,50.0,50.0,0.0
5.940000000000001,0.22513683569010098,-3.7341720245023444e-19,50.0,50.0,0.0
5.949999999999999,0.22963474860616187,-3.7327599154733444e-19,50.0,50.0,0.0
5.960000000000001,0.234132344444542,-3.733029718315735e-19,50.0,50.0,0.0
5.969999999999999,0.23862959795849945,-3.7389793887207206e-19,50.0,50.0,0.0
5.98,0.24312647771035,-3.7354506242785676e-19,50.0,50.0,0.0
5.990000000000002,0.24762295437881152,-3.7343740697686947e-19,50.0,50.0,0.0
6.0,0.25211898807585914,-3.7340450807200837e-19,50.0,50.0,0.0
6.010000000000002,0.2566145374655279,-3.7434809280625193e-19,50.0,50.0,0.0
6.02,0.26110956499777194,-3.7472185680736287e-19,50.0,50.0,0.0
6.030000000000001,0.2656040333142894,-3.743749675868026e-19,50.0,50.0,0.0
6.039999999999999,0.27009789840738735,-3.7427898398875907e-19,50.0,50.0,0.0
6.050000000000001,0.27459111638684086,-3.7375064357034776e-19,50.0,50.0,0.0
6.060000000000002,0.27908364174290534,-3.730287510901681e-19,50.0,50.0,0.0
6.07,0.2835754251424644,-3.739168109330154e-19,50.0,50.0,0.0
6.080000000000002,0.28806641683673206,-3.736843602198813e-19,50.0,50.0,0.0
6.09,0.292556563036889,-3.727816689580794e-19,50.0,50.0,0.0
6.100000000000001,0.29704580998107083,-3.7253404429109343e-19,50.0,50.0,0.0
6.109999999999999,0.3015341016913247,-3.7187804555720706e-19,50.0,50.0,0.0
6.120000000000001,0.30602137794513923,-3.721227240782571e-19,50.0,50.0,0.0
6.129999999999999,0.310507579014379,-3.7191348199209846e-19,50.0,50.0,0.0
6.140000000000001,0.31499264256951187,-3.721807980233164e-19,50.0,50.0,0.0
6.150000000000002,0.31947650558981955,-3.721095215038845e-19,50.0,50.0,0.0
6.16,0.32395910223338586,-3.709977052455857e-19,50.0,50.0,0.0
6.170000000000002,0.3284403666836517,-3.70595919215823e-19,50.0,50.0,0.0
6.18,0.3329202327825108,-3.701347333786288e-19,50.0,50.0,0.0
6.190000000000001,0.33739863344831944,-3.6949707057507203e-19,50.0,50.0,0.0
6.199999999999999,0.34187550098060654,-3.678974974521981e-19,50.0,50.0,0.0
6.210000000000001,0.3463507689078127,-3.6634930070965196e-19,50.0,50.0,0.0
6.219999999999999,0.35082437099732916,-3.651381739572206e-19,50.0,50.0,0.0
6.23,0.3552962413830605,-3.6485602677037937e-19,50.0,50.0,0.0
6.240000000000002,0.35976631925881314,-3.6486049542696265e-19,50.0,50.0,0.0
6.25,0.3642345447664098,-3.6442262428709175e-19,50.0,50.0,0.0
6.260000000000002,0.3687008567381895,-3.6406996140573345e-19,50.0,50.0,0.0
6.27,0.37316520081654775,-3.6291192416723916e-19,50.0,50.0,0.0
6.280000000000001,0.37762752813906514,-3.614518023012023e-19,50.0,50.0,0.0
6.289999999999999,0.3820877944652972,-3.609310946000919e-19,50.0,50.0,0.0
6.300000000000001,0.3865459638607123,-3.591649117601856e-19,50.0,50.0,0.0
6.310000000000002,0.3910020057616154,-3.5747580867072663e-19,50.0,50.0,0.0
6.32,0.3954559005440054,-3.560087694441249e-19,50.0,50.0,0.0
6.330000000000002,0.39990763813433855,-3.5522143359288935e-19,50.0,50.0,0.0
6.34,0.4043572189277428,-3.5317728143574645e-19,50.0,50.0,0.0
6.350000000000001,0.40880465734277677,-3.5218512696289916e-19,50.0,50.0,0.0
6.359999999999999,0.4132499834720227,-3.517306302472203e-19,50.0,50.0,0.0
6.370000000000001,0.41769324295467747,-3.499649456975652e-19,50.0,50.0,0.0
6.379999999999999,0.4221344998852385,-3.4897638274975105e-19,50.0,50.0,0.0
6.390000000000001,0.4265738394229516,-3.491135898473793e-19,50.0,50.0,0.0
6.400000000000002,0.43101137033439896,-3.48096737530547e-19,50.0,50.0,0.0
6.41,0.4354472255118882,-3.485599183109089e-19,50.0,50.0,0.0
6.420000000000002,0.43988156631576086,-3.475234514472073e-19,50.0,50.0,0.0
6.43,0.44431458375748156,-3.4730429850831553e-19,50.0,50.0,0.0
6.440000000000001,0.4487465029843145,-3.468863085234533e-19,50.0,50.0,0.0
6.449999999999999,0.45317758628928323,-3.460222659391301e-19,50.0,50.0,0.0
6.460000000000001,0.4576081348235458,-3.4456786123404495e-19,50.0,50.0,0.0
6.470000000000002,0.4620384937864696,-3.424442640484898e-19,50.0,50.0,0.0
6.48,0.4664690556273591,-3.403542335593921e-19,50.0,50.0,0.0
6.490000000000002,0.4709002638545172,-3.3834769001309465e-19,50.0,50.0,0.0
6.5,0.4753326174920139,-3.3509874415506516e-19,50.0,50.0,0.0
6.510000000000002,0.4797666758142677,-3.335141989650464e-19,50.0,50.0,0.0
6.52,0.48420306206426333,-3.3123339648669197e-19,50.0,50.0,0.0
6.530000000000001,0.4886424702043327,-3.280227834761706e-19,50.0,50.0,0.0
6.539999999999999,0.49308566909364415,-3.259550394285851e-19,50.0,50.0,0.0
6.550000000000001,0.4975335075300265,-3.2533832792010855e-19,50.0,50.0,0.0
6.560000000000002,0.5019869216088815,-3.2293267971573828e-19,50.0,50.0,0.0
6.57,0.506446940117223,-3.20889961266994e-19,50.0,50.0,0.0
6.580000000000002,0.5109146915230728,-3.1825583534877114e-19,50.0,50.0,0.0
6.59,0.5154054050353081,-3.166682195122262e-19,50.0,50.0,0.0
6.600000000000001,0.5199135689343042,-3.148320546675119e-19,50.0,50.0,0.0
6.609999999999999,0.5243752529072597,-3.118066862400308e-19,50.0,50.0,0.0
6.620000000000001,0.5288929160926886,-3.0933434364415e-19,50.0,50.0,0.0
6.629999999999999,0.5333630398218628,-3.0534921376830407e-19,50.0,50.0,0.0
6.640000000000001,0.5378614021222714,-3.024582555605454e-19,50.0,50.0,0.0
6.650000000000002,0.5424149468230371,-3.005557108127278e-19,50.0,50.0,0.0
6.66,0.5469403494495725,-3.174845765893572e-18,50.0,50.0,0.0
6.670000000000002,0.5513750092013363,-2.9286899007679005e-18,50.0,50.0,0.0
6.68,0.5558426730134395,-2.7007745927317592e-18,50.0,50.0,0.0
6.690000000000001,0.5603496749496957,-2.4912100690462995e-18,50.0,50.0,0.0
6.699999999999999,0.5648569534872612,-2.2986823829189616e-18,50.0,50.0,0.0
6.710000000000001,0.5693644826695904,-2.1218953373797157e-18,50.0,50.0,0.0
6.720000000000002,0.5738722389798819,-1.9603044046205844e-18,50.0,50.0,0.0
6.73,0.5783802011042924,-1.811253409835316e-18,50.0,50.0,0.0
6.740000000000002,0.5828883497197777,-1.6751074546343737e-18,50.0,50.0,0.0
6.75,0.5873966673105961,-1.550136202856051e-18,50.0,50.0,0.0
6.760000000000002,0.5919051379882866,-1.434906581621451e-18,50.0,50.0,0.0
6.77,0.5964137473342231,-1.3294529382516484e-18,50.0,50.0,0.0
6.780000000000001,0.6009224822523254,-1.2322794982622272e-18,50.0,50.0,0.0
6.789999999999999,0.6054313308305231,-1.1437483001879926e-18,50.0,50.0,0.0
6.800000000000001,0.6099402822026011,-1.0616792403709695e-18,50.0,50.0,0.0
6.810000000000002,0.6144493264077324,-9.862614854465107e-19,50.0,50.0,0.0
6.82,0.6189584542147686,-9.175096975415554e-19,50.0,50.0,0.0
6.830000000000002,0.6234676561842302,-8.5477970687429505e-19,50.0,50.0,0.0
6.84,0.6279770226288612,-7.95717175341502e-19,50.0,50.0,0.0
6.850000000000001,0.6324863408286566,-7.409342971835671e-19,50.0,50.0,0.0
6.859999999999999,0.6369957006891314,-6.942758342241309e-19,50.0,50.0,0.0
6.870000000000001,0.6415318481687177,-6.496923190274979e-19,50.0,50.0,0.0
6.879999999999999,0.6460135159405038,-6.126638526968819e-19,50.0,50.0,0.0
6.890000000000001,0.65052286134745,-5.820668307079452e-19,50.0,50.0,0.0
6.900000000000002,0.655032244767683,-5.552598634943659e-19,50.0,50.0,0.0
6.91,0.6595416626830001,-5.224974891673246e-19,50.0,50.0,0.0
6.920000000000002,0.6640511119120112,-4.984457521117173e-19,50.0,50.0,0.0
6.93,0.6685605895820046,-4.802597323013425e-19,50.0,50.0,0.0
6.940000000000001,0.6730700930934677,-4.576746906985687e-19,50.0,50.0,0.0
6.949999999999999,0.6775796201009702,-4.4201904381224e-19,50.0,50.0,0.0
6.960000000000001,0.682089168484655,-4.268540369635745e-19,50.0,50.0,0.0
6.969999999999999,0.6865987363351187,-4.1508403079739453e-19,50.0,50.0,0.0
6.98,0.6911083219268213,-3.960454999660828e-19,50.0,50.0,0.0
6.990000000000002,0.6956179237024247,-3.8459809749319683e-19,50.0,50.0,0.0
7.0,0.700127540263942,-3.7303633491813925e-19,50.0,50.0,0.0
7.010000000000002,0.7046371703472355,-3.5797861699162283e-19,50.0,50.0,0.0
7.02,0.7091468128184568,-3.546847524629709e-19,50.0,50.0,0.0
7.030000000000001,0.7136564666571427,-3.516200436137119e-19,50.0,50.0,0.0
7.039999999999999,0.7181661309473605,-3.4391073275665358e-19,50.0,50.0,0.0
7.050000000000001,0.7226758048658852,-3.3677493074112394e-19,50.0,50.0,0.0
7.060000000000002,0.7271854876769761,-3.338796243218353e-19,50.0,50.0,0.0
7.07,0.731695178721114,-3.3259843905868183e-19,50.0,50.0,0.0
7.080000000000002,0.7362048774120332,-3.32104064714547e-19,50.0,50.0,0.0
7.09,0.7407145832248335,-3.3606400115307683e-19,50.0,50.0,0.0
7.100000000000001,0.7452242956902416,-3.417465597816825e-19,50.0,50.0,0.0
7.109999999999999,0.7497340143967279,-3.4534472727993384e-19,50.0,50.0,0.0
7.120000000000001,0.7542437389778076,-3.359535409539378e-19,50.0,50.0,0.0
7.129999999999999,0.7587534691072354,-3.249872829564426e-19,50.0,50.0,0.0
7.140000000000001,0.763263204502826,-3.260584476082334e-19,50.0,50.0,0.0
7.150000000000002,0.7677729449162639,-3.281305624402535e-19,50.0,50.0,0.0
7.16,0.772282690129047,-3.266275362658479e-19,50.0,50.0,0.0
7.170000000000002,0.776792439952198,-3.291960883833271e-19,50.0,50.0,0.0
7.18,0.7813021942274758,-3.3174579105388482e-19,50.0,50.0,0.0
7.190000000000001,0.7858119528144246,-3.326428835559254e-19,50.0,50.0,0.0
7.199999999999999,0.7903217155965219,-3.3466676317384697e-19,50.0,50.0,0.0
7.210000000000001,0.7948314824763136,-3.374348857837398e-19,50.0,50.0,0.0
7.219999999999999,0.799341253374807,-3.391864029331248e-19,50.0,50.0,0.0
7.23,0.8038510282276686,-3.4157426189193806e-19,50.0,50.0,0.0
7.240000000000002,0.8083608069851662,-3.431760675728807e-19,50.0,50.0,0.0
7.25,0.8128705896077784,-3.441968403599744e-19,50.0,50.0,0.0
7.260000000000002,0.8173803760713567,-3.4638349981807816e-19,50.0,50.0,0.0
7.27,0.8218901663573243,-3.4982393866981767e-19,50.0,50.0,0.0
7.280000000000001,0.8263999604586045,-3.520906481455507e-19,50.0,50.0,0.0
7.289999999999999,0.8309097583778562,-3.5428391006168713e-19,50.0,50.0,0.0
7.300000000000001,0.8354195601195116,-3.5732775626925985e-19,50.0,50.0,0.0
7.310000000000002,0.8399293656980712,-3.5940568432044196e-19,50.0,50.0,0.0
7.32,0.8444391751303805,-3.6262342501778684e-19,50.0,50.0,0.0
7.330000000000002,0.8489489884403192,-3.650145140464879e-19,50.0,50.0,0.0
7.34,0.8534588056526231,-3.675159470405236e-19,50.0,50.0,0.0
7.350000000000001,0.8579686267977306,-3.7003022866006935e-19,50.0,50.0,0.0
7.359999999999999,0.8624784519063041,-3.7169192741455325e-19,50.0,50.0,0.0
7.370000000000001,0.8669882810122381,-3.726152098362657e-19,50.0,50.0,0.0
7.379999999999999,0.8714981141496169,-3.745934252430888e-19,50.0,50.0,0.0
7.390000000000001,0.8760079513537921,-3.76213012661324e-19,50.0,50.0,0.0
7.400000000000002,0.8805177926607355,-3.7787360279971463e-19,50.0,50.0,0.0
7.41,0.8850276381044742,-3.794092486903674e-19,50.0,50.0,0.0
7.420000000000002,0.8895374877221153,-3.8032068256127157e-19,50.0,50.0,0.0
7.43,0.8940473415433083,-3.805979935949276e-19,50.0,50.0,0.0
7.440000000000001,0.8985571994755659,-3.8093685291088955e-19,50.0,50.0,0.0
7.449999999999999,0.9030670616574324,-3.8146083456583174e-19,50.0,50.0,0.0
7.460000000000001,0.9075769242510862,-3.8155992728200773e-19,50.0,50.0,0.0
7.470000000000002,0.9120867843222144,-3.8209009138635875e-19,50.0,50.0,0.0
7.48,0.9165966494688802,-3.813278188588452e-19,50.0,50.0,0.0
7.490000000000002,0.92110651854969,-3.809238889471584e-19,50.0,50.0,0.0
7.5,0.9256163915948428,-3.8008433801436944e-19,50.0,50.0,0.0
7.510000000000002,0.9301262686230799,-3.7871594908581795e-19,50.0,50.0,0.0
7.52,0.9346361496389282,-3.77624737081672e-19,50.0,50.0,0.0
7.530000000000001,0.9391460346294621,-3.754888049455767e-19,50.0,50.0,0.0
7.539999999999999,0.9436559300125785,-3.73365766407106e-19,50.0,50.0,0.0
7.550000000000001,0.948165835976756,-3.719107231849532e-19,50.0,50.0,0.0
7.560000000000002,0.9526757463262695,-3.693964547729838e-19,50.0,50.0,0.0
7.57,0.9571856610457049,-3.674676693908857e-19,50.0,50.0,0.0
7.580000000000002,0.9616955801140559,-3.6438055736185225e-19,50.0,50.0,0.0
7.59,0.966204994091517,-3.608799886932545e-19,50.0,50.0,0.0
7.600000000000001,0.9707075797986319,-3.5599559429904744e-19,50.0,50.0,0.0
7.609999999999999,0.9752012352797212,-3.5221730767221697e-19,50.0,50.0,0.0
7.620000000000001,0.9796856757095129,-3.4782025098731304e-19,50.0,50.0,0.0
7.629999999999999,0.9841607502251124,-3.438982880498531e-19,50.0,50.0,0.0
7.640000000000001,0.9886265242139093,-3.389192222570678e-19,50.0,50.0,0.0
7.650000000000002,0.993083331252652,-3.3346954705701175e-19,50.0,50.0,0.0
7.66,0.9975318340892801,-3.2836476684001264e-19,50.0,50.0,0.0
7.670000000000002,1.0019730908033768,-3.2180356618237515e-19,50.0,50.0,0.0
7.68,1.0064086223995141,-3.162262673732497e-19,50.0,50.0,0.0
7.690000000000001,1.0108404889047675,-3.1019594632348434e-19,50.0,50.0,0.0
7.699999999999999,1.0152713715384392,-3.023468768095974e-19,50.0,50.0,0.0
7.710000000000001,1.0197046586941543,-2.930957521962752e-19,50.0,50.0,0.0
7.720000000000002,1.0241445381319503,-2.8558049599200823e-19,50.0,50.0,0.0
7.73,1.0285960952108737,-2.7803266950911663e-19,50.0,50.0,0.0
7.740000000000002,1.03306541416162,-2.6942988120543376e-19,50.0,50.0,0.0
7.75,1.0375596895312467,-2.604678228176709e-19,50.0,50.0,0.0
7.760000000000002,1.0420333793731447,1.7717013685149835e-19,50.0,50.0,0.0
7.77,1.0465057369621922,1.4849354287648417e-19,50.0,50.0,0.0
7.780000000000001,1.0508552208799085,9.450370306600174e-20,50.0,50.0,0.0
7.789999999999999,1.0553093548855759,7.597510880772013e-20,50.0,50.0,0.0
7.800000000000001,1.059763474414481,6.055434626172478e-20,50.0,50.0,0.0
7.810000000000002,1.064217578890513,4.709033239428283e-20,50.0,50.0,0.0
7.82,1.0686721306294953,3.939123634638222e-20,50.0,50.0,0.0
7.830000000000002,1.0731254605018687,2.7286707050560956e-20,50.0,50.0,0.0
7.84,1.0775373832845176,1.7742284379798458e-20,50.0,50.0,0.0
7.850000000000001,1.0819327899180506,8.609738510673575e-21,50.0,50.0,0.0
7.859999999999999,1.0858500069607593,-3.894641676966179e-20,50.0,50.0,0.0
7.870000000000001,1.090303634994898,-4.086282881282464e-20,50.0,50.0,0.0
7.879999999999999,1.0947572584423602,-4.577000831362401e-20,50.0,50.0,0.0
7.890000000000001,1.0992108825345286,-5.050743711783771e-20,50.0,50.0,0.0
7.900000000000002,1.1036645074113287,-5.638748689811786e-20,50.0,50.0,0.0
7.91,1.1081181332164618,-6.196273716628447e-20,50.0,50.0,0.0
7.920000000000002,1.112571760107101,-6.837784707143333e-20,50.0,50.0,0.0
7.93,1.1170253882469734,-7.496051068146091e-20,50.0,50.0,0.0
7.940000000000001,1.1214678696307079,-8.328038592674786e-20,50.0,50.0,0.0
7.949999999999999,1.1258674928764483,-9.11021925641595e-20,50.0,50.0,0.0
7.960000000000001,1.130257441509809,-1.0004458408611916e-19,50.0,50.0,0.0
7.969999999999999,1.1346700382906367,-1.065717670381016e-19,50.0,50.0,0.0
7.98,1.1372471760128677,-9.526943788672302e-19,50.0,50.0,0.0
7.990000000000002,1.1393649433842883,-8.814163710673232e-19,50.0,50.0,0.0
8.0,1.14148297420374,-8.169398260756317e-19,50.0,50.0,0.0
8.010000000000002,1.143601053913969,-7.579098088139041e-19,50.0,50.0,0.0
8.02,1.145719178548032,-7.057047462897879e-19,50.0,50.0,0.0
8.030000000000001,1.1478373445194272,-6.583015664832156e-19,50.0,50.0,0.0
8.04,1.1499555485875217,-6.142448285627878e-19,50.0,50.0,0.0
8.05,1.152073787819578,-5.760984747900637e-19,50.0,50.0,0.0
8.060000000000002,1.1541920595689439,-5.418805936522561e-19,50.0,50.0,0.0
8.07,1.1563103614444954,-5.103562772867173e-19,50.0,50.0,0.0
8.080000000000002,1.1584286912888657,-4.819959598514182e-19,50.0,50.0,0.0
8.09,1.1605470471532202,-4.566351449010242e-19,50.0,50.0,0.0
8.100000000000001,1.1626654272775048,-4.3355812929977493e-19,50.0,50.0,0.0
8.11,1.164783830073919,-4.1303401806199083e-19,50.0,50.0,0.0
8.120000000000001,1.1669022541166842,-3.9401643433023733e-19,50.0,50.0,0.0
8.129999999999999,1.1690206981098155,-3.777569420759765e-19,50.0,50.0,0.0
8.14,1.17113916089235,-3.620389354855827e-19,50.0,50.0,0.0
8.150000000000002,1.1732576414099567,-3.5153725556940136e-19,50.0,50.0,0.0
8.16,1.1753761387132908,-3.405193620114277e-19,50.0,50.0,0.0
8.170000000000002,1.177494651950206,-3.3019826224041153e-19,50.0,50.0,0.0
8.18,1.179613180345187,-3.2033696901085647e-19,50.0,50.0,0.0
8.190000000000001,1.181731723197326,-3.1321547333236705e-19,50.0,50.0,0.0
8.2,1.183850279872794,-3.079434310808155e-19,50.0,50.0,0.0
8.21,1.1859688498045233,-3.0098147372706907e-19,50.0,50.0,0.0
8.219999999999999,1.1881769183856323,-2.9572720538968275e-19,50.0,50.0,0.0
8.23,1.19045738747387,-2.9157378809576584e-19,50.0,50.0,0.0
8.240000000000002,1.1927378679014875,-2.876138769203992e-19,50.0,50.0,0.0
8.25,1.1950183593130326,-2.8335155605787505e-19,50.0,50.0,0.0
8.260000000000002,1.1972988613798468,-2.793616353385717e-19,50.0,50.0,0.0
8.27,1.1995793736618638,-2.7681862885029517e-19,50.0,50.0,0.0
8.280000000000001,1.2018598935395584,-2.7463102130060867e-19,50.0,50.0,0.0
8.29,1.2041403986077939,-2.7162667459723603e-19,50.0,50.0,0.0
8.3,1.2064209116111955,-2.69647898851834e-19,50.0,50.0,0.0
8.310000000000002,1.2087014452841884,-2.6510749292777603e-19,50.0,50.0,0.0
8.32,1.2109820051725202,-2.6083662550268493e-19,50.0,50.0,0.0
8.330000000000002,1.2132625738628373,-2.5669044209547973e-19,50.0,50.0,0.0
8.34,1.2155431511293016,-2.5034483634987775e-19,50.0,50.0,0.0
8.350000000000001,1.2178237367504217,-2.460587501052944e-19,50.0,50.0,0.0
8.36,1.2201043305043084,-2.4063789337311065e-19,50.0,50.0,0.0
8.370000000000001,1.2223849321707692,-2.3656498057443377e-19,50.0,50.0,0.0
8.379999999999999,1.2246655415265852,-2.3082767597921276e-19,50.0,50.0,0.0
8.39,1.2519931539525804,2.871378408338216e-19,50.0,50.0,0.0
8.400000000000002,1.2902679027881907,7.198778809420198e-21,50.0,50.0,0.0
8.41,1.328534918705256,-2.5617167687453177e-19,50.0,50.0,0.0
8.420000000000002,1.3438391719053937,-2.7186507980478584e-19,50.0,50.0,0.0
8.43,1.3485589415150332,-2.5458481358741007e-19,50.0,50.0,0.0
8.440000000000001,1.3532787193806333,-2.3527378587899203e-19,50.0,50.0,0.0
8.45,1.3579985052855301,-2.1657039843111064e-19,50.0,50.0,0.0
8.46,1.3627182989900035,-1.972286128387955e-19,50.0,50.0,0.0
8.470000000000002,1.367438100237054,-1.763555769663018e-19,50.0,50.0,0.0
8.48,1.372157908743803,-1.5470673832346193e-19,50.0,50.0,0.0
8.490000000000002,1.3768777238096144,-1.3334329684428758e-19,50.0,50.0,0.0
8.5,1.3815975068469468,-1.1047086616957972e-19,50.0,50.0,0.0
8.510000000000002,1.386317287676471,-8.808307068959932e-20,50.0,50.0,0.0
8.52,1.3910364631868144,-6.487730608036729e-20,50.0,50.0,0.0
8.530000000000001,1.3957481227899644,-4.0871862959588384e-20,50.0,50.0,0.0
8.54,1.4004517623721664,-1.4941590405733292e-20,50.0,50.0,0.0
8.55,1.4051493244315127,1.1401663649467481e-20,50.0,50.0,0.0
8.560000000000002,1.409843182025397,3.6213561545371287e-20,50.0,50.0,0.0
8.57,1.4144907292520164,6.30098723482347e-20,50.0,50.0,0.0
8.580000000000002,1.4191417016110566,9.130400209963974e-20,50.0,50.0,0.0
8.59,1.4237927187055528,1.216247375866895e-19,50.0,50.0,0.0
8.600000000000001,1.4284437615842729,1.5074048929693124e-19,50.0,50.0,0.0
8.61,1.4219411692647654,-3.3487721353474952e-18,50.0,50.0,0.0
8.620000000000001,1.4266571146163936,-2.991343713363968e-18,50.0,50.0,0.0
8.629999999999999,1.4313734590989726,-2.661370170299793e-18,50.0,50.0,0.0
8.64,1.4360901539677273,-2.352255237078229e-18,50.0,50.0,0.0
8.650000000000002,1.4382307693837657,-3.721395481371817e-18,50.0,50.0,0.0
8.66,1.4401687940146077,-3.32121031851855e-18,50.0,50.0,0.0
8.670000000000002,1.4421070609327618,-2.9542254590658623e-18,50.0,50.0,0.0
8.68,1.4440455481762093,-2.618026223839369e-18,50.0,50.0,0.0
8.690000000000001,1.4459842358901756,-2.3094294630232887e-18,50.0,50.0,0.0
8.7,1.4479231061465019,-2.0264503666639675e-18,50.0,50.0,0.0
8.71,1.449862142737939,-1.7673353648023513e-18,50.0,50.0,0.0
8.720000000000002,1.469961418007811,-5.92786540580335e-19,50.0,50.0,0.0
8.73,1.4743510125377925,-1.2903850882470845e-18,50.0,50.0,0.0
8.740000000000002,1.478741963095842,-1.0977954187881111e-18,50.0,50.0,0.0
8.75,1.482719313512864,-9.134973548498098e-19,50.0,50.0,0.0
8.760000000000002,1.4861317351141812,-7.385617578357474e-19,50.0,50.0,0.0
8.77,1.4895535958018506,-5.771030902872114e-19,50.0,50.0,0.0
8.780000000000001,1.4929453627493507,-4.2533935009471116e-19,50.0,50.0,0.0
8.79,1.4962581516640787,-2.846406130504306e-19,50.0,50.0,0.0
8.8,1.499426483372135,-1.5490883509072513e-19,50.0,50.0,0.0
8.810000000000002,1.5023539747644141,-3.359974100027964e-20,50.0,50.0,0.0
8.82,1.5048855841940156,7.889152835101179e-20,50.0,50.0,0.0
8.830000000000002,1.5068960996907579,1.8545907278568025e-19,50.0,50.0,0.0
8.84,1.5088363732024241,2.8624773493770626e-19,50.0,50.0,0.0
8.850000000000001,1.5107766958684032,3.817197830380538e-19,50.0,50.0,0.0
8.86,1.5127170672915675,4.712268133655998e-19,50.0,50.0,0.0
8.870000000000001,1.5146574842584521,5.567972580707815e-19,50.0,50.0,0.0
8.879999999999999,1.5165979438446326,6.3770838629135425e-19,50.0,50.0,0.0
8.89,1.5185384433907148,7.144836643887209e-19,50.0,50.0,0.0
8.900000000000002,1.520478980468997,7.878816103671478e-19,50.0,50.0,0.0
8.91,1.5223508462188537,8.581993210328845e-19,50.0,50.0,0.0
8.920000000000002,1.5242283960324003,9.267912020685907e-19,50.0,50.0,0.0
8.93,1.5261059723877497,9.914179101199628e-19,50.0,50.0,0.0
8.940000000000001,1.5279835456950208,1.0555857380721595e-18,50.0,50.0,0.0
8.95,1.5298611632100927,1.1183049279263148e-18,50.0,50.0,0.0
8.96,1.5317388294061902,1.179552821551089e-18,50.0,50.0,0.0
8.969999999999999,1.5336165210880006,1.2392868555408833e-18,50.0,50.0,0.0
8.98,1.5354942369619862,1.298122822848351e-18,50.0,50.0,0.0
8.990000000000002,1.5373719758026303,1.356704256755169e-18,50.0,50.0,0.0
9.0,1.539249736451034,1.4151035785783272e-18,50.0,50.0,0.0
9.010000000000002,1.5411275177981913,1.4736968709464067e-18,50.0,50.0,0.0
9.02,1.5430053187841963,1.5317730497001873e-18,50.0,50.0,0.0
9.030000000000001,1.544883138383006,1.5904171640451019e-18,50.0,50.0,0.0
9.04,1.546760975606549,1.6467846655860336e-18,50.0,50.0,0.0
9.05,1.5486388294856919,1.7058442495915769e-18,50.0,50.0,0.0
9.060000000000002,1.5505166990771273,1.7626255267272427e-18,50.0,50.0,0.0
9.07,1.5523945834543007,1.8197140650645246e-18,50.0,50.0,0.0
9.080000000000002,1.5542724817022198,1.8784477531436112e-18,50.0,50.0,0.0
9.09,1.5561503929132452,1.9368040880446962e-18,50.0,50.0,0.0
9.100000000000001,1.5571759242512488,1.991608602039707e-18,50.0,50.0,0.0
9.11,1.5579753110890586,2.0541787140951455e-18,50.0,50.0,0.0
9.120000000000001,1.5587496669001126,2.1209717089091203e-18,50.0,50.0,0.0
9.129999999999999,1.5594975074498871,2.1913364299034292e-18,50.0,50.0,0.0
9.14,1.5602171167704508,2.2648940415924135e-18,50.0,50.0,0.0
9.150000000000002,1.5609065056143812,2.344144561719894e-18,50.0,50.0,0.0
9.16,1.561563438595684,2.4274714279060358e-18,50.0,50.0,0.0
9.170000000000002,1.5622208456619964,2.5159626539715872e-18,50.0,50.0,0.0
9.18,1.5621860317107177,1.9036696414557657e-18,50.0,50.0,0.0
9.190000000000001,1.5630127991705223,2.092066709584068e-18,50.0,50.0,0.0
9.2,1.5638134976678928,2.2751643160778735e-18,-50.0,-50.0,0.0
9.21,1.5571658240273385,2.444436650806594e-18,-50.0,-50.0,0.0
9.219999999999999,1.5504700395623274,2.6231889782809845e-18,-50.0,-50.0,0.0
9.23,1.543778587440536,2.8025164411265606e-18,-50.0,-50.0,0.0
9.240000000000002,1.5400230568887858,2.9790478482132504e-18,-50.0,-50.0,0.0
9.25,1.5362676423540906,3.1476891433962663e-18,-50.0,-50.0,0.0
9.260000000000002,1.5325122109840346,3.3102161312495267e-18,-50.0,-50.0,0.0
9.27,1.4280594207094213,2.179679138966844e-18,-50.0,-50.0,0.0
9.280000000000001,1.1725578195808448,1.9108152113988043e-18,-50.0,-50.0,0.0
9.29,0.9170566728260884,1.9769608612828398e-18,50.0,50.0,0.0
9.3,1.1178066904949915,2.0324063674606855e-18,50.0,50.0,0.0
9.310000000000002,1.3185567054986207,2.099197456450529e-18,50.0,50.0,0.0
9.32,1.5193067207933328,2.1671434748639543e-18,50.0,50.0,0.0
9.330000000000002,1.7200567362660917,2.2367102908219497e-18,50.0,50.0,0.0
9.34,1.920806751805866,2.3043327426495234e-18,50.0,50.0,0.0
9.350000000000001,2.121556767306614,2.3742843233238093e-18,50.0,50.0,0.0
9.36,2.3223067826656636,2.4405286525462e-18,50.0,50.0,0.0
9.370000000000001,2.5230567977832212,2.5068157569324272e-18,50.0,50.0,0.0
9.379999999999999,2.723806812563688,2.572355990017413e-18,50.0,50.0,0.0
9.39,1.813256020848792,4.249310548442055e-18,50.0,50.0,0.0
9.400000000000002,1.6447473270547073,4.230537333715584e-18,50.0,50.0,0.0
9.41,1.646624883871004,4.277384820204088e-18,50.0,50.0,0.0
9.420000000000002,1.6485024578361012,4.322708706178718e-18,50.0,50.0,0.0
9.43,1.650380049286635,4.368499307307285e-18,50.0,50.0,0.0
9.440000000000001,1.652257658540858,4.414235063052517e-18,50.0,50.0,0.0
9.45,1.6541352858976417,4.459390177712407e-18,50.0,50.0,0.0
9.46,1.6560129316245047,4.502572764396379e-18,50.0,50.0,0.0
9.470000000000002,1.6578905959609787,4.545367621748744e-18,50.0,50.0,0.0
9.48,1.659768279105624,4.585723235971254e-18,50.0,50.0,0.0
9.490000000000002,1.6616459812195248,4.626421051504456e-18,50.0,50.0,0.0
9.5,1.6635237024231833,4.666413500350831e-18,50.0,50.0,0.0
9.510000000000002,1.6654014427847073,4.706706010618771e-18,50.0,50.0,0.0
9.52,1.667279202327341,4.746406021340106e-18,50.0,50.0,0.0
9.530000000000001,1.669156981020471,4.7845214451753655e-18,50.0,50.0,0.0
9.54,1.671034778781579,4.823495972177378e-18,50.0,50.0,0.0
9.55,1.6729125954710897,4.862184837317929e-18,50.0,50.0,0.0
9.560000000000002,1.674790430895437,4.900277814780086e-18,50.0,50.0,0.0
9.57,1.6766682847999168,4.937612274237976e-18,50.0,50.0,0.0
9.580000000000002,1.678557731175272,4.97402283250865e-18,50.0,50.0,0.0
9.59,1.6805918001825169,5.012518150620753e-18,50.0,50.0,0.0
9.600000000000001,1.6824942428038354,5.051318824110341e-18,50.0,50.0,0.0
9.61,1.684367589621144,5.089458811901071e-18,50.0,50.0,0.0
9.620000000000001,1.6862393159273927,5.126895338829106e-18,50.0,50.0,0.0
9.629999999999999,1.6881111764390189,5.1660020029708886e-18,50.0,50.0,0.0
9.64,1.6899832535664712,5.203863316921972e-18,50.0,50.0,0.0
9.650000000000002,1.6918557184379917,5.243491541601028e-18,50.0,50.0,0.0
9.66,1.6937289703231488,5.2825634773919745e-18,50.0,50.0,0.0
9.670000000000002,1.6956044501289065,5.322188737455715e-18,50.0,50.0,0.0
9.68,1.698819410500331,5.3719752165129545e-18,50.0,50.0,0.0
9.690000000000001,1.7013220063837347,5.435191402948911e-18,50.0,50.0,0.0
9.7,1.714090962040242,3.2611299366814272e-18,50.0,50.0,0.0
9.71,1.7522684464706242,3.3517844848942655e-18,50.0,50.0,0.0
9.720000000000002,1.7900705043958292,3.4355295735981145e-18,50.0,50.0,0.0
9.73,1.7947903147008828,3.483798593130349e-18,50.0,50.0,0.0
9.740000000000002,1.7995100885843394,3.501285164809941e-18,50.0,50.0,0.0
9.75,1.8042298616393744,3.519120184668209e-18,50.0,50.0,0.0
9.760000000000002,1.8089496313282643,3.536683836346002e-18,50.0,50.0,0.0
9.77,1.813669382108901,3.55685550246839e-18,50.0,50.0,0.0
9.780000000000001,1.8183869366978194,3.573871970862254e-18,50.0,50.0,0.0
9.79,1.8231063143635557,3.590615165251513e-18,50.0,50.0,0.0
9.8,1.8278256981566223,3.6068465399823915e-18,50.0,50.0,0.0
9.810000000000002,1.8325450892094255,3.6248636719243195e-18,50.0,50.0,0.0
9.82,1.8372644886385778,3.642332985307611e-18,50.0,50.0,0.0
9.830000000000002,1.8419838975304237,3.660310836096609e-18,50.0,50.0,0.0
9.84,1.8467033170398217,3.677816995413105e-18,50.0,50.0,0.0
9.850000000000001,1.8514227479487009,3.697635131159133e-18,50.0,50.0,0.0
9.86,1.856142191364099,3.720433128813601e-18,50.0,50.0,0.0
9.870000000000001,1.8608609451238485,3.746350748812806e-18,50.0,50.0,0.0
9.879999999999999,1.865577734662159,3.772669015396063e-18,50.0,50.0,0.0
9.89,1.8702926243274618,3.800561492711791e-18,50.0,50.0,0.0
9.900000000000002,1.8750056376829205,3.829880055873343e-18,50.0,50.0,0.0
9.91,1.879716794924031,3.861073738221877e-18,50.0,50.0,0.0
9.920000000000002,1.88442611315342,3.893806691193809e-18,50.0,50.0,0.0
9.93,1.889133604480145,3.925851641654332e-18,50.0,50.0,0.0
9.940000000000001,1.8938392726100661,3.961304629178135e-18,50.0,50.0,0.0
9.95,1.8985431100172379,3.996526482586455e-18,50.0,50.0,0.0
9.96,1.8953375099543932,6.208438145497589e-18,50.0,50.0,0.0
9.969999999999999,1.897215172249777,6.261129100530964e-18,50.0,50.0,0.0
9.98,1.8990928555942477,6.3139039118261165e-18,50.0,50.0,0.0
9.990000000000002,1.9009705603390727,6.365943922039527e-18,50.0,50.0,0.0
10.0,1.9028482867446908,6.414767748152212e-18,50.0,50.0,0.0
10.010000000000002,1.904726034974332,6.465061599944858e-18,50.0,50.0,0.0
10.02,1.9066038050862184,6.512902444322255e-18,50.0,50.0,0.0
10.030000000000001,1.9084815970393274,6.558487216444639e-18,50.0,50.0,0.0
10.04,2.029682622977813,4.583924667386883e-18,50.0,50.0,0.0
10.05,2.2304326419449674,4.652264979637255e-18,50.0,50.0,0.0
10.060000000000002,2.431182672133387,4.7205070360657446e-18,50.0,50.0,0.0
10.07,2.6319327138510893,4.7882794127249825e-18,50.0,50.0,0.0
10.080000000000002,2.8326827670623107,4.856077200372637e-18,50.0,50.0,0.0
10.09,3.0334328312047627,4.921581646315602e-18,50.0,50.0,0.0
10.100000000000001,3.23418290521443,4.9835812816810635e-18,50.0,50.0,0.0
10.11,3.434932987378489,5.045199963978497e-18,50.0,50.0,0.0
10.120000000000001,3.635683075030811,5.106512443865499e-18,50.0,50.0,0.0
10.129999999999999,3.836433164503572,5.165780186217829e-18,50.0,50.0,0.0
10.14,4.037183251925182,5.226072414919863e-18,50.0,50.0,0.0
10.150000000000002,4.237933269076508,5.285782943745371e-18,50.0,50.0,0.0
10.16,4.438682244354055,5.3365187349782454e-18,50.0,50.0,0.0
10.170000000000002,4.639431400986939,5.372571421828705e-18,50.0,50.0,0.0
10.18,4.840180880701794,5.396535254455951e-18,50.0,50.0,0.0
10.190000000000001,5.040932842565374,5.377846954782443e-18,50.0,50.0,0.0
10.2,5.241682870767206,5.404366497569792e-18,15.098039215686274,15.098039215686274,0.0
10.21,5.283192697817013,5.4238069625004615e-18,-50.0,-50.0,0.0
10.219999999999999,5.0276927232169815,5.307234476651061e-18,-50.0,-50.0,0.0
10.23,4.772192824042823,4.5176290926711824e-18,-50.0,-50.0,0.0
10.240000000000002,4.516692855058665,4.6061148130225775e-18,49.411764705882355,49.411764705882355,0.0
10.25,4.714759069358912,4.698817486901876e-18,50.0,50.0,0.0
10.260000000000002,4.915509661657198,4.7925078011976746e-18,50.0,50.0,0.0
10.27,5.116260962617787,4.8494741550323145e-18,50.0,50.0,0.0
10.280000000000001,5.317010906080301,5.0182429286738915e-18,-19.215686274509807,-19.215686274509807,0.0
10.29,5.201964236348376,5.191916870113019e-18,-50.0,-50.0,0.0
10.3,4.946464254219384,5.359514197188544e-18,-50.0,-50.0,0.0
10.310000000000002,3.4496994477074114,5.5206130874927336e-18,-19.215686274509807,-19.215686274509807,0.0
10.32,2.5054261915053297,5.695660916372307e-18,50.0,50.0,0.0
10.330000000000002,1.942538793341371,4.681808218288062e-18,50.0,50.0,0.0
10.34,1.9456479984722397,4.9756354773611075e-18,50.0,50.0,0.0
10.350000000000001,1.9533148670833338,5.3133712303539195e-18,50.0,50.0,0.0
10.36,1.9580340998437171,5.6378526117880975e-18,50.0,50.0,0.0
10.370000000000001,1.9627533287747951,5.965818686767279e-18,50.0,50.0,0.0
10.379999999999999,1.96747255419955,6.294444600412371e-18,50.0,50.0,0.0
10.39,1.972191776673698,6.6212968270659134e-18,50.0,50.0,0.0
10.400000000000002,1.9769109969385223,6.948151594818298e-18,50.0,50.0,0.0
10.41,1.981630215831025,7.269540458962053e-18,50.0,50.0,0.0
10.420000000000002,1.9863494329267997,7.58549221861738e-18,50.0,50.0,0.0
10.43,1.9910686462513345,7.894116296246008e-18,50.0,50.0,0.0
10.440000000000001,1.9957878443038939,8.193936313420877e-18,50.0,50.0,0.0
10.45,2.1573307385492986,7.729384481631045e-18,50.0,50.0,0.0
10.46,2.3580806154803002,7.857893779289624e-18,50.0,50.0,0.0
10.470000000000002,2.5588305014804607,7.984819125336839e-18,50.0,50.0,0.0
10.48,2.7595803991343666,8.108693458708045e-18,50.0,50.0,0.0
10.490000000000002,2.960330296551427,8.2284029310776e-18,50.0,50.0,0.0
10.5,3.1610802156634445,8.34638953843244e-18,50.0,50.0,0.0
10.510000000000002,3.3618301725947286,8.46093634498848e-18,50.0,50.0,0.0
10.52,3.562580127579315,8.516167975347143e-18,50.0,50.0,0.0
10.530000000000001,3.7633301151612,8.56828845369054e-18,50.0,50.0,0.0
10.54,3.9640801438775872,8.647208207452116e-18,50.0,50.0,0.0
10.55,4.164830208349498,8.741407588549213e-18,50.0,50.0,0.0
10.560000000000002,4.365580305999194,8.834421970553104e-18,50.0,50.0,0.0
10.57,4.566330439888073,8.926222554343577e-18,50.0,50.0,0.0
10.580000000000002,4.7467243212202375,9.017431909136868e-18,50.0,50.0,0.0
10.59,4.870587243225739,9.107540968131673e-18,50.0,50.0,0.0
10.600000000000001,4.951356997941731,9.192521242630856e-18,50.0,50.0,0.0
10.61,5.027231925596492,9.279928266523923e-18,49.411764705882355,49.411764705882355,0.0
10.620000000000001,5.097561467293762,9.3650643950854e-18,15.098039215686274,15.098039215686274,0.0
10.629999999999999,5.051818666118975,9.450938289343937e-18,-19.215686274509807,-19.215686274509807,0.0
10.64,4.888918361140563,9.535764403846719e-18,-19.215686274509807,-19.215686274509807,0.0
10.650000000000002,4.720521740256577,9.616957594038725e-18,15.098039215686274,15.098039215686274,0.0
10.66,4.657741632419834,9.695356422537742e-18,50.0,50.0,0.0
10.670000000000002,4.697971706980314,9.772509265571348e-18,50.0,50.0,0.0
10.68,4.410546348050596,9.885841426881027e-18,50.0,50.0,0.0
10.690000000000001,2.0968105007818183,9.254209381629969e-18,50.0,50.0,0.0
10.7,2.0984312711145634,9.230475518447903e-18,50.0,50.0,0.0
10.71,2.1003539000778835,9.328064090125202e-18,50.0,50.0,0.0
10.720000000000002,2.1022779519853803,9.426802509028398e-18,50.0,50.0,0.0
10.73,2.1042053233313265,9.528644880166808e-18,50.0,50.0,0.0
10.740000000000002,2.1061368994512657,9.630145261752765e-18,50.0,50.0,0.0
10.75,2.1080729024374016,9.735092220401097e-18,50.0,50.0,0.0
10.760000000000002,2.1100127600493486,9.840237808275561e-18,50.0,50.0,0.0
10.77,2.111953284033688,9.945030606927495e-18,50.0,50.0,0.0
10.780000000000001,2.1138938356748898,1.0051312489500701e-17,50.0,50.0,0.0
10.79,2.1158344155194047,1.0159852561911288e-17,50.0,50.0,0.0
10.8,2.117775023932145,1.027089307558217e-17,50.0,50.0,0.0
10.810000000000002,2.1197156259716885,1.0364547814494183e-17,50.0,50.0,0.0
10.82,2.1216562435053703,1.0461407302562132e-17,50.0,50.0,0.0
10.830000000000002,2.123596935482448,1.0574798332661645e-17,50.0,50.0,0.0
10.84,2.1255376573058795,1.0689417984051149e-17,50.0,50.0,0.0
10.850000000000001,2.1274784090271774,1.0804504350594592e-17,50.0,50.0,0.0
10.86,2.1294191905752218,1.0920988321501003e-17,50.0,50.0,0.0
10.870000000000001,2.1313599946818953,1.1036992871759269e-17,50.0,50.0,0.0
10.879999999999999,2.1332991803350447,1.1153768645516009e-17,50.0,50.0,0.0
10.89,2.314168282296964,1.0714401644346889e-17,50.0,50.0,0.0
10.900000000000002,2.514918394321323,1.0851009847530645e-17,50.0,50.0,0.0
10.91,2.715668442569256,1.0914297608250644e-17,50.0,50.0,0.0
10.920000000000002,2.9164185055129446,1.0978971114872352e-17,50.0,50.0,0.0
10.93,3.117168582537623,1.1044725435534755e-17,50.0,50.0,0.0
10.940000000000001,3.3179186711433526,1.1109728437972947e-17,50.0,50.0,0.0
10.95,3.518668768835179,1.1176105751368056e-17,50.0,50.0,0.0
10.96,3.7194188735370433,1.1244290633072606e-17,50.0,50.0,0.0
10.969999999999999,3.9201689754282523,1.1311630175895795e-17,50.0,50.0,0.0
10.98,4.120919068291733,1.137969520243831e-17,50.0,50.0,0.0
10.990000000000002,4.321669145444324,1.1450100581014087e-17,50.0,50.0,0.0
11.0,4.522417348208507,1.1518418023374882e-17,50.0,50.0,0.0
11.010000000000002,4.723167273193184,1.1575696508850585e-17,50.0,50.0,0.0
11.02,4.9239172265598965,1.163192890863643e-17,50.0,50.0,0.0
11.030000000000001,5.124667214269456,1.168446612718988e-17,50.0,50.0,0.0
11.04,2.3667892349017934,8.483583253140935e-18,-19.215686274509807,-19.215686274509807,0.0
11.05,2.229951391253625,8.71220168076961e-18,50.0,50.0,0.0
11.060000000000002,2.234668218591006,8.954110902373648e-18,50.0,50.0,0.0
11.07,2.23938501811733,9.184059595245983e-18,50.0,50.0,0.0
11.080000000000002,2.244102082106298,9.40412087252502e-18,50.0,50.0,0.0
11.09,2.2488193874696494,9.615197671332529e-18,50.0,50.0,0.0
11.100000000000001,2.2535369135469794,9.819593497768569e-18,50.0,50.0,0.0
11.11,2.2582546418784912,1.0018702568064323e-17,50.0,50.0,0.0
11.120000000000001,2.262972555952561,1.0213150839567807e-17,50.0,50.0,0.0
11.129999999999999,2.26769064100568,1.0404863618168135e-17,50.0,50.0,0.0
11.14,2.2724088618055616,1.0592382313130132e-17,50.0,50.0,0.0
11.150000000000002,2.277127219997784,1.0778745655152078e-17,50.0,50.0,0.0
11.16,2.2818457437889954,1.096232607042582e-17,50.0,50.0,0.0
11.170000000000002,2.286564393234509,1.1144586808367738e-17,50.0,50.0,0.0
11.18,2.291283159747549,1.1325293240851443e-17,50.0,50.0,0.0
11.190000000000001,2.296002035562178,1.15045728463355e-17,50.0,50.0,0.0
11.2,2.3007210136326326,1.1681758586373944e-17,50.0,50.0,0.0
11.21,2.419191781579231,1.255511520004654e-17,50.0,50.0,0.0
11.219999999999999,2.619941562908309,1.2619669698539156e-17,50.0,50.0,0.0
11.23,2.8206913625975916,1.2681309980176747e-17,50.0,50.0,0.0
11.240000000000002,3.021441179250882,1.2741645407559095e-17,50.0,50.0,0.0
11.25,3.2221910116515167,1.2799091605558356e-17,50.0,50.0,0.0
11.260000000000002,3.422940858738222,1.2852823140567432e-17,50.0,50.0,0.0
11.27,3.6236907195851513,1.2904714072982126e-17,50.0,50.0,0.0
11.280000000000001,3.824440593382103,1.2955658446078264e-17,50.0,50.0,0.0
11.29,4.02519047941941,1.3005181921405378e-17,50.0,50.0,0.0
11.3,4.225940377068321,1.3050488019688114e-17,50.0,50.0,0.0
11.310000000000002,4.426690285769808,1.3093368639126391e-17,50.0,50.0,0.0
11.32,4.627440205019681,1.3133281678633962e-17,50.0,50.0,0.0
11.330000000000002,4.828190134358033,1.317117115643054e-17,50.0,50.0,0.0
11.34,5.0289400733563685,1.3206798632741478e-17,50.0,50.0,0.0
11.350000000000001,5.2296937992705255,1.3238730927820017e-17,15.098039215686274,15.098039215686274,0.0
11.36,5.271199843887341,1.3270965401902489e-17,-50.0,-50.0,0.0
11.370000000000001,5.0156998953649135,1.3306395096020243e-17,-50.0,-50.0,0.0
11.379999999999999,4.760199942522335,1.332956081185294e-17,-50.0,-50.0,0.0
11.39,4.504699987311878,1.3350699154326384e-17,49.411764705882355,49.411764705882355,0.0
11.400000000000002,4.70276620735568,1.335831186293983e-17,50.0,50.0,0.0
11.41,4.903516244545955,1.3374802535631687e-17,50.0,50.0,0.0
11.420000000000002,5.104266279200245,1.339171270139067e-17,50.0,50.0,0.0
11.43,5.305016310950985,1.3407779434092425e-17,-19.215686274509807,-19.215686274509807,0.0
11.440000000000001,5.189969770007662,1.3430034801265056e-17,-50.0,-50.0,0.0
11.45,3.8625923063608214,1.2684596891528568e-17,-50.0,-50.0,0.0
11.46,2.3511437446836734,1.292855667401879e-17,50.0,50.0,0.0
11.470000000000002,2.3527878808371945,1.2947879295490673e-17,50.0,50.0,0.0
11.48,2.354700519511601,1.296843064413167e-17,50.0,50.0,0.0
11.490000000000002,2.3566126381556227,1.2990056136428899e-17,50.0,50.0,0.0
11.5,2.358524050310976,1.3018319720054642e-17,50.0,50.0,0.0
11.510000000000002,2.360434430817055,1.3048052799964754e-17,50.0,50.0,0.0
11.52,2.3623431316260413,1.3081856931977606e-17,50.0,50.0,0.0
11.530000000000001,2.3642485968996847,1.3120133927347556e-17,50.0,50.0,0.0
11.54,2.366142059769328,1.3160864036011871e-17,50.0,50.0,0.0
11.55,2.3656970538882436,1.319654519303584e-17,50.0,50.0,0.0
11.560000000000002,2.5266843171772355,1.3907851274888006e-17,50.0,50.0,0.0
11.57,2.727434339289756,1.3917903226631312e-17,50.0,50.0,0.0
11.580000000000002,2.928184292176671,1.3929031969008814e-17,50.0,50.0,0.0
11.59,3.128934249557193,1.39380869629732e-17,50.0,50.0,0.0
11.600000000000001,2.778873125871284,1.3946136952345664e-17,50.0,50.0,0.0
11.61,2.7444633999045265,1.395768031735085e-17,50.0,50.0,0.0
11.620000000000001,2.7099110070039685,1.3975142325074973e-17,50.0,50.0,0.0
11.629999999999999,2.6492951844764274,1.3980949159444873e-17,50.0,50.0,0.0
11.64,2.757050380613936,1.4008066072218268e-17,50.0,50.0,0.0
11.650000000000002,2.9578003556028474,1.4026645316399817e-17,50.0,50.0,0.0
11.66,2.7881701226717905,1.3904258584642227e-17,50.0,50.0,0.0
11.670000000000002,2.436011720267576,1.4051479263622128e-17,50.0,50.0,0.0
11.68,2.440402683655214,1.40904656490854e-17,50.0,50.0,0.0
11.690000000000001,2.444251449393103,1.4179040096138017e-17,50.0,50.0,0.0
11.7,2.446182685870141,1.4268330074272833e-17,50.0,50.0,0.0
11.71,2.448109620330986,1.4362097256808597e-17,50.0,50.0,0.0
11.720000000000002,2.4500326216572925,1.4457477613592402e-17,50.0,50.0,0.0
11.73,2.4519518943089182,1.455188367072863e-17,50.0,50.0,0.0
11.740000000000002,2.453867494447765,1.4644293482966417e-17,50.0,50.0,0.0
11.75,2.4557793344942636,1.473796495077914e-17,50.0,50.0,0.0
11.760000000000002,2.457687180618308,1.4831440753981046e-17,50.0,50.0,0.0
11.77,2.4595906399926504,1.4920794683103373e-17,50.0,50.0,0.0
11.780000000000001,2.4614891350954426,1.5010736876607568e-17,50.0,50.0,0.0
11.79,2.4633818610517704,1.5100262329901714e-17,50.0,50.0,0.0
11.8,2.4652677194889425,1.5185317143300252e-17,50.0,50.0,0.0
11.810000000000002,2.467145206206982,1.5265889458341922e-17,50.0,50.0,0.0
11.82,2.469012111836393,1.534188779546842e-17,50.0,50.0,0.0
11.830000000000002,2.4707525295223607,1.5418222828191456e-17,50.0,50.0,0.0
11.84,2.4917286949143476,1.450798639999541e-17,50.0,50.0,0.0
11.850000000000001,2.5151828021161693,1.485002126871201e-17,50.0,50.0,0.0
11.86,2.519876044373661,1.490237214001706e-17,50.0,50.0,0.0
11.870000000000001,2.524559099802479,1.495216751292025e-17,50.0,50.0,0.0
11.879999999999999,2.5292338434415824,1.50027133570147e-17,50.0,50.0,0.0
11.89,2.533916845926508,1.5049407318781518e-17,50.0,50.0,0.0
11.900000000000002,2.5385803416125476,1.5094259830921004e-17,50.0,50.0,0.0
11.91,2.69910026900478,1.4935857470004398e-17,50.0,50.0,0.0
11.920000000000002,2.8998453645616897,1.498025999589065e-17,50.0,50.0,0.0
11.93,3.1005946359850096,1.5020392840448034e-17,50.0,50.0,0.0
11.940000000000001,3.301349700087021,1.5061877126072754e-17,50.0,50.0,0.0
11.95,3.502099762536429,1.510458262144918e-17,50.0,50.0,0.0
11.96,3.7028498242100163,1.514713819199395e-17,50.0,50.0,0.0
11.969999999999999,3.903599884281944,1.5187420326108287e-17,50.0,50.0,0.0
11.98,4.104349941904482,1.5224949179627574e-17,50.0,50.0,0.0
11.990000000000002,4.305099996215068,1.5261837252722264e-17,50.0,50.0,0.0
12.0,4.505850046341988,1.5293989988125324e-17,50.0,50.0,0.0
12.010000000000002,4.706598362454985,1.5325049627509955e-17,50.0,50.0,0.0
12.02,4.90735014490608,1.535578273569342e-17,50.0,50.0,0.0
12.030000000000001,2.5804239951123247,1.5079193020613476e-17,50.0,50.0,0.0
12.04,2.582136828896708,1.5103478831639795e-17,50.0,50.0,0.0
12.05,2.5840776453176915,1.5160566205306773e-17,50.0,50.0,0.0
12.060000000000002,2.5860184982699197,1.5215370931060025e-17,50.0,50.0,0.0
12.07,2.5879593872068565,1.526996580440059e-17,50.0,50.0,0.0
12.080000000000002,2.5899026910516714,1.532324989425528e-17,50.0,50.0,0.0
12.09,2.5918504552236628,1.5372644408816177e-17,50.0,50.0,0.0
12.100000000000001,2.5938026937067997,1.542236767803973e-17,50.0,50.0,0.0
12.11,2.595759532904259,1.5467021984469555e-17,50.0,50.0,0.0
12.120000000000001,2.597721217613901,1.5509188766891536e-17,50.0,50.0,0.0
12.129999999999999,2.5996881199137367,1.554553029197701e-17,50.0,50.0,0.0
12.14,2.601660762192061,1.5577981553554424e-17,50.0,50.0,0.0
12.150000000000002,2.7030250828617097,1.5260377867893717e-17,50.0,50.0,0.0
12.16,2.9037742176706383,1.541339963730135e-17,50.0,50.0,0.0
12.170000000000002,3.104524161831685,1.540427714539898e-17,50.0,50.0,0.0
12.18,3.305274116561704,1.5393803450657286e-17,50.0,50.0,0.0
12.190000000000001,3.506024081634239,1.538603075869593e-17,50.0,50.0,0.0
12.2,3.7067740567619807,1.537974912265442e-17,50.0,50.0,0.0
12.21,3.907524085910645,1.5372881055263282e-17,50.0,50.0,0.0
12.219999999999999,4.10827412578595,1.5368111505381523e-17,50.0,50.0,0.0
12.23,4.309024169316997,1.536321134698976e-17,50.0,50.0,0.0
12.240000000000002,4.509774216215781,1.536607487377741e-17,50.0,50.0,0.0
12.25,4.710524266390241,1.536061480675518e-17,50.0,50.0,0.0
12.260000000000002,4.911274319610265,1.5355145197377402e-17,50.0,50.0,0.0
12.27,5.112024376732549,1.5356814778725778e-17,50.0,50.0,0.0
12.280000000000001,5.312774529974554,1.5701223544958207e-17,50.0,50.0,0.0
12.29,5.5135254135416,1.5685910750161665e-17,-19.215686274509807,-19.215686274509807,0.0
12.3,3.591893439134121,1.5247757495920762e-17,-50.0,-50.0,0.0
12.310000000000002,2.6885540411172,1.531954072123699e-17,-50.0,-50.0,0.0
12.32,2.6847986903345373,1.5320422522239748e-17,49.411764705882355,49.411764705882355,0.0
12.330000000000002,2.686706221723462,1.5326116648288103e-17,50.0,50.0,0.0
12.34,2.6886470575698684,1.5332702302983223e-17,50.0,50.0,0.0
12.350000000000001,2.690587926475469,1.5341178694035296e-17,50.0,50.0,0.0
12.36,2.6925288271961274,1.5354104840326867e-17,50.0,50.0,0.0
12.370000000000001,2.694469756965136,1.5372481325996666e-17,50.0,50.0,0.0
12.379999999999999,2.6964107128953483,1.5394769092179536e-17,50.0,50.0,0.0
12.39,2.6983516919745494,1.5418939389087678e-17,50.0,50.0,0.0
12.400000000000002,2.700292691034583,1.5445789486482692e-17,50.0,50.0,0.0
12.41,2.702233706707545,1.5476683848563492e-17,50.0,50.0,0.0
12.420000000000002,2.7041747353156222,1.5511483985443197e-17,50.0,50.0,0.0
12.43,2.7061152060149043,1.554853797111643e-17,50.0,50.0,0.0
12.440000000000001,2.719550291437923,1.544119105049117e-17,50.0,50.0,0.0
12.45,2.7351378636553867,1.562576927057677e-17,50.0,50.0,0.0
12.46,2.7398576945744297,1.5643747333124007e-17,50.0,50.0,0.0
12.470000000000002,2.7445774885521037,1.5665289816192406e-17,50.0,50.0,0.0
12.48,2.7492924377037236,1.568552045698375e-17,50.0,50.0,0.0
12.490000000000002,2.7540114683684647,1.5710249160362363e-17,50.0,50.0,0.0
12.5,2.758730546497635,1.573565527834055e-17,50.0,50.0,0.0
12.510000000000002,2.7634457329093385,1.5760034686507544e-17,50.0,50.0,0.0
12.52,2.768004788604883,1.5768768019710203e-17,50.0,50.0,0.0
12.530000000000001,2.772338055434539,1.5752865717279333e-17,50.0,50.0,0.0
12.54,2.7769881909078813,1.5766757798768135e-17,50.0,50.0,0.0
12.55,2.7762310399698094,1.6023682479307268e-17,50.0,50.0,0.0
12.560000000000002,2.7781323451814135,1.606737201521017e-17,50.0,50.0,0.0
12.57,2.7799982147492703,1.6107585116139306e-17,50.0,50.0,0.0
12.580000000000002,2.7818783324218743,1.6144348040116035e-17,50.0,50.0,0.0
12.59,2.783750024724225,1.618153596287405e-17,50.0,50.0,0.0
12.600000000000001,2.7856130323517587,1.6213411930261597e-17,50.0,50.0,0.0
12.61,2.786969198192582,1.6252301753968884e-17,50.0,50.0,0.0
12.620000000000001,2.7888336579432567,1.627723183943071e-17,50.0,50.0,0.0
12.629999999999999,2.7907176191935097,1.6305978443594626e-17,50.0,50.0,0.0
12.64,2.7925682162871728,1.6331286305750925e-17,50.0,50.0,0.0
12.650000000000002,2.794145205581762,1.6315856330067265e-17,50.0,50.0,0.0
12.66,2.7911453211028956,1.5658639442886155e-17,50.0,50.0,0.0
12.670000000000002,2.793086327386592,1.5701086381455436e-17,50.0,50.0,0.0
12.68,2.795027356683206,1.5746037361175036e-17,50.0,50.0,0.0
12.690000000000001,2.796968406845622,1.5790213093989664e-17,50.0,50.0,0.0
12.7,2.798909475497472,1.583915550471496e-17,50.0,50.0,0.0
12.71,2.9797116188357236,1.6154747804763296e-17,50.0,50.0,0.0
12.720000000000002,3.1805286711065186,1.6184427839235087e-17,50.0,50.0,0.0
12.73,3.381278617244651,1.619223748300877e-17,50.0,50.0,0.0
12.740000000000002,3.5820285674243277,1.61941283781844e-17,50.0,50.0,0.0
12.75,3.7827785213313136,1.619771100991393e-17,50.0,50.0,0.0
12.760000000000002,3.983528478696082,1.6199751300525624e-17,50.0,50.0,0.0
12.77,4.18427843928793,1.619747807585343e-17,50.0,50.0,0.0
12.780000000000001,4.385028402908249,1.6194608328228134e-17,50.0,50.0,0.0
12.79,4.585778369385268,1.6191011720454972e-17,50.0,50.0,0.0
12.8,4.786528338569347,1.6196347022171054e-17,50.0,50.0,0.0
12.810000000000002,4.987278310327396,1.6188509346900773e-17,50.0,50.0,0.0
12.82,5.188028284539219,1.617927515252848e-17,49.411764705882355,49.411764705882355,0.0
12.830000000000002,5.386094437550322,1.6164943143302702e-17,-50.0,-50.0,0.0
12.84,5.130594414300731,1.615801797397952e-17,-50.0,-50.0,0.0
12.850000000000001,3.4465164501439274,1.62823347100121e-17,-50.0,-50.0,0.0
12.86,2.8740391364664455,1.6328214871639955e-17,50.0,50.0,0.0
12.870000000000001,2.879349150213899,1.6286348675072056e-17,50.0,50.0,0.0
12.879999999999999,2.8843269365923754,1.6246533891386367e-17,50.0,50.0,0.0
12.89,2.8890223514088773,1.6234671565536986e-17,50.0,50.0,0.0
12.900000000000002,2.893717223914648,1.6222263115194863e-17,50.0,50.0,0.0
12.91,2.8984113905742355,1.620806821942742e-17,50.0,50.0,0.0
12.920000000000002,2.9031045672547955,1.6192566404761917e-17,50.0,50.0,0.0
12.93,2.907796157460638,1.617620935151749e-17,50.0,50.0,0.0
12.940000000000001,2.912484344059922,1.6160124619365605e-17,50.0,50.0,0.0
12.95,2.916472073834942,1.6172208126693333e-17,50.0,50.0,0.0
12.96,2.918086733069176,1.6161685965785183e-17,50.0,50.0,0.0
12.969999999999999,2.9191185588631434,1.614860634771148e-17,50.0,50.0,0.0
12.98,2.9201237925214327,1.6136567018445895e-17,50.0,50.0,0.0
12.990000000000002,2.9265159648578685,1.6041645848645266e-17,50.0,50.0,0.0
13.0,2.934084851597971,1.611137704193459e-17,50.0,50.0,0.0
13.010000000000002,2.938804827423314,1.611208569087409e-17,50.0,50.0,0.0
13.02,2.9435247926801136,1.6116147690312207e-17,50.0,50.0,0.0
13.030000000000001,2.948244742365966,1.6123674425081505e-17,50.0,50.0,0.0
13.04,2.95296466636334,1.6132222363947838e-17,50.0,50.0,0.0
13.05,2.957679474278314,1.6143247821245333e-17,50.0,50.0,0.0
13.060000000000002,2.9623983944253016,1.6156474981870537e-17,50.0,50.0,0.0
13.07,2.9671173487466493,1.6170978515268135e-17,50.0,50.0,0.0
13.080000000000002,2.9718336933494625,1.6190224850835207e-17,50.0,50.0,0.0
13.09,2.9765440247551793,1.62111379884238e-17,50.0,50.0,0.0
13.100000000000001,2.9812486692924924,1.623504104643708e-17,50.0,50.0,0.0
13.11,2.9859478469001757,1.6259224684114134e-17,50.0,50.0,0.0
13.120000000000001,2.9906416534235682,1.6284361022098615e-17,50.0,50.0,0.0
13.129999999999999,2.995330028469289,1.630987058397548e-17,50.0,50.0,0.0
13.14,2.9961374249667534,1.630931154223029e-17,50.0,50.0,0.0
13.150000000000002,2.9965884681347834,1.635371057410564e-17,50.0,50.0,0.0
13.16,2.9985172416582153,1.6395894720703037e-17,50.0,50.0,0.0
13.170000000000002,3.000437574716523,1.643852567718011e-17,50.0,50.0,0.0
13.18,3.0023490021537924,1.6481967032429472e-17,50.0,50.0,0.0
13.190000000000001,3.0042335158968534,1.6526206504473382e-17,50.0,50.0,0.0
13.2,3.0061390581946412,1.657118628331319e-17,50.0,50.0,0.0
13.21,3.0080323791515022,1.6613871238140644e-17,50.0,50.0,0.0
13.219999999999999,3.0099332965212353,1.6654861915315356e-17,50.0,50.0,0.0
13.23,3.0118283980821996,1.669563744612146e-17,50.0,50.0,0.0
13.240000000000002,3.0137176759425772,1.6735538203651297e-17,50.0,50.0,0.0
13.25,3.015601737340208,1.6776223313690294e-17,50.0,50.0,0.0
13.260000000000002,3.017458539033059,1.6814209988517568e-17,50.0,50.0,0.0
13.27,3.016267231826651,1.683225284908527e-17,50.0,50.0,0.0
13.280000000000001,3.1771422559326328,1.6478718661076743e-17,50.0,50.0,0.0
13.29,3.377997431569358,1.6475959027734588e-17,50.0,50.0,0.0
13.3,3.578747418066424,1.6511586609924645e-17,50.0,50.0,0.0
13.310000000000002,3.7794974065955973,1.654982877106464e-17,50.0,50.0,0.0
13.32,3.980247396061775,1.6585386155399197e-17,50.0,50.0,0.0
13.330000000000002,4.1809973854745355,1.6621518039830223e-17,50.0,50.0,0.0
13.34,4.381747373951147,1.66548103521847e-17,50.0,50.0,0.0
13.350000000000001,4.582497360715266,1.668681358627257e-17,50.0,50.0,0.0
13.36,4.783247345095063,1.6715003478031898e-17,50.0,50.0,0.0
13.370000000000001,4.9839973265208375,1.6740694834355067e-17,50.0,50.0,0.0
13.379999999999999,5.18474730452162,1.6764521818221773e-17,49.411764705882355,49.411764705882355,0.0
13.39,5.382813455175504,1.678518502815136e-17,-50.0,-50.0,0.0
13.400000000000002,5.127313422296357,1.680280876622885e-17,-50.0,-50.0,0.0
13.41,4.871813387248585,1.681495871270338e-17,-50.0,-50.0,0.0
13.420000000000002,4.330135187616804,1.666781953417487e-17,15.098039215686274,15.098039215686274,0.0
13.43,3.0787347842137653,1.6824041923452818e-17,50.0,50.0,0.0
13.440000000000001,3.0834544101739083,1.682892348020696e-17,50.0,50.0,0.0
13.45,3.0881740060346683,1.683026721856844e-17,50.0,50.0,0.0
13.46,3.0928936555234436,1.6829877980459402e-17,50.0,50.0,0.0
13.470000000000002,3.097613357245037,1.6826138177796044e-17,50.0,50.0,0.0
13.48,3.102333107278581,1.6819821194620898e-17,50.0,50.0,0.0
13.490000000000002,3.1069934331732716,1.6813387717997424e-17,50.0,50.0,0.0
13.5,3.1117132918581594,1.680111914389688e-17,50.0,50.0,0.0
13.510000000000002,3.116146813633381,1.682356223309209e-17,50.0,50.0,0.0
13.52,3.1207588055311066,1.6829880999616933e-17,50.0,50.0,0.0
13.530000000000001,3.1254504486793637,1.6825370344032014e-17,50.0,50.0,0.0
13.54,3.130148259854394,1.682049625506444e-17,50.0,50.0,0.0
13.55,3.33089809055361,1.6729722554793086e-17,50.0,50.0,0.0
13.560000000000002,3.531648818183016,1.6717448253293984e-17,50.0,50.0,0.0
13.57,3.732399474267457,1.6701101523263603e-17,50.0,50.0,0.0
13.580000000000002,3.437955115346001,1.687589095415471e-17,50.0,50.0,0.0
13.59,3.147420063574307,1.6864118572616412e-17,50.0,50.0,0.0
13.600000000000001,3.152139045523876,1.6846471541132876e-17,50.0,50.0,0.0
13.61,3.1568580503986756,1.6827946983515984e-17,50.0,50.0,0.0
13.620000000000001,3.161577086400988,1.6812233622371914e-17,50.0,50.0,0.0
13.629999999999999,3.1662961614157297,1.6795946819922554e-17,50.0,50.0,0.0
13.64,3.171015282894916,1.6780607926750506e-17,50.0,50.0,0.0
13.650000000000002,3.1757344577867648,1.6769492233974343e-17,50.0,50.0,0.0
13.66,3.180453692413598,1.6761346119597254e-17,50.0,50.0,0.0
13.670000000000002,3.18517299239972,1.675508677111017e-17,50.0,50.0,0.0
13.68,3.189891694478869,1.6752711578229507e-17,50.0,50.0,0.0
13.690000000000001,3.189238398434281,1.6720930139388e-17,50.0,50.0,0.0
13.7,3.191170286278148,1.6738091185718052e-17,50.0,50.0,0.0
13.71,3.1931011479962064,1.6759210258191947e-17,50.0,50.0,0.0
13.720000000000002,3.1950310412446137,1.6780590005055354e-17,50.0,50.0,0.0
13.73,3.1969599423495945,1.6802592321135e-17,50.0,50.0,0.0
13.740000000000002,3.1988876757368723,1.6830404965595445e-17,50.0,50.0,0.0
13.75,3.2008118470801947,1.6860477917475645e-17,50.0,50.0,0.0
13.760000000000002,3.2027316096819085,1.689070185297869e-17,50.0,50.0,0.0
13.77,3.204647021064564,1.692371189160349e-17,50.0,50.0,0.0
13.780000000000001,3.2065521358049853,1.6957199339173193e-17,50.0,50.0,0.0
13.79,3.208460562373774,1.6993817314636826e-17,50.0,50.0,0.0
13.8,3.2103672914386943,1.703115135057824e-17,50.0,50.0,0.0
13.810000000000002,3.2520303174348837,1.674858560629718e-17,50.0,50.0,0.0
13.82,3.45278118753747,1.709410622734997e-17,50.0,50.0,0.0
13.830000000000002,3.653530326767174,1.7129333480593327e-17,50.0,50.0,0.0
13.84,3.854276673548423,1.7156595659517177e-17,50.0,50.0,0.0
13.850000000000001,4.055030247749013,1.7171426359390654e-17,50.0,50.0,0.0
13.86,4.255780582894295,1.6933817947576297e-17,50.0,50.0,0.0
13.870000000000001,4.456530659355665,1.696762938524832e-17,50.0,50.0,0.0
13.879999999999999,4.657280746382215,1.7003904206489193e-17,50.0,50.0,0.0
13.89,4.858032046652283,1.7007995693261787e-17,50.0,50.0,0.0
13.900000000000002,5.0587821175942285,1.704112389298273e-17,50.0,50.0,0.0
13.91,5.259532176390383,1.7071296477113347e-17,50.0,50.0,0.0
13.920000000000002,5.460282222354637,1.709929980986605e-17,15.098039215686274,15.098039215686274,0.0
13.93,5.501792057609663,1.71266856556002e-17,-50.0,-50.0,0.0
13.940000000000001,4.673214198937999,1.6907739920712697e-17,-50.0,-50.0,0.0
13.95,3.2730244190856173,1.712355078666241e-17,-50.0,-50.0,0.0
13.96,3.2663950287639523,1.7153371216845204e-17,-50.0,-50.0,0.0
13.969999999999999,3.259766886734672,1.7181470793716538e-17,50.0,50.0,0.0
13.98,3.2645067640061023,1.72091488658175e-17,50.0,50.0,0.0
13.990000000000002,3.269247484430825,1.7230871872782782e-17,50.0,50.0,0.0
14.0,3.2739894915928875,1.7250113655547762e-17,50.0,50.0,0.0
14.010000000000002,3.278733036651717,1.7262835031624337e-17,50.0,50.0,0.0
14.02,3.283472536446144,1.727120239365423e-17,50.0,50.0,0.0
14.030000000000001,3.2882166517739955,1.7276161612741723e-17,50.0,50.0,0.0
14.04,3.292962684954135,1.7274069547241122e-17,50.0,50.0,0.0
14.05,3.297664991204577,1.7276387902887538e-17,50.0,50.0,0.0
14.060000000000002,3.3023541650751094,1.7278323240823116e-17,50.0,50.0,0.0
14.07,3.48349764817776,1.7225035895185537e-17,50.0,50.0,0.0
14.080000000000002,3.6842476209044275,1.7216253169374134e-17,50.0,50.0,0.0
14.09,3.8849976086472537,1.7208532093482993e-17,50.0,50.0,0.0
14.100000000000001,4.085747611638191,1.7199712680557063e-17,50.0,50.0,0.0
14.11,4.286497628680432,1.719068103293829e-17,50.0,50.0,0.0
14.120000000000001,4.487247658757959,1.717939156605905e-17,50.0,50.0,0.0
14.129999999999999,4.6879977001813655,1.7164117444437688e-17,50.0,50.0,0.0
14.14,4.888750780427114,1.714760665471334e-17,50.0,50.0,0.0
14.150000000000002,4.584157247646839,1.725911293062609e-17,50.0,50.0,0.0
14.16,3.9421755111780143,1.724148252216414e-17,50.0,50.0,0.0
14.170000000000002,3.3465320631668005,1.723395541681792e-17,50.0,50.0,0.0
14.18,3.3512514747979054,1.7214136963434538e-17,50.0,50.0,0.0
14.190000000000001,3.3559711321654726,1.719712001858464e-17,50.0,50.0,0.0
14.2,3.360690848082773,1.7182556716424698e-17,50.0,50.0,0.0
14.21,3.3654106225108857,1.7170461244756587e-17,50.0,50.0,0.0
14.219999999999999,3.3643767459861413,1.7157411749292074e-17,50.0,50.0,0.0
14.23,3.3663099547205535,1.7159735451833968e-17,50.0,50.0,0.0
14.240000000000002,3.3682418066152744,1.7163468670139656e-17,50.0,50.0,0.0
14.25,3.370172747372098,1.7170001252926677e-17,50.0,50.0,0.0
14.260000000000002,3.3721029836644916,1.718158326381008e-17,50.0,50.0,0.0
14.27,3.3740325908403594,1.7195968741990655e-17,50.0,50.0,0.0
14.280000000000001,3.37596156859682,1.7215150597174614e-17,50.0,50.0,0.0
14.29,3.3778898692143335,1.7235122363521446e-17,50.0,50.0,0.0
14.3,3.379816275737105,1.725759721810654e-17,50.0,50.0,0.0
14.310000000000002,3.501036965662031,1.729409173851811e-17,50.0,50.0,0.0
14.32,3.7017868690607196,1.7327189868569425e-17,50.0,50.0,0.0
14.330000000000002,3.902535157944453,1.7359850717861722e-17,50.0,50.0,0.0
14.34,4.103285066161467,1.738870341290228e-17,50.0,50.0,0.0
14.350000000000001,4.30403499864929,1.7418556453853543e-17,50.0,50.0,0.0
14.36,4.504784962024641,1.7447385537850694e-17,50.0,50.0,0.0
14.370000000000001,4.70553496060398,1.7478051942189566e-17,50.0,50.0,0.0
14.379999999999999,4.906284741878706,1.7506678479433208e-17,50.0,50.0,0.0
14.39,3.439571094033474,1.752991672246201e-17,50.0,50.0,0.0
14.400000000000002,3.441221060557546,1.7565364204271658e-17,50.0,50.0,0.0
14.41,3.443109059686673,1.759962689874633e-17,50.0,50.0,0.0
14.420000000000002,3.444438126321127,1.7634543290898044e-17,50.0,50.0,0.0
14.43,3.445636272163847,1.7662660337823916e-17,50.0,50.0,0.0
14.440000000000001,3.646387547460381,1.7360226165215584e-17,50.0,50.0,0.0
14.45,3.8471375584874066,1.7396591407223584e-17,50.0,50.0,0.0
14.46,4.047887557038999,1.7428120514619232e-17,50.0,50.0,0.0
14.470000000000002,4.248637541672961,1.74604774908417e-17,50.0,50.0,0.0
14.48,4.449387511244194,1.7493266665625508e-17,50.0,50.0,0.0
14.490000000000002,4.6501374648591165,1.7523627185191302e-17,50.0,50.0,0.0
14.5,4.850887401742455,1.7547712143530004e-17,50.0,50.0,0.0
14.510000000000002,5.0516373189893,1.7571182367707238e-17,50.0,50.0,0.0
14.52,5.252387207308249,1.7589761082493195e-17,15.098039215686274,15.098039215686274,0.0
14.530000000000001,5.2938953948588185,1.7606916623109088e-17,-50.0,-50.0,0.0
14.54,5.038395271600454,1.7615988716551094e-17,-50.0,-50.0,0.0
14.55,4.782895161462532,1.7618244709396762e-17,-50.0,-50.0,0.0
14.560000000000002,4.527395062712071,1.7620391157059552e-17,49.411764705882355,49.411764705882355,0.0
14.57,4.725461154997543,1.7614195309573737e-17,50.0,50.0,0.0
14.580000000000002,4.926211079294621,1.761289823040266e-17,50.0,50.0,0.0
14.59,5.126961016619288,1.7611552121341544e-17,50.0,50.0,0.0
14.600000000000001,4.214879088986648,1.7530903440985723e-17,-19.215686274509807,-19.215686274509807,0.0
14.61,3.488004761448191,1.7603202282305746e-17,-19.215686274509807,-19.215686274509807,0.0
14.620000000000001,3.485973414758163,1.7594943922828257e-17,50.0,50.0,0.0
14.629999999999999,3.487680747685081,1.7600449134059595e-17,50.0,50.0,0.0
14.64,3.4894339626140587,1.7599364746598654e-17,50.0,50.0,0.0
14.650000000000002,3.4913221977965527,1.7589668151646502e-17,50.0,50.0,0.0
14.66,3.4932099148295443,1.7579148108320725e-17,50.0,50.0,0.0
14.670000000000002,3.495096760203243,1.7567886434710067e-17,50.0,50.0,0.0
14.68,3.496981330622148,1.755444598060083e-17,50.0,50.0,0.0
14.690000000000001,3.4981533980661568,1.7548645340159356e-17,50.0,50.0,0.0
14.7,3.5178757677770816,1.7600082157035202e-17,50.0,50.0,0.0
14.71,3.52259596251268,1.7583567105676332e-17,50.0,50.0,0.0
14.720000000000002,3.52731617427406,1.7567197717514615e-17,50.0,50.0,0.0
14.73,3.5320363953479617,1.7554643286337985e-17,50.0,50.0,0.0
14.740000000000002,3.5367566240349233,1.7544318669395e-17,50.0,50.0,0.0
14.75,3.541476944957126,1.7536502275827522e-17,50.0,50.0,0.0
14.760000000000002,3.546197139675425,1.7531605664386225e-17,50.0,50.0,0.0
14.77,3.550917305926215,1.7531364119375558e-17,50.0,50.0,0.0
14.780000000000001,3.5556352715434474,1.7535083870353687e-17,50.0,50.0,0.0
14.79,3.697572568869538,1.753818529803367e-17,50.0,50.0,0.0
14.8,3.8983225029600432,1.7546635576648168e-17,50.0,50.0,0.0
14.810000000000002,4.099072444734205,1.7557871389284154e-17,50.0,50.0,0.0
14.82,4.299822394808143,1.757103163430652e-17,50.0,50.0,0.0
14.830000000000002,3.571606107979771,1.756600189972616e-17,50.0,50.0,0.0
14.84,3.5735195768373074,1.759283855047314e-17,50.0,50.0,0.0
14.850000000000001,3.5754307529562253,1.7620148057362922e-17,50.0,50.0,0.0
14.86,3.5773423717609574,1.7647322462497613e-17,50.0,50.0,0.0
14.870000000000001,3.5792007883941976,1.7678724197313817e-17,50.0,50.0,0.0
14.879999999999999,3.5810939219268363,1.771030740893897e-17,50.0,50.0,0.0
14.89,3.582980025941378,1.774286714367319e-17,50.0,50.0,0.0
14.900000000000002,3.5848457838107604,1.7774358769860924e-17,50.0,50.0,0.0
14.91,3.5867181897134994,1.7807689939851855e-17,50.0,50.0,0.0
14.920000000000002,3.588588859310882,1.783788751145442e-17,50.0,50.0,0.0
14.93,3.5904600981861408,1.78664757204572e-17,50.0,50.0,0.0
14.940000000000001,3.5920403852652267,1.7893285795545453e-17,50.0,50.0,0.0
14.95,3.5932630528122527,1.7926161261810764e-17,50.0,50.0,0.0
14.96,3.594608997284851,1.7955140164760462e-17,50.0,50.0,0.0
14.969999999999999,3.596065009316233,1.79814985595296e-17,50.0,50.0,0.0
14.98,3.599783257580528,1.7732679454900096e-17,50.0,50.0,0.0
14.990000000000002,3.686521580847257,1.755410098093813e-17,50.0,50.0,0.0
15.0,3.8872707541879983,1.7847067231020292e-17,50.0,50.0,0.0
15.010000000000002,4.0880207840571705,1.7866828350861058e-17,50.0,50.0,0.0
15.02,4.288770801422569,1.7884811125029065e-17,50.0,50.0,0.0
15.030000000000001,4.4895208166073015,1.789925631903242e-17,50.0,50.0,0.0
15.04,4.690270829438458,1.791104717647688e-17,50.0,50.0,0.0
15.05,4.891020839739484,1.792065083603285e-17,50.0,50.0,0.0
15.060000000000002,5.091770847632097,1.7924266065295956e-17,50.0,50.0,0.0
15.07,5.292520853148121,1.7924728002654674e-17,15.098039215686274,15.098039215686274,0.0
15.080000000000002,5.334030658866431,1.7926477162913876e-17,-50.0,-50.0,0.0
15.09,5.078530657153101,1.7929863667638628e-17,-50.0,-50.0,0.0
15.100000000000001,3.6638829348594166,1.7924206056651228e-17,-50.0,-50.0,0.0
15.11,3.6601041984425953,1.7921932249643883e-17,50.0,50.0,0.0
15.120000000000001,3.6620201048353,1.7920169282913068e-17,50.0,50.0,0.0
15.129999999999999,3.6638036898352597,1.7912024611138967e-17,50.0,50.0,0.0
15.14,3.665676854010051,1.790319746903739e-17,50.0,50.0,0.0
15.150000000000002,3.6675454477773206,1.7893208144792626e-17,50.0,50.0,0.0
15.16,3.669407378376422,1.7880924949447578e-17,50.0,50.0,0.0
15.170000000000002,3.6712701387326696,1.7868524916495368e-17,50.0,50.0,0.0
15.18,3.673132804076161,1.7853981096093217e-17,50.0,50.0,0.0
15.190000000000001,3.674997416756466,1.7837879264463713e-17,50.0,50.0,0.0
15.2,3.676595563603859,1.782071710640292e-17,50.0,50.0,0.0
15.21,3.6780224095025313,1.7801298823147557e-17,50.0,50.0,0.0
15.219999999999999,3.759476827144629,1.7793071221553966e-17,50.0,50.0,0.0
15.23,3.960225406219754,1.785934524986907e-17,50.0,50.0,0.0
15.240000000000002,4.160975434464974,1.78424059938223e-17,50.0,50.0,0.0
15.25,4.36172546157623,1.78280010868235e-17,50.0,50.0,0.0
15.260000000000002,4.562475486360465,1.78224880062094e-17,50.0,50.0,0.0
15.27,4.763225504668323,1.7821911876567115e-17,50.0,50.0,0.0
15.280000000000001,4.963975520596957,1.7821996275459374e-17,50.0,50.0,0.0
15.29,5.164725534334132,1.782432185735562e-17,49.411764705882355,49.411764705882355,0.0
15.3,5.362791722096921,1.7830173743290403e-17,-19.215686274509807,-19.215686274509807,0.0
15.310000000000002,5.247745160796477,1.7840775895872506e-17,-50.0,-50.0,0.0
15.32,4.992245165841264,1.7851677580480588e-17,-50.0,-50.0,0.0
15.330000000000002,4.736745168365945,1.7863767652313666e-17,-50.0,-50.0,0.0
15.34,3.7142768388481833,1.7850971260881696e-17,50.0,50.0,0.0
15.350000000000001,3.7161834130163847,1.7871254364776212e-17,50.0,50.0,0.0
15.36,3.718085122245004,1.7891452183040847e-17,50.0,50.0,0.0
15.370000000000001,3.7196264893120143,1.7910191516449425e-17,50.0,50.0,0.0
15.379999999999999,3.7214626418460237,1.793295256229157e-17,50.0,50.0,0.0
15.39,3.723290019666217,1.795269753556678e-17,50.0,50.0,0.0
15.400000000000002,3.725097559850901,1.797533925564248e-17,50.0,50.0,0.0
15.41,3.7269090959092757,1.7994305170364446e-17,50.0,50.0,0.0
15.420000000000002,3.7287238126591786,1.8013745635295115e-17,50.0,50.0,0.0
15.43,3.730545406596378,1.8032406512276953e-17,50.0,50.0,0.0
15.440000000000001,3.7321260924430324,1.805244117082012e-17,50.0,50.0,0.0
15.45,3.733472324632088,1.8074524484425348e-17,50.0,50.0,0.0
15.46,3.9342151710634568,1.7956618662837854e-17,50.0,50.0,0.0
15.470000000000002,4.134970144476706,1.7980034041631746e-17,50.0,50.0,0.0
15.48,4.335721930021625,1.8001135802869776e-17,50.0,50.0,0.0
15.490000000000002,4.536472023329186,1.8020677647056322e-17,50.0,50.0,0.0
15.5,4.737222095271442,1.8036821750923857e-17,50.0,50.0,0.0
15.510000000000002,4.937972159117008,1.8047288801750872e-17,50.0,50.0,0.0
15.52,5.1387222139769735,1.8054019881415128e-17,50.0,50.0,0.0
15.530000000000001,5.3394722573479045,1.8057794776388798e-17,-19.215686274509807,-19.215686274509807,0.0
15.54,5.224425719149,1.806021088948078e-17,-50.0,-50.0,0.0
15.55,4.96892573982226,1.805683196255762e-17,-50.0,-50.0,0.0
15.560000000000002,4.7134257503653725,1.8052607451907635e-17,-50.0,-50.0,0.0
15.57,3.770661066962732,1.804760619881013e-17,50.0,50.0,0.0
15.580000000000002,3.7725983130325145,1.8044535069101626e-17,50.0,50.0,0.0
15.59,3.7745339109435205,1.8035917832352293e-17,50.0,50.0,0.0
15.600000000000001,3.7764681733050964,1.8026189870711314e-17,50.0,50.0,0.0
15.61,3.778401046131933,1.801305826599047e-17,50.0,50.0,0.0
15.620000000000001,3.7802495592574523,1.7994732337599707e-17,50.0,50.0,0.0
15.629999999999999,3.782068272837797,1.7970197393007776e-17,50.0,50.0,0.0
15.64,3.783966098114203,1.7948211488191487e-17,50.0,50.0,0.0
15.650000000000002,3.7858587042646477,1.7924101542380837e-17,50.0,50.0,0.0
15.66,3.7877590841786573,1.7894870117733735e-17,50.0,50.0,0.0
15.670000000000002,3.7899897057688823,1.786362233115569e-17,50.0,50.0,0.0
15.68,3.8517821007794333,1.7641506363704847e-17,50.0,50.0,0.0
15.690000000000001,4.052532059910511,1.80040768050738e-17,50.0,50.0,0.0
15.7,4.253282142908873,1.79796191522383e-17,50.0,50.0,0.0
15.71,4.454032222843304,1.7956766150381816e-17,50.0,50.0,0.0
15.720000000000002,4.654782293201966,1.7936631594890436e-17,50.0,50.0,0.0
15.73,4.8555323571951945,1.791788278530076e-17,50.0,50.0,0.0
15.740000000000002,5.056282413290564,1.790061803037423e-17,50.0,50.0,0.0
15.75,5.257032460132244,1.7888238339447643e-17,15.098039215686274,15.098039215686274,0.0
15.760000000000002,5.298542299322166,1.7879380333583048e-17,-50.0,-50.0,0.0
15.77,5.043042321605728,1.7874390399625046e-17,-50.0,-50.0,0.0
15.780000000000001,4.787542331283524,1.78699789130694e-17,-50.0,-50.0,0.0
15.79,4.532042328518082,1.786696764476747e-17,49.411764705882355,49.411764705882355,0.0
15.8,4.7301084923635885,1.786823305905111e-17,50.0,50.0,0.0
15.810000000000002,3.8309774563567407,1.7864127358006872e-17,50.0,50.0,0.0
15.82,3.832918566296032,1.7876368625221034e-17,50.0,50.0,0.0
15.830000000000002,3.8348597817716965,1.789473748759431e-17,50.0,50.0,0.0
15.84,3.836801095137656,1.7915816590701002e-17,50.0,50.0,0.0
15.850000000000001,3.8387423405311183,1.7941038584892278e-17,50.0,50.0,0.0
15.86,3.840676315146248,1.7969863433724696e-17,50.0,50.0,0.0
15.870000000000001,3.842600068072402,1.799649669068521e-17,50.0,50.0,0.0
15.879999999999999,3.844299521187794,1.801018040206898e-17,50.0,50.0,0.0
15.89,3.8458844407830113,1.8011671074177027e-17,50.0,50.0,0.0
15.900000000000002,3.8719834840477114,1.8087305293015323e-17,50.0,50.0,0.0
15.91,3.8766854686952423,1.8106573598499464e-17,50.0,50.0,0.0
15.920000000000002,3.9009360544328366,1.7927573937404476e-17,50.0,50.0,0.0
15.93,4.101694015742248,1.7981578428780804e-17,50.0,50.0,0.0
15.940000000000001,4.302444081146601,1.7999471205698163e-17,50.0,50.0,0.0
15.95,4.503194179851018,1.80189885388688e-17,50.0,50.0,0.0
15.96,4.703946155834382,1.803745851580016e-17,50.0,50.0,0.0
15.969999999999999,4.904696294807575,1.8053101837907407e-17,50.0,50.0,0.0
15.98,5.105446405779612,1.806559946493701e-17,50.0,50.0,0.0
15.990000000000002,5.306196488860974,1.8074167467896284e-17,50.0,50.0,0.0
16.0,5.5069465519549485,1.807949807122648e-17,-19.215686274509807,-19.215686274509807,0.0
16.01,5.391900022194761,1.8082505987378986e-17,-50.0,-50.0,0.0
16.02,5.136400039881617,1.8080121033353505e-17,-50.0,-50.0,0.0
16.03,3.8977985336221996,1.8054369497986408e-17,-50.0,-50.0,0.0
16.04,3.8940531858041463,1.80587629520047e-17,-50.0,-50.0,0.0
16.05,3.890304481651461,1.805357000476332e-17,50.0,50.0,0.0
16.060000000000002,3.892234799344336,1.8053584563142103e-17,50.0,50.0,0.0
16.07,3.894163906351305,1.804583219997148e-17,50.0,50.0,0.0
16.080000000000002,3.896092143350589,1.8030529861565062e-17,50.0,50.0,0.0
16.09,3.898019875736613,1.801379545514263e-17,50.0,50.0,0.0
16.1,3.9000133233232304,1.799559229358966e-17,50.0,50.0,0.0
16.11,3.9034001397051545,1.7942003377753082e-17,50.0,50.0,0.0
16.12,3.9134482221025038,1.795386056846522e-17,50.0,50.0,0.0
16.13,3.918142257671767,1.7932708249948146e-17,50.0,50.0,0.0
16.14,3.9228354787483517,1.790992941641411e-17,50.0,50.0,0.0
16.150000000000002,3.9275258789281704,1.7886398735260267e-17,50.0,50.0,0.0
16.16,3.932213218972315,1.7864937143838324e-17,50.0,50.0,0.0
16.17,3.936899685435761,1.7843321604178224e-17,50.0,50.0,0.0
16.18,4.078831990816873,1.78977442651327e-17,50.0,50.0,0.0
16.19,4.27958396582222,1.7884765761617075e-17,50.0,50.0,0.0
16.2,4.480334077121146,1.7871015425798043e-17,50.0,50.0,0.0
16.21,4.681084174230074,1.7862213840268673e-17,50.0,50.0,0.0
16.22,4.881834254787999,1.785716543374035e-17,50.0,50.0,0.0
16.23,5.082584313675144,1.7856435215239203e-17,50.0,50.0,0.0
16.240000000000002,5.2833343542097,1.7859736870258265e-17,50.0,50.0,0.0
16.25,5.484084375766186,1.7868226469730352e-17,15.098039215686274,15.098039215686274,0.0
16.26,5.525594180793469,1.7881479835437365e-17,-50.0,-50.0,0.0
16.27,5.2700941608612535,1.790156208664426e-17,-50.0,-50.0,0.0
16.28,5.014594122730248,1.792037760007853e-17,-50.0,-50.0,0.0
16.29,4.759094065823118,1.7943432354595136e-17,-50.0,-50.0,0.0
16.3,4.503593990867487,1.7964555821052442e-17,-50.0,-50.0,0.0
16.310000000000002,4.248093895763622,1.798851764197644e-17,49.411764705882355,49.411764705882355,0.0
16.32,3.9366703677122312,1.797956535075691e-17,50.0,50.0,0.0
16.330000000000002,3.9375063596814464,1.7973166016840403e-17,50.0,50.0,0.0
16.34,3.939352515934823,1.7991435670479733e-17,50.0,50.0,0.0
16.35,3.9411711303653196,1.8007994211686493e-17,50.0,50.0,0.0
16.36,3.942951738864082,1.8022605953543102e-17,50.0,50.0,0.0
16.37,3.9447524978437727,1.8031646283249593e-17,50.0,50.0,0.0
16.38,3.946583194587609,1.80431863660021e-17,50.0,50.0,0.0
16.39,3.948452400450532,1.804843029403899e-17,50.0,50.0,0.0
16.400000000000002,3.950244995820267,1.8065738406464508e-17,50.0,50.0,0.0
16.41,3.9720586432030647,1.773101809076392e-17,50.0,50.0,0.0
16.42,4.172806849395089,1.8031297252735753e-17,50.0,50.0,0.0
16.43,4.373558862721792,1.8050904583157037e-17,50.0,50.0,0.0
16.44,4.574309000309071,1.8062501231828556e-17,50.0,50.0,0.0
16.45,4.775059096447792,1.806915504620615e-17,50.0,50.0,0.0
16.46,4.975809167690724,1.8074188486555655e-17,50.0,50.0,0.0
16.470000000000002,5.176559212711228,1.8076247451390064e-17,50.0,50.0,0.0
16.48,5.3773092306280175,1.8073952607525378e-17,49.411764705882355,49.411764705882355,0.0
16.490000000000002,5.575375397439504,1.806928932057383e-17,-50.0,-50.0,0.0
16.5,5.31987535554349,1.806516162314274e-17,-50.0,-50.0,0.0
16.51,5.064375289778059,1.80577662578896e-17,-50.0,-50.0,0.0
16.52,4.80887519332705,1.8048117043842937e-17,-50.0,-50.0,0.0
16.53,4.553375642406154,1.8038622916234957e-17,-50.0,-50.0,0.0
16.54,4.29787338169069,1.802575796807382e-17,49.411764705882355,49.411764705882355,0.0
16.55,4.495939408662343,1.8007046057356904e-17,50.0,50.0,0.0
16.560000000000002,4.696689280202431,1.7990680957299482e-17,50.0,50.0,0.0
16.57,3.988100970612636,1.79852740283598e-17,50.0,50.0,0.0
16.580000000000002,3.9928197455367833,1.796332814585027e-17,50.0,50.0,0.0
16.59,3.9970045635873457,1.798425240074629e-17,50.0,50.0,0.0
16.6,4.001676922410516,1.7978357369070754e-17,50.0,50.0,0.0
16.61,4.0063489732543065,1.7969391842961417e-17,50.0,50.0,0.0
16.62,4.0110205356858355,1.7959914761891503e-17,50.0,50.0,0.0
16.63,4.015691276496001,1.7949421029526646e-17,50.0,50.0,0.0
16.64,4.039968765833598,1.7878136748388974e-17,50.0,50.0,0.0
16.650000000000002,4.2407188941853935,1.78997583496286e-17,50.0,50.0,0.0
16.66,4.4414703687392905,1.7893080466776726e-17,50.0,50.0,0.0
16.67,4.642220474081187,1.7892432804209438e-17,50.0,50.0,0.0
16.68,4.842970556693931,1.789689261796519e-17,50.0,50.0,0.0
16.69,5.043720613005604,1.7904326761445447e-17,50.0,50.0,0.0
16.7,5.2444706443782785,1.7916584969318548e-17,50.0,50.0,0.0
16.71,5.445220650169479,1.7934588813431115e-17,15.098039215686274,15.098039215686274,0.0
16.720000000000002,5.486730433118325,1.7959654424164505e-17,-50.0,-50.0,0.0
16.73,5.231230385493226,1.7990766579591862e-17,-50.0,-50.0,0.0
16.74,4.975730529226486,1.801358755301502e-17,-50.0,-50.0,0.0
16.750000000000004,4.720230408648706,1.80469782270705e-17,-50.0,-50.0,0.0
16.76,4.023169245756406,1.8056892641838993e-17,-50.0,-50.0,0.0
16.77,4.019412961565227,1.808156300582337e-17,50.0,50.0,0.0
16.779999999999998,4.021353408950879,1.81094549537435e-17,50.0,50.0,0.0
16.790000000000003,4.023290281350958,1.813874228256512e-17,50.0,50.0,0.0
16.8,4.025065461434832,1.816809811517635e-17,50.0,50.0,0.0
16.81,4.026986249573994,1.8200950923310324e-17,50.0,50.0,0.0
16.820000000000004,4.028485252179098,1.819981293454569e-17,50.0,50.0,0.0
16.830000000000002,4.03038627908587,1.822626238535665e-17,50.0,50.0,0.0
16.84,4.0322856788602515,1.8253984079654392e-17,50.0,50.0,0.0
16.849999999999998,4.034181603736608,1.8284126382357148e-17,50.0,50.0,0.0
16.860000000000003,4.036059228750876,1.8314021139681068e-17,50.0,50.0,0.0
16.87,4.115215392772499,1.80610422562476e-17,50.0,50.0,0.0
16.88,4.315963119593978,1.8147159354841112e-17,50.0,50.0,0.0
16.889999999999997,4.516715094275247,1.8179243268817208e-17,50.0,50.0,0.0
16.900000000000002,4.717465227317021,1.821781249055396e-17,50.0,50.0,0.0
16.91,4.9182153151280295,1.8249039524824797e-17,50.0,50.0,0.0
16.919999999999998,5.118965371766721,1.8280717921777396e-17,50.0,50.0,0.0
16.930000000000003,5.319715397957172,1.831051728201563e-17,50.0,50.0,0.0
16.94,5.520465392941084,1.833533465915591e-17,-19.215686274509807,-19.215686274509807,0.0
16.95,5.405418783709828,1.8362223349489582e-17,-50.0,-50.0,0.0
16.959999999999997,4.250611566427291,1.8396482708772022e-17,-50.0,-50.0,0.0
16.970000000000002,4.067191160608429,1.8385506485264586e-17,-50.0,-50.0,0.0
16.98,4.060527223220054,1.838888490264449e-17,50.0,50.0,0.0
16.99,4.065224723172814,1.839454623263592e-17,50.0,50.0,0.0
17.000000000000004,4.069927081300929,1.8395814638004657e-17,50.0,50.0,0.0
17.01,4.0746288373709465,1.8396056545320433e-17,50.0,50.0,0.0
17.02,4.0793297368624994,1.839437542314815e-17,50.0,50.0,0.0
17.029999999999998,4.08402935424842,1.839056447633467e-17,50.0,50.0,0.0
17.040000000000003,4.088726977004539,1.8384899642406167e-17,50.0,50.0,0.0
17.05,4.093419661212039,1.837767376790811e-17,50.0,50.0,0.0
17.06,4.098111294505651,1.836851346557994e-17,50.0,50.0,0.0
17.070000000000004,4.102800332831883,1.836100445232808e-17,50.0,50.0,0.0
17.080000000000002,4.107486457003869,1.835085910196745e-17,50.0,50.0,0.0
17.09,4.190597323095951,1.834304724796717e-17,50.0,50.0,0.0
17.099999999999998,4.391347432298835,1.8437428211752335e-17,50.0,50.0,0.0
17.110000000000003,4.5920995223641965,1.841828484362791e-17,50.0,50.0,0.0
17.12,4.792849641016871,1.8396620599573345e-17,50.0,50.0,0.0
17.13,4.99359973289899,1.8378743228067716e-17,50.0,50.0,0.0
17.139999999999997,5.194349793482741,1.8366045807141682e-17,49.411764705882355,49.411764705882355,0.0
17.150000000000002,5.392415998399315,1.835698623390542e-17,-50.0,-50.0,0.0
17.16,5.136915993061771,1.835644428502041e-17,-50.0,-50.0,0.0
17.169999999999998,4.881415959191742,1.8354537397962008e-17,-50.0,-50.0,0.0
17.180000000000003,4.114336106342333,1.8356971922853647e-17,15.098039215686274,15.098039215686274,0.0
17.19,4.114279899919624,1.8360172251556388e-17,50.0,50.0,0.0
17.2,4.116208253421785,1.8366042639867113e-17,50.0,50.0,0.0
17.209999999999997,4.118133475075907,1.8374116928497257e-17,50.0,50.0,0.0
17.220000000000002,4.120055815875122,1.8384785043770127e-17,50.0,50.0,0.0
17.23,4.121975337920973,1.8400674270129872e-17,50.0,50.0,0.0
17.24,4.123891944303513,1.841758454176797e-17,50.0,50.0,0.0
17.250000000000004,4.125747554763783,1.8432656116635826e-17,50.0,50.0,0.0
17.26,4.12765033612481,1.8450511359405708e-17,50.0,50.0,0.0
17.27,4.1295463225546545,1.8471352922710254e-17,50.0,50.0,0.0
17.279999999999998,4.1314466813935775,1.8492667024520252e-17,50.0,50.0,0.0
17.290000000000003,4.1333489247164135,1.851701943351205e-17,50.0,50.0,0.0
17.3,4.160655190273269,1.8585110929834163e-17,50.0,50.0,0.0
17.31,4.165345507658629,1.8608629752526743e-17,50.0,50.0,0.0
17.320000000000004,4.307206684487915,1.8500520078732482e-17,50.0,50.0,0.0
17.330000000000002,4.507951144608992,1.851442973615494e-17,50.0,50.0,0.0
17.34,4.7087029038511155,1.8524262253425346e-17,50.0,50.0,0.0
17.349999999999998,4.909453016340006,1.8533608633341033e-17,50.0,50.0,0.0
17.360000000000003,5.110203081992723,1.853597979619775e-17,50.0,50.0,0.0
17.37,5.31095310058627,1.853466195851561e-17,-19.215686274509807,-19.215686274509807,0.0
17.38,5.195906509251457,1.8531514966418765e-17,-50.0,-50.0,0.0
17.389999999999997,4.1789569368595645,1.8509438693774916e-17,-50.0,-50.0,0.0
17.400000000000002,4.172286830835849,1.850393017382112e-17,50.0,50.0,0.0
17.41,4.176979875865619,1.8499536402165474e-17,50.0,50.0,0.0
17.419999999999998,4.181680185721167,1.84920719243178e-17,50.0,50.0,0.0
17.430000000000003,4.186379590040631,1.8481014015070514e-17,50.0,50.0,0.0
17.44,4.191078029029512,1.846704585943514e-17,50.0,50.0,0.0
17.45,4.195775517119781,1.845134425087321e-17,50.0,50.0,0.0
17.459999999999997,4.200471858474787,1.8434588509808425e-17,50.0,50.0,0.0
17.470000000000002,4.205166734765888,1.8416654175337087e-17,50.0,50.0,0.0
17.48,4.209859580173763,1.8395371837262606e-17,50.0,50.0,0.0
17.49,4.214549445916448,1.8371789381219862e-17,50.0,50.0,0.0
17.500000000000004,4.336874271037222,1.828498735060937e-17,50.0,50.0,0.0
17.51,4.537624322812322,1.8250245447244785e-17,50.0,50.0,0.0
17.52,4.73837439228495,1.8224310568949276e-17,50.0,50.0,0.0
17.529999999999998,4.939124478797467,1.819237890914545e-17,50.0,50.0,0.0
17.540000000000003,5.139874580365406,1.8161280306245242e-17,50.0,50.0,0.0
17.55,5.3406246898165,1.842147633390579e-17,-19.215686274509807,-19.215686274509807,0.0
17.56,5.225580258606289,1.838993092112591e-17,-50.0,-50.0,0.0
17.570000000000004,4.9700803392009565,1.835493893128365e-17,-50.0,-50.0,0.0
17.580000000000002,4.714580375777448,1.8320286813411474e-17,-50.0,-50.0,0.0
17.59,4.209997354334421,1.829819047667469e-17,50.0,50.0,0.0
17.599999999999998,4.211934833048275,1.825069098657504e-17,50.0,50.0,0.0
17.610000000000003,4.213874709474108,1.822487966921071e-17,50.0,50.0,0.0
17.62,4.215814778546788,1.8204705673747723e-17,50.0,50.0,0.0
17.63,4.2177549941992645,1.8184625169546284e-17,50.0,50.0,0.0
17.639999999999997,4.219697094189549,1.8170397239493897e-17,50.0,50.0,0.0
17.650000000000002,4.221647038603493,1.8160889956405456e-17,50.0,50.0,0.0
17.66,4.223579710638517,1.8154994395334335e-17,50.0,50.0,0.0
17.669999999999998,4.22550205875061,1.8152662778328337e-17,50.0,50.0,0.0
17.680000000000003,4.2274188619642485,1.8153612692277866e-17,50.0,50.0,0.0
17.69,4.232969919725771,1.7877412298025022e-17,50.0,50.0,0.0
17.7,4.258488202966526,1.8172651865423606e-17,50.0,50.0,0.0
17.709999999999997,4.26319789670477,1.818420015380779e-17,50.0,50.0,0.0
17.720000000000002,4.2679037031318385,1.8195174974416903e-17,50.0,50.0,0.0
17.73,4.272604206884005,1.8207632870307322e-17,50.0,50.0,0.0
17.74,4.2773006605504,1.8222717309488058e-17,50.0,50.0,0.0
17.750000000000004,4.282007448985476,1.8236594038504692e-17,50.0,50.0,0.0
17.76,4.443542523661804,1.8191520305182184e-17,50.0,50.0,0.0
17.77,4.64429259841582,1.8203817503040638e-17,50.0,50.0,0.0
17.779999999999998,4.8450444838673645,1.8215061653657197e-17,50.0,50.0,0.0
17.790000000000003,5.04579454727004,1.8221419870906996e-17,50.0,50.0,0.0
17.8,4.300755090936993,1.821172481120206e-17,15.098039215686274,15.098039215686274,0.0
17.81,4.301505944134278,1.8208801885789544e-17,49.411764705882355,49.411764705882355,0.0
17.820000000000004,4.306152037874601,1.8209518740360713e-17,50.0,50.0,0.0
17.830000000000002,4.310870742607186,1.8206511508700167e-17,50.0,50.0,0.0
17.84,4.315589609472406,1.81987272759149e-17,50.0,50.0,0.0
17.849999999999998,4.320308658225949,1.818929990509108e-17,50.0,50.0,0.0
17.860000000000003,4.32502784580949,1.8174400172032408e-17,50.0,50.0,0.0
17.87,4.329740598196453,1.8154949754464602e-17,50.0,50.0,0.0
17.88,4.334443609918395,1.8132468229495052e-17,50.0,50.0,0.0
17.889999999999997,4.339138125800112,1.8107076087560498e-17,50.0,50.0,0.0
17.900000000000002,4.402644658104087,1.8050796359808726e-17,50.0,50.0,0.0
17.91,4.603394666651682,1.800969556835087e-17,50.0,50.0,0.0
17.919999999999998,4.804144688389464,1.7968245375802274e-17,50.0,50.0,0.0
17.930000000000003,5.004894721777057,1.7926854263801746e-17,50.0,50.0,0.0
17.94,5.205644766293401,1.7888272124812554e-17,49.411764705882355,49.411764705882355,0.0
17.95,5.40371099777995,1.784909092177141e-17,-50.0,-50.0,0.0
17.959999999999997,5.148211060578595,1.7818420070509568e-17,-50.0,-50.0,0.0
17.970000000000002,4.892711132732583,1.778004545459245e-17,-50.0,-50.0,0.0
17.98,4.6372112074513785,1.803429107579854e-17,-19.215686274509807,-19.215686274509807,0.0
17.99,4.52216677627051,1.8003057371143254e-17,50.0,50.0,0.0
18.000000000000004,4.337983803108689,1.795520255072223e-17,50.0,50.0,0.0
18.01,4.33992371656949,1.7922737577798985e-17,50.0,50.0,0.0
18.02,4.341863732683659,1.7890649322779032e-17,50.0,50.0,0.0
18.029999999999998,4.343803869226896,1.785954839053822e-17,50.0,50.0,0.0
18.040000000000003,4.345744141333326,1.7831826484482244e-17,50.0,50.0,0.0
18.05,4.347684561127999,1.780619156172918e-17,50.0,50.0,0.0
18.06,4.349625113102793,1.77840613436745e-17,50.0,50.0,0.0
18.070000000000004,4.351566407159643,1.776489071167709e-17,50.0,50.0,0.0
18.080000000000002,4.353509325323173,1.775119090666732e-17,50.0,50.0,0.0
18.09,4.373650745563382,1.7665050858774883e-17,50.0,50.0,0.0
18.099999999999998,4.383086465043076,1.7737305019106942e-17,50.0,50.0,0.0
18.110000000000003,4.387804552227074,1.7738784084216632e-17,50.0,50.0,0.0
18.12,4.392512543711937,1.774171236314207e-17,50.0,50.0,0.0
18.13,4.397218924913654,1.7749055182573977e-17,50.0,50.0,0.0
18.139999999999997,4.4019230464917305,1.7757163570070516e-17,50.0,50.0,0.0
18.150000000000002,4.406623856020835,1.7767484011405766e-17,50.0,50.0,0.0
18.16,4.4113206882903,1.7777259949522276e-17,50.0,50.0,0.0
18.169999999999998,4.416007942345898,1.7788645382587462e-17,50.0,50.0,0.0
18.180000000000003,4.420709514849814,1.7798470938305836e-17,50.0,50.0,0.0
18.19,4.419400996080729,1.7827499948548318e-17,50.0,50.0,0.0
18.2,4.421141987489995,1.784858471618784e-17,50.0,50.0,0.0
18.209999999999997,4.4276288645466,1.7699149998962933e-17,50.0,50.0,0.0
18.220000000000002,4.434048941472202,1.7738394623595998e-17,50.0,50.0,0.0
18.23,4.438767643863362,1.7755952557801397e-17,50.0,50.0,0.0
18.24,4.443486435875332,1.7772251695168062e-17,50.0,50.0,0.0
18.250000000000004,4.448205446618261,1.7786150288222647e-17,50.0,50.0,0.0
18.26,4.452924636631143,1.7797896729376934e-17,50.0,50.0,0.0
18.27,4.457644018075418,1.7807584298134238e-17,50.0,50.0,0.0
18.279999999999998,4.4623635986440755,1.7814051182928286e-17,50.0,50.0,0.0
18.290000000000003,4.467083112267441,1.7815741814368892e-17,50.0,50.0,0.0
18.3,4.648229773462923,1.7798454414545916e-17,50.0,50.0,0.0
18.31,4.848979770017763,1.7778518488280663e-17,50.0,50.0,0.0
18.320000000000004,5.049729771868073,1.7754566619993803e-17,50.0,50.0,0.0
18.330000000000002,5.250479779573677,1.772554843589117e-17,50.0,50.0,0.0
18.34,5.451229792313809,1.7697846646867693e-17,15.098039215686274,15.098039215686274,0.0
18.349999999999998,5.49273961253417,1.7669400527641812e-17,-50.0,-50.0,0.0
18.360000000000003,5.237239632084203,1.7644151534275352e-17,-50.0,-50.0,0.0
18.37,4.981739655487681,1.761819495076057e-17,-50.0,-50.0,0.0
18.38,4.726239681322845,1.759293187547136e-17,-50.0,-50.0,0.0
18.389999999999997,4.459384906167202,1.7578570537729778e-17,-50.0,-50.0,0.0
18.400000000000002,4.454748659563993,1.755714028652689e-17,50.0,50.0,0.0
18.41,4.455435829069643,1.770865531667025e-17,50.0,50.0,0.0
18.419999999999998,4.457375898757372,1.7683927248566342e-17,50.0,50.0,0.0
18.430000000000003,4.459316033334281,1.7662930413534657e-17,50.0,50.0,0.0
18.44,4.461256349708737,1.764263915694803e-17,50.0,50.0,0.0
18.45,4.463196805962019,1.7623423261627498e-17,50.0,50.0,0.0
18.459999999999997,4.465137447363534,1.7607689280525116e-17,50.0,50.0,0.0
18.470000000000002,4.467079023047922,1.759627908498111e-17,50.0,50.0,0.0
18.48,4.469022992524978,1.759058158403586e-17,50.0,50.0,0.0
18.49,4.4891178525274515,1.7586789448963865e-17,50.0,50.0,0.0
18.500000000000004,4.4938325087175235,1.7590893958868023e-17,50.0,50.0,0.0
18.51,4.498547083551058,1.75987124435481e-17,50.0,50.0,0.0
18.52,4.503261473526794,1.7611784014808807e-17,50.0,50.0,0.0
18.529999999999998,4.507975356725324,1.762803844471772e-17,50.0,50.0,0.0
18.540000000000003,4.512687531188913,1.7645284273751835e-17,50.0,50.0,0.0
18.55,4.517398527998485,1.76663732765561e-17,50.0,50.0,0.0
18.56,4.522106806786995,1.7687166929559567e-17,50.0,50.0,0.0
18.570000000000004,4.526804074461673,1.7705446112319557e-17,50.0,50.0,0.0
18.580000000000002,4.5314980282398185,1.7723267844348467e-17,50.0,50.0,0.0
18.59,4.5304584289966465,1.774508037210836e-17,50.0,50.0,0.0
18.599999999999998,4.532260499934147,1.7768107598054174e-17,50.0,50.0,0.0
18.610000000000003,4.533624094626147,1.7795319696155024e-17,50.0,50.0,0.0
18.62,4.535050661907003,1.7756939998040217e-17,50.0,50.0,0.0
18.63,4.546303066411888,1.7654106810111754e-17,50.0,50.0,0.0
18.639999999999997,4.553052297609132,1.7694297358788666e-17,50.0,50.0,0.0
18.650000000000002,4.557771471277251,1.7714779250727982e-17,50.0,50.0,0.0
18.66,4.562490796812212,1.7731431442014967e-17,50.0,50.0,0.0
18.669999999999998,4.567210337461275,1.7747375090241574e-17,50.0,50.0,0.0
18.680000000000003,4.611136136069159,1.7756322008095845e-17,50.0,50.0,0.0
18.69,4.811886141735558,1.775393250168186e-17,50.0,50.0,0.0
18.7,5.012636145772118,1.774891658432646e-17,50.0,50.0,0.0
18.709999999999997,5.21338614683195,1.7739250853137322e-17,50.0,50.0,0.0
18.720000000000002,5.414136145320547,1.7723975725664334e-17,49.6078431372549,49.6078431372549,0.0
18.73,5.613096926476395,1.7704981223580392e-17,-50.0,-50.0,0.0
18.74,5.357596920996293,1.7689694502343933e-17,-50.0,-50.0,0.0
18.750000000000004,5.102096914754868,1.7664527671173352e-17,-50.0,-50.0,0.0
18.76,4.846596906200889,1.76390860836905e-17,-50.0,-50.0,0.0
18.77,4.591096895401876,1.7611386729886748e-17,-50.0,-50.0,0.0
18.779999999999998,4.335596882251369,1.7587252325999753e-17,15.098039215686274,15.098039215686274,0.0
18.790000000000003,4.55693976353599,1.756806226518411e-17,50.0,50.0,0.0
18.8,4.558852855232897,1.754763034818868e-17,50.0,50.0,0.0
18.81,4.560495777868031,1.75261115820428e-17,50.0,50.0,0.0
18.820000000000004,4.560320052136854,1.7665586038840944e-17,50.0,50.0,0.0
18.830000000000002,4.5622604038236565,1.764286914459117e-17,50.0,50.0,0.0
18.84,4.5642008886884184,1.7621828528544022e-17,50.0,50.0,0.0
18.849999999999998,4.566141492678368,1.7601223287431758e-17,50.0,50.0,0.0
18.860000000000003,4.5680822554990925,1.7584012795553412e-17,50.0,50.0,0.0
18.87,4.590736548632201,1.756290857262588e-17,50.0,50.0,0.0
18.88,4.595441875955143,1.7558116907243265e-17,50.0,50.0,0.0
18.889999999999997,4.600140527609315,1.755454582957253e-17,50.0,50.0,0.0
18.900000000000002,4.604836271089099,1.7555133002075987e-17,50.0,50.0,0.0
18.91,4.609529447847296,1.755865902818184e-17,50.0,50.0,0.0
18.919999999999998,4.614219817978708,1.7564249536830376e-17,50.0,50.0,0.0
18.930000000000003,4.6189072888162,1.7573267159601868e-17,50.0,50.0,0.0
18.94,4.623589737166158,1.7584027383090308e-17,50.0,50.0,0.0
18.95,4.628275100489571,1.7594642942615783e-17,50.0,50.0,0.0
18.959999999999997,4.632954073286297,1.760838744184841e-17,50.0,50.0,0.0
18.970000000000002,4.637634420981124,1.761852391159798e-17,50.0,50.0,0.0
18.98,4.635683349784842,1.765122269208444e-17,50.0,50.0,0.0
18.99,4.637579604564448,1.767140346381101e-17,50.0,50.0,0.0
19.000000000000004,4.639494459744759,1.7692264085356865e-17,50.0,50.0,0.0
19.01,4.640885126388494,1.771789466706607e-17,50.0,50.0,0.0
19.02,4.642397191349819,1.7739468172716165e-17,50.0,50.0,0.0
19.029999999999998,4.64859188386977,1.7540327021047536e-17,50.0,50.0,0.0
19.040000000000003,4.661463133490167,1.7584178763759842e-17,50.0,50.0,0.0
19.05,4.785192541219362,1.7658702416525167e-17,50.0,50.0,0.0
19.06,4.985942605448948,1.7669806092021378e-17,50.0,50.0,0.0
19.070000000000004,5.186692658532518,1.767613046352205e-17,50.0,50.0,0.0
19.080000000000002,5.385653483633016,1.7678720465281632e-17,-50.0,-50.0,0.0
19.09,5.130153508134432,1.768379627795801e-17,-50.0,-50.0,0.0
19.099999999999998,4.874653521640697,1.7682039531625406e-17,-50.0,-50.0,0.0
19.110000000000003,4.619153521149752,1.7676944999024586e-17,15.098039215686274,15.098039215686274,0.0
19.12,4.660663307066277,1.7669265771854998e-17,50.0,50.0,0.0
19.13,4.861413275839592,1.7656319508530923e-17,50.0,50.0,0.0
19.139999999999997,5.062163232370218,1.764015769638084e-17,50.0,50.0,0.0
19.150000000000002,5.2629131720164395,1.7622280695452128e-17,15.098039215686274,15.098039215686274,0.0
19.16,5.304422902493143,1.760017514723204e-17,-50.0,-50.0,0.0
19.169999999999998,4.668591732115879,1.760562411018173e-17,-50.0,-50.0,0.0
19.180000000000003,4.664787645221314,1.7585652449714015e-17,50.0,50.0,0.0
19.19,4.666671194022977,1.7571067812911718e-17,50.0,50.0,0.0
19.2,4.668551963947882,1.7550607520312553e-17,50.0,50.0,0.0
19.209999999999997,4.670073228816311,1.752988009469765e-17,50.0,50.0,0.0
19.220000000000002,4.6706326074163815,1.7629753643629287e-17,50.0,50.0,0.0
19.23,4.672573211872537,1.7607851648014334e-17,50.0,50.0,0.0
19.24,4.683815674335249,1.7586580215489053e-17,50.0,50.0,0.0
19.250000000000004,4.688535417345613,1.756808705103077e-17,50.0,50.0,0.0
19.26,4.693255303311153,1.7554161299982316e-17,50.0,50.0,0.0
19.27,4.697976042849863,1.754290703790994e-17,50.0,50.0,0.0
19.279999999999998,4.70269556392117,1.753404500863885e-17,50.0,50.0,0.0
19.290000000000003,4.7073957064354275,1.7530528816056123e-17,50.0,50.0,0.0
19.3,4.712087237213358,1.7529872339052225e-17,50.0,50.0,0.0
19.31,4.716771136689789,1.7534896773059216e-17,50.0,50.0,0.0
19.320000000000004,4.721447913239171,1.7536684680939857e-17,50.0,50.0,0.0
19.330000000000002,4.72611717951315,1.7542805377412662e-17,50.0,50.0,0.0
19.34,4.730784752213463,1.7548816815734258e-17,50.0,50.0,0.0
19.349999999999998,4.735443722895032,1.7555624345963963e-17,50.0,50.0,0.0
19.360000000000003,4.734202497573603,1.7598578415731912e-17,50.0,50.0,0.0
19.37,4.736130066841157,1.7621376413386377e-17,50.0,50.0,0.0
19.38,4.738053058107917,1.7646782849001914e-17,50.0,50.0,0.0
19.389999999999997,4.7399689926562365,1.7673447234423238e-17,50.0,50.0,0.0
19.400000000000002,4.741366659020049,1.769963410502055e-17,50.0,50.0,0.0
19.41,4.743016632664479,1.7724224318512285e-17,50.0,50.0,0.0
19.419999999999998,4.804575588167844,1.7539173136404755e-17,50.0,50.0,0.0
19.430000000000003,5.005325742365757,1.761612221507498e-17,50.0,50.0,0.0
19.44,5.206075816466169,1.7632922001853025e-17,49.6078431372549,49.6078431372549,0.0
19.45,5.405036662951378,1.7644763681274318e-17,-50.0,-50.0,0.0
19.459999999999997,5.149536707320622,1.7657587283639717e-17,-50.0,-50.0,0.0
19.470000000000002,4.894036737598329,1.766225499104446e-17,-50.0,-50.0,0.0
19.48,4.638536746929571,1.7663141305144645e-17,-19.215686274509807,-19.215686274509807,0.0
19.49,4.523490169503291,1.7662310482869445e-17,50.0,50.0,0.0
19.500000000000004,4.724240142640441,1.7655637338935292e-17,50.0,50.0,0.0
19.51,4.924990094961641,1.7646749422219754e-17,50.0,50.0,0.0
19.52,5.125740028403971,1.763459902575896e-17,50.0,50.0,0.0
19.529999999999998,5.326489943851432,1.7615925549162028e-17,-19.215686274509807,-19.215686274509807,0.0
19.540000000000003,5.211443270393337,1.760277372152957e-17,-50.0,-50.0,0.0
19.55,4.757210824968729,1.7626482914877047e-17,-50.0,-50.0,0.0
19.56,4.753359358234802,1.7615881026992738e-17,-50.0,-50.0,0.0
19.570000000000004,4.749558996155388,1.7602279424865286e-17,-50.0,-50.0,0.0
19.580000000000002,4.745758171119316,1.758707513052251e-17,-50.0,-50.0,0.0
19.59,4.7419548611111395,1.7572158562684002e-17,-50.0,-50.0,0.0
19.599999999999998,4.737339707687184,1.7565091502107266e-17,-50.0,-50.0,0.0
19.610000000000003,4.733211952573687,1.7612201674688534e-17,-50.0,-50.0,0.0
19.62,4.729457239292293,1.7597360228084543e-17,-50.0,-50.0,0.0
19.63,4.661021917048408,1.771282712417954e-17,-50.0,-50.0,0.0
19.639999999999997,4.692842839236999,1.7578522797672763e-17,50.0,50.0,0.0
19.650000000000002,4.697575818819957,1.7563779395132414e-17,50.0,50.0,0.0
19.66,4.702316233557203,1.7552455570479248e-17,50.0,50.0,0.0
19.669999999999998,4.707047546794589,1.7546987536053356e-17,50.0,50.0,0.0
19.680000000000003,4.7117604563893085,1.7545576657095918e-17,50.0,50.0,0.0
19.69,4.71646763159613,1.7547790035043997e-17,50.0,50.0,0.0
19.7,4.7211751689765284,1.7554573910338024e-17,50.0,50.0,0.0
19.709999999999997,4.725882949544672,1.7561770811801154e-17,50.0,50.0,0.0
19.720000000000002,4.730588904573938,1.757377341424753e-17,50.0,50.0,0.0
19.73,4.735295116855488,1.7585202853321306e-17,50.0,50.0,0.0
19.74,4.739999136410441,1.7598120317525162e-17,50.0,50.0,0.0
19.750000000000004,4.738482183543159,1.7623073722862817e-17,50.0,50.0,0.0
19.76,4.7403780884353255,1.764706063713788e-17,50.0,50.0,0.0
19.77,4.742202118120792,1.767115703042137e-17,50.0,50.0,0.0
19.779999999999998,4.744026592431933,1.76968297520197e-17,50.0,50.0,0.0
19.790000000000003,4.745297450304286,1.7723834750564944e-17,50.0,50.0,0.0
19.8,4.746922789327088,1.7749768993585737e-17,50.0,50.0,0.0
19.81,4.748822941296554,1.7771543034286095e-17,50.0,50.0,0.0
19.820000000000004,4.9495735497168445,1.763384078217184e-17,50.0,50.0,0.0
19.830000000000002,5.150323549605345,1.7654061629144726e-17,49.411764705882355,49.411764705882355,0.0
19.84,5.348389722330735,1.767084511053853e-17,-19.215686274509807,-19.215686274509807,0.0
19.849999999999998,5.233343140930177,1.768859802114048e-17,-50.0,-50.0,0.0
19.860000000000003,4.977843119325665,1.769958395905703e-17,-50.0,-50.0,0.0
19.87,4.722343085046564,1.7705634222755037e-17,-50.0,-50.0,0.0
19.88,4.466843036614157,1.770926304424997e-17,50.0,50.0,0.0
19.889999999999997,4.667592976960392,1.7707338964656116e-17,50.0,50.0,0.0
19.900000000000002,4.868342900727228,1.7702624088104122e-17,50.0,50.0,0.0
19.91,5.0690928099901305,1.7694525870793212e-17,50.0,50.0,0.0
19.919999999999998,5.269842705149886,1.768653271203755e-17,15.098039215686274,15.098039215686274,0.0
19.930000000000003,5.311352389926058,1.767368629272214e-17,-50.0,-50.0,0.0
19.94,4.765164329079356,1.770806963645224e-17,-50.0,-50.0,0.0
19.95,4.7610236162068,1.7665062279709228e-17,-50.0,-50.0,0.0
19.959999999999997,4.757187816218589,1.765485367981024e-17,50.0,50.0,0.0
19.970000000000002,4.759029163079312,1.7647105340046112e-17,50.0,50.0,0.0
19.98,4.7603418158652975,1.7643132226127895e-17,50.0,50.0,0.0
19.99,4.762231397906975,1.7631857423506556e-17,50.0,50.0,0.0
20.000000000000004,4.7636599684982786,1.767308601106033e-17,50.0,50.0,0.0
20.01,4.771672747916123,1.7645298618769617e-17,50.0,50.0,0.0
20.02,4.776392657548772,1.7630048161131216e-17,50.0,50.0,0.0
20.029999999999998,4.781114868671055,1.76169801103512e-17,50.0,50.0,0.0
20.040000000000003,4.785825500064862,1.7608136583456054e-17,50.0,50.0,0.0
20.05,4.790529602964758,1.7604853219054703e-17,50.0,50.0,0.0
20.06,4.795228197237267,1.760640106588669e-17,50.0,50.0,0.0
20.070000000000004,4.799922199631998,1.7610119653021698e-17,50.0,50.0,0.0
20.080000000000002,4.804612219064322,1.7615544349800937e-17,50.0,50.0,0.0
20.09,4.809298579596132,1.762429496185017e-17,50.0,50.0,0.0
20.099999999999998,4.813976912413248,1.7633798794768278e-17,50.0,50.0,0.0
20.110000000000003,4.818658565109526,1.7642652565468132e-17,50.0,50.0,0.0
20.12,4.8188333695505765,1.764404495528452e-17,50.0,50.0,0.0
20.13,4.820727696690166,1.7666624312559474e-17,50.0,50.0,0.0
20.139999999999997,4.822612954147445,1.7691839848124526e-17,50.0,50.0,0.0
20.150000000000002,4.824506302396797,1.77146919500085e-17,50.0,50.0,0.0
20.16,4.826402842604291,1.7737345316787222e-17,50.0,50.0,0.0
20.169999999999998,4.827942747935478,1.775983753554773e-17,50.0,50.0,0.0
20.180000000000003,4.8291706743340646,1.7785601313187893e-17,50.0,50.0,0.0
20.19,4.831062448092079,1.781050556414483e-17,50.0,50.0,0.0
20.2,4.9920470068263585,1.7683809075812052e-17,50.0,50.0,0.0
20.209999999999997,5.1927970543292865,1.7703460187248794e-17,49.411764705882355,49.411764705882355,0.0
20.220000000000002,5.390863269074635,1.7720883654973815e-17,-50.0,-50.0,0.0
20.23,5.13536328934502,1.7740115140994537e-17,-50.0,-50.0,0.0
20.24,4.879863294334897,1.7750202906349638e-17,-50.0,-50.0,0.0
20.250000000000004,4.624363279621544,1.7754209094257465e-17,15.098039215686274,15.098039215686274,0.0
20.26,4.665873049181382,1.7753712236642012e-17,50.0,50.0,0.0
20.27,4.866622991788043,1.7750412097017838e-17,50.0,50.0,0.0
20.279999999999998,5.067372910466974,1.7746194442040774e-17,50.0,50.0,0.0
20.290000000000003,5.268122806174293,1.773669433226261e-17,15.098039215686274,15.098039215686274,0.0
20.3,5.309632482655549,1.7723260972054307e-17,-50.0,-50.0,0.0
20.31,5.0541323321702425,1.7710727107896435e-17,-50.0,-50.0,0.0
20.320000000000004,4.842059955129393,1.7704249158734512e-17,-50.0,-50.0,0.0
20.330000000000002,4.83795556086033,1.7708193526472082e-17,49.411764705882355,49.411764705882355,0.0
20.34,4.839777091375794,1.770617017651933e-17,50.0,50.0,0.0
20.349999999999998,4.8416313132729485,1.7697815361164967e-17,50.0,50.0,0.0
20.360000000000003,4.8434814465230245,1.768765588917692e-17,50.0,50.0,0.0
20.37,4.844724861262361,1.7687757744888834e-17,50.0,50.0,0.0
20.38,4.854058941215067,1.7716504190234073e-17,50.0,50.0,0.0
20.389999999999997,4.858778913555622,1.7699342190991952e-17,50.0,50.0,0.0
20.400000000000002,4.863499016545391,1.768205011925287e-17,49.411764705882355,49.411764705882355,0.0
20.41,4.868152336903697,1.7669946812529993e-17,49.411764705882355,49.411764705882355,0.0
20.419999999999998,4.872805889397149,1.7660346421991802e-17,49.411764705882355,49.411764705882355,0.0
20.430000000000003,4.877452893302447,1.7656121448120674e-17,49.411764705882355,49.411764705882355,0.0
20.44,4.882089169219622,1.7656281209784183e-17,49.411764705882355,49.411764705882355,0.0
20.45,4.88671665402695,1.7660063950979548e-17,49.411764705882355,49.411764705882355,0.0
20.459999999999997,4.891336769191752,1.7665126015086965e-17,49.411764705882355,49.411764705882355,0.0
20.470000000000002,4.895950438808085,1.7674427780189136e-17,49.411764705882355,49.411764705882355,0.0
20.48,4.900556634708617,1.7683998008413464e-17,49.411764705882355,49.411764705882355,0.0
20.49,4.905164242177447,1.7691895902432342e-17,49.411764705882355,49.411764705882355,0.0
20.500000000000004,4.902985321654582,1.7707025975513113e-17,49.411764705882355,49.411764705882355,0.0
20.51,4.904840143655391,1.7734376139984363e-17,49.411764705882355,49.411764705882355,0.0
20.52,4.906680695719019,1.7764949158940798e-17,49.411764705882355,49.411764705882355,0.0
20.529999999999998,4.908533413678136,1.7793720221181068e-17,49.411764705882355,49.411764705882355,0.0
20.540000000000003,4.910391963758265,1.7820571589125502e-17,49.411764705882355,49.411764705882355,0.0
20.55,4.9117443939781475,1.7848840149069812e-17,50.0,50.0,0.0
20.56,4.91312034176967,1.7878289049426113e-17,49.6078431372549,49.6078431372549,0.0
20.570000000000004,4.9544353964422125,1.7586605207226097e-17,49.6078431372549,49.6078431372549,0.0
20.580000000000002,5.153396583456331,1.7770044326816325e-17,49.6078431372549,49.6078431372549,0.0
20.59,5.352357483724884,1.778906773389959e-17,49.6078431372549,49.6078431372549,0.0
20.599999999999998,5.551318360536744,1.7804543872878875e-17,-19.215686274509807,-19.215686274509807,0.0
20.610000000000003,5.436271852419107,1.7814841173009305e-17,-50.0,-50.0,0.0
20.62,5.180771882302104,1.7824475365456048e-17,-50.0,-50.0,0.0
20.63,4.925271879137737,1.783283060432688e-17,-50.0,-50.0,0.0
20.639999999999997,4.66977184088555,1.7833186032255563e-17,-50.0,-50.0,0.0
20.650000000000002,4.414271767228906,1.783042688860433e-17,-19.215686274509807,-19.215686274509807,0.0
20.66,4.299225091197513,1.7822524600602042e-17,50.0,50.0,0.0
20.669999999999998,4.499974949102449,1.7810378095198853e-17,50.0,50.0,0.0
20.680000000000003,4.700724769647431,1.7794773974835196e-17,50.0,50.0,0.0
20.69,4.92253416810527,1.7802550372565704e-17,50.0,50.0,0.0
20.7,4.9244730152391645,1.7786355473191116e-17,50.0,50.0,0.0
20.709999999999997,4.926108551480339,1.7790064577527584e-17,49.6078431372549,49.6078431372549,0.0
20.720000000000002,4.927996795384542,1.7779583603596494e-17,49.6078431372549,49.6078431372549,0.0
20.73,4.9298845222198695,1.7766067763554955e-17,49.6078431372549,49.6078431372549,0.0
20.74,4.930736851460352,1.775644599866974e-17,49.6078431372549,49.6078431372549,0.0
20.750000000000004,4.936275669310069,1.7593325399539127e-17,49.6078431372549,49.6078431372549,0.0
20.76,4.954635102225411,1.777895124056181e-17,49.6078431372549,49.6078431372549,0.0
20.77,4.959310628094254,1.7760425941791087e-17,15.294117647058824,15.294117647058824,0.0
20.779999999999998,4.960085474379439,1.7745281601499112e-17,15.294117647058824,15.294117647058824,0.0
20.790000000000003,4.960860539522452,1.7735556445654772e-17,15.294117647058824,15.294117647058824,0.0
20.8,4.961635761985767,1.7727758355939887e-17,15.294117647058824,15.294117647058824,0.0
20.81,4.9624106308282165,1.7723410443177404e-17,15.294117647058824,15.294117647058824,0.0
20.820000000000004,4.9631735523997875,1.772510982949761e-17,15.294117647058824,15.294117647058824,0.0
20.830000000000002,4.963921086504965,1.772991147729586e-17,15.294117647058824,15.294117647058824,0.0
20.84,4.964655484979713,1.773480022555825e-17,15.294117647058824,15.294117647058824,0.0
20.849999999999998,4.96537539722816,1.7740513423082812e-17,15.294117647058824,15.294117647058824,0.0
20.860000000000003,4.96205627310796,1.773737232051193e-17,15.294117647058824,15.294117647058824,0.0
20.87,4.961978012285457,1.776074248892227e-17,15.294117647058824,15.294117647058824,0.0
20.88,4.96187040623556,1.77836599182223e-17,15.294117647058824,15.294117647058824,0.0
20.889999999999997,4.961726320737772,1.780524221183922e-17,15.294117647058824,15.294117647058824,0.0
20.900000000000002,4.961586868853714,1.7824977338356416e-17,15.294117647058824,15.294117647058824,0.0
20.91,4.961482493370603,1.784516583925863e-17,15.294117647058824,15.294117647058824,0.0
20.919999999999998,4.960768117439859,1.7862615459125896e-17,15.294117647058824,15.294117647058824,0.0
20.930000000000003,4.960418134732955,1.7884173082908232e-17,15.294117647058824,15.294117647058824,0.0
20.94,4.968732357911503,1.7806657498014968e-17,15.294117647058824,15.294117647058824,0.0
20.95,5.011268891185377,1.7800908685401956e-17,15.294117647058824,15.294117647058824,0.0
20.959999999999997,5.05367342372402,1.7821459028191328e-17,15.294117647058824,15.294117647058824,0.0
20.970000000000002,5.096077927236296,1.7836498415807184e-17,15.294117647058824,15.294117647058824,0.0
20.98,5.1384823962886035,1.784724633746556e-17,-19.215686274509807,-19.215686274509807,0.0
20.99,5.023435845061664,1.785786261167508e-17,-19.215686274509807,-19.215686274509807,0.0
21.000000000000004,4.908389253026458,1.7862397474700626e-17,-50.0,-50.0,0.0
21.01,4.652889185550203,1.7861486861342768e-17,-19.215686274509807,-19.215686274509807,0.0
21.02,4.537842508118265,1.7856567161636216e-17,15.294117647058824,15.294117647058824,0.0
21.029999999999998,4.580246768264861,1.7847175101498388e-17,50.0,50.0,0.0
21.040000000000003,4.7809965663725364,1.78340837837821e-17,50.0,50.0,0.0
21.05,4.95753461060601,1.783800390520155e-17,50.0,50.0,0.0
21.06,4.959473074156685,1.7821997100080817e-17,50.0,50.0,0.0
21.070000000000004,4.961412034122758,1.7803617967433055e-17,49.6078431372549,49.6078431372549,0.0
21.080000000000002,4.963329093913449,1.7781061903564144e-17,15.294117647058824,15.294117647058824,0.0
21.09,4.962914979494961,1.7785885862077878e-17,15.294117647058824,15.294117647058824,0.0
21.099999999999998,4.962843850071116,1.7771735859056638e-17,15.294117647058824,15.294117647058824,0.0
21.110000000000003,4.961662884710725,1.776541201695155e-17,15.294117647058824,15.294117647058824,0.0
21.12,4.965241457589254,1.7708882837996813e-17,15.294117647058824,15.294117647058824,0.0
21.13,4.972438901708145,1.7801595729211043e-17,15.294117647058824,15.294117647058824,0.0
21.139999999999997,4.9732137233487235,1.777928519901772e-17,15.294117647058824,15.294117647058824,0.0
21.150000000000002,4.973988666310675,1.7760591499509173e-17,15.294117647058824,15.294117647058824,0.0
21.16,4.974763726603097,1.7744432863732636e-17,15.294117647058824,15.294117647058824,0.0
21.169999999999998,4.975538885139583,1.7730958475365952e-17,15.294117647058824,15.294117647058824,0.0
21.180000000000003,4.976314119795117,1.7722156135447867e-17,15.294117647058824,15.294117647058824,0.0
21.19,4.97708601691128,1.7717084102159704e-17,15.294117647058824,15.294117647058824,0.0
21.2,4.977839413142096,1.7716915119086728e-17,15.294117647058824,15.294117647058824,0.0
21.209999999999997,4.978575080380952,1.771678078495525e-17,15.294117647058824,15.294117647058824,0.0
21.220000000000002,4.979294727130684,1.7715896932544572e-17,15.294117647058824,15.294117647058824,0.0
21.23,4.975856237018985,1.7716016099492338e-17,15.294117647058824,15.294117647058824,0.0
21.24,4.975788141536816,1.77347139282865e-17,15.294117647058824,15.294117647058824,0.0
21.250000000000004,4.975689986029088,1.7753186234558453e-17,15.294117647058824,15.294117647058824,0.0
21.26,4.9755627122916275,1.7771974801757093e-17,15.294117647058824,15.294117647058824,0.0
21.27,4.975410799502974,1.778864388076347e-17,15.294117647058824,15.294117647058824,0.0
21.279999999999998,4.975296338844811,1.78026425825245e-17,15.294117647058824,15.294117647058824,0.0
21.290000000000003,4.9744554610703124,1.78137436904521e-17,15.294117647058824,15.294117647058824,0.0
21.3,4.974342951164096,1.783163366157282e-17,15.294117647058824,15.294117647058824,0.0
21.31,4.987031657206059,1.7758481408088656e-17,15.294117647058824,15.294117647058824,0.0
21.320000000000004,5.029436244042995,1.777242690559269e-17,15.294117647058824,15.294117647058824,0.0
21.330000000000002,5.071840793856808,1.7786952779484272e-17,-19.215686274509807,-19.215686274509807,0.0
21.34,4.956794324929784,1.780159140140207e-17,-19.215686274509807,-19.215686274509807,0.0
21.349999999999998,4.841747814034753,1.7809655356064813e-17,-19.215686274509807,-19.215686274509807,0.0
21.360000000000003,4.726701256520204,1.7812138402957593e-17,49.6078431372549,49.6078431372549,0.0
21.37,4.925662005560094,1.7809276199219484e-17,50.0,50.0,0.0
21.38,5.126411918692864,1.7802597900295758e-17,50.0,50.0,0.0
21.389999999999997,5.327161781202894,1.7792875550248054e-17,-19.215686274509807,-19.215686274509807,0.0
21.400000000000002,5.212115006919264,1.7779599208772346e-17,-50.0,-50.0,0.0
21.41,4.956612694017571,1.7757372428961685e-17,-50.0,-50.0,0.0
21.419999999999998,4.701112474149674,1.773914840922239e-17,-19.215686274509807,-19.215686274509807,0.0
21.430000000000003,4.586065719135541,1.771840573701443e-17,50.0,50.0,0.0
21.44,4.96341145352168,1.772745014306697e-17,50.0,50.0,0.0
21.45,4.965351018317844,1.7703137121107225e-17,15.294117647058824,15.294117647058824,0.0
21.459999999999997,4.964915395464956,1.770358287219572e-17,15.294117647058824,15.294117647058824,0.0
21.470000000000002,4.96484784893633,1.7687580302239716e-17,15.294117647058824,15.294117647058824,0.0
21.48,4.963701592267315,1.7675196786429973e-17,15.294117647058824,15.294117647058824,0.0
21.49,4.963634073520449,1.766068975902147e-17,15.294117647058824,15.294117647058824,0.0
21.500000000000004,4.971555759089142,1.7712887635000426e-17,15.294117647058824,15.294117647058824,0.0
21.51,4.972330615070821,1.7689999745974435e-17,15.294117647058824,15.294117647058824,0.0
21.52,4.97310558041257,1.767086590697067e-17,15.294117647058824,15.294117647058824,0.0
21.529999999999998,4.973880659962791,1.7655933827841323e-17,15.294117647058824,15.294117647058824,0.0
21.540000000000003,4.97465583399462,1.7643102708058524e-17,15.294117647058824,15.294117647058824,0.0
21.55,4.9754310797952295,1.7633042180106632e-17,15.294117647058824,15.294117647058824,0.0
21.56,4.976204068075424,1.762954695158935e-17,15.294117647058824,15.294117647058824,0.0
21.570000000000004,4.97695890520795,1.7628297948569062e-17,15.294117647058824,15.294117647058824,0.0
21.580000000000002,4.977695187827632,1.7629192388891585e-17,15.294117647058824,15.294117647058824,0.0
21.59,4.982925178825792,1.764045837707632e-17,15.294117647058824,15.294117647058824,0.0
21.599999999999998,4.975376625527769,1.764648146954557e-17,15.294117647058824,15.294117647058824,0.0
21.610000000000003,4.975336845081013,1.7654680430837634e-17,15.294117647058824,15.294117647058824,0.0
21.62,4.975200669610959,1.7673911149234742e-17,15.294117647058824,15.294117647058824,0.0
21.63,4.975100275978713,1.7694220881727533e-17,15.294117647058824,15.294117647058824,0.0
21.639999999999997,4.97471462049144,1.7704893496862933e-17,15.294117647058824,15.294117647058824,0.0
21.650000000000002,4.974546949187713,1.7713381084631776e-17,15.294117647058824,15.294117647058824,0.0
21.66,4.973960541504708,1.7727043461373192e-17,15.294117647058824,15.294117647058824,0.0
21.669999999999998,4.973828920136649,1.7746200064387408e-17,15.294117647058824,15.294117647058824,0.0
21.680000000000003,4.982269430627328,1.7709140520060465e-17,15.294117647058824,15.294117647058824,0.0
21.69,5.024673984854225,1.7726816827120242e-17,15.294117647058824,15.294117647058824,0.0
21.7,5.067078554483878,1.774406781776138e-17,15.294117647058824,15.294117647058824,0.0
21.709999999999997,5.109485116051528,1.772624920916647e-17,-19.215686274509807,-19.215686274509807,0.0
21.720000000000002,4.994438656912054,1.7735651169001873e-17,-50.0,-50.0,0.0
21.73,4.7389387083618715,1.77422058011153e-17,-19.215686274509807,-19.215686274509807,0.0
21.74,4.623892133875652,1.774677066680884e-17,50.0,50.0,0.0
21.750000000000004,4.824642069932549,1.7747235733185026e-17,50.0,50.0,0.0
21.76,5.025391936070452,1.7742845151137826e-17,50.0,50.0,0.0
21.77,4.978339321241796,1.774830689899106e-17,15.294117647058824,15.294117647058824,0.0
21.779999999999998,4.978461698586274,1.7747926819425762e-17,15.294117647058824,15.294117647058824,0.0
21.790000000000003,4.978400360581264,1.773696473078064e-17,15.294117647058824,15.294117647058824,0.0
21.8,4.978339062232867,1.7725856158375196e-17,15.294117647058824,15.294117647058824,0.0
21.81,4.978274803252088,1.7714814183935228e-17,15.294117647058824,15.294117647058824,0.0
21.820000000000004,4.9782077832763925,1.769982180664794e-17,15.294117647058824,15.294117647058824,0.0
21.830000000000002,4.978137491768586,1.7682117653380028e-17,15.294117647058824,15.294117647058824,0.0
21.84,4.9780649706168925,1.7665353494925324e-17,15.294117647058824,15.294117647058824,0.0
21.849999999999998,4.977772491348947,1.764375214306709e-17,15.294117647058824,15.294117647058824,0.0
21.860000000000003,4.976704703278998,1.762507517245925e-17,15.294117647058824,15.294117647058824,0.0
21.87,4.981630421950543,1.7698884670570925e-17,15.294117647058824,15.294117647058824,0.0
21.88,4.982405298215891,1.7675260180518173e-17,15.294117647058824,15.294117647058824,0.0
21.889999999999997,4.9831802793211954,1.7651949092655904e-17,15.294117647058824,15.294117647058824,0.0
21.900000000000002,4.983955372559429,1.7632667869919318e-17,15.294117647058824,15.294117647058824,0.0
21.91,4.9847307414693685,1.761533736406026e-17,15.294117647058824,15.294117647058824,0.0
21.919999999999998,4.985514303825958,1.7603156818520506e-17,15.294117647058824,15.294117647058824,0.0
21.930000000000003,4.986289700609051,1.7597136399499e-17,15.294117647058824,15.294117647058824,0.0
21.94,4.98703760163745,1.7594204130254284e-17,15.490196078431373,15.490196078431373,0.0
21.95,4.984384064380974,1.7586703759385465e-17,15.490196078431373,15.490196078431373,0.0
21.959999999999997,5.019013147983348,1.760838033835733e-17,15.490196078431373,15.490196078431373,0.0
21.970000000000002,5.062312024304893,1.7618798420092084e-17,15.490196078431373,15.490196078431373,0.0
21.98,4.985915239067951,1.762010592132529e-17,-19.215686274509807,-19.215686274509807,0.0
21.99,4.983888987965298,1.763688447934009e-17,-19.215686274509807,-19.215686274509807,0.0
22.000000000000004,4.981823661087984,1.765511305188148e-17,15.490196078431373,15.490196078431373,0.0
22.01,4.981510649000089,1.7668875113812875e-17,15.490196078431373,15.490196078431373,0.0
22.02,4.981319804600551,1.767607674674911e-17,15.490196078431373,15.490196078431373,0.0
22.029999999999998,4.980688355644667,1.768516128098753e-17,15.490196078431373,15.490196078431373,0.0
22.040000000000003,4.98065389374244,1.770038706879134e-17,15.490196078431373,15.490196078431373,0.0
22.05,4.984950797624903,1.7675260471685753e-17,15.490196078431373,15.490196078431373,0.0
22.06,5.028249955543608,1.7692762766414428e-17,15.490196078431373,15.490196078431373,0.0
22.070000000000004,5.071549124984515,1.7708597941484233e-17,-19.215686274509807,-19.215686274509807,0.0
22.080000000000002,4.95650464815598,1.7689132647900295e-17,-19.215686274509807,-19.215686274509807,0.0
22.09,4.841458188118186,1.7694997371678182e-17,-19.215686274509807,-19.215686274509807,0.0
22.099999999999998,4.726411668570237,1.7694349060601286e-17,49.80392156862745,49.80392156862745,0.0
22.110000000000003,4.926267051352756,1.769654387351449e-17,50.0,50.0,0.0
22.12,5.127016973492936,1.7694395877369596e-17,50.0,50.0,0.0
22.13,5.327766821787428,1.768609360452775e-17,-19.215686274509807,-19.215686274509807,0.0
22.139999999999997,4.924844203500708,1.767027388780923e-17,-50.0,-50.0,0.0
22.150000000000002,4.669344042028985,1.765714815937946e-17,15.490196078431373,15.490196078431373,0.0
22.16,4.9736324944103885,1.7678258443886526e-17,50.0,50.0,0.0
22.169999999999998,4.975571478020261,1.7667583446470957e-17,49.80392156862745,49.80392156862745,0.0
22.180000000000003,4.981988638736151,1.7713091244474254e-17,15.490196078431373,15.490196078431373,0.0
22.19,4.982784480756904,1.7696706980296397e-17,15.490196078431373,15.490196078431373,0.0
22.2,4.983580780775852,1.768004203057564e-17,15.490196078431373,15.490196078431373,0.0
22.209999999999997,4.9843772527793835,1.766331434747723e-17,15.490196078431373,15.490196078431373,0.0
22.220000000000002,4.985173891028052,1.7646688149513806e-17,15.490196078431373,15.490196078431373,0.0
22.23,4.985970694419702,1.7630954565458112e-17,15.490196078431373,15.490196078431373,0.0
22.24,4.986767549522502,1.761821145769248e-17,15.490196078431373,15.490196078431373,0.0
22.250000000000004,4.987564677450458,1.7607795917056568e-17,15.490196078431373,15.490196078431373,0.0
22.26,4.985594411008051,1.7594241166439012e-17,15.490196078431373,15.490196078431373,0.0
22.27,5.028893124353453,1.7610553538695474e-17,15.490196078431373,15.490196078431373,0.0
22.279999999999998,5.072191834815109,1.761932324137531e-17,-19.215686274509807,-19.215686274509807,0.0
22.290000000000003,4.957144965206538,1.7635989567524603e-17,-19.215686274509807,-19.215686274509807,0.0
22.3,4.842098111231981,1.7656099612000076e-17,-19.215686274509807,-19.215686274509807,0.0
22.31,4.727051277527819,1.767957544777058e-17,49.80392156862745,49.80392156862745,0.0
22.320000000000004,4.9269064309025286,1.770497182486987e-17,50.0,50.0,0.0
22.330000000000002,5.127656221487005,1.7726832580568198e-17,50.0,50.0,0.0
22.34,5.328406048265634,1.7739627224994712e-17,-19.215686274509807,-19.215686274509807,0.0
22.349999999999998,5.213359345087766,1.7768307548830505e-17,-50.0,-50.0,0.0
22.360000000000003,4.957859250768878,1.7796940968216845e-17,-50.0,-50.0,0.0
22.37,4.702359197156703,1.7823685080614335e-17,-19.215686274509807,-19.215686274509807,0.0
22.38,4.587312625612406,1.7853535368708522e-17,50.0,50.0,0.0
22.389999999999997,4.971935394679855,1.7811379491835737e-17,50.0,50.0,0.0
22.400000000000002,4.976940999729277,1.7819783276282362e-17,15.490196078431373,15.490196078431373,0.0
22.41,4.981935158868937,1.779608620609394e-17,15.490196078431373,15.490196078431373,0.0
22.419999999999998,5.025234375387345,1.7820505424809453e-17,15.490196078431373,15.490196078431373,0.0
22.430000000000003,5.068533578497671,1.7826239136413208e-17,15.490196078431373,15.490196078431373,0.0
22.44,5.1118327617106845,1.7832624262675517e-17,-19.215686274509807,-19.215686274509807,0.0
22.45,4.996787605449467,1.783395070138167e-17,-50.0,-50.0,0.0
22.459999999999997,4.741287695963264,1.7836670444765965e-17,-19.215686274509807,-19.215686274509807,0.0
22.470000000000002,4.6262411615425805,1.7834582587960323e-17,49.80392156862745,49.80392156862745,0.0
22.48,4.826096529997942,1.7828085924664223e-17,50.0,50.0,0.0
22.49,5.0268464418333245,1.781994715565097e-17,50.0,50.0,0.0
22.500000000000004,4.9768109264971,1.7850447912109087e-17,15.490196078431373,15.490196078431373,0.0
22.51,5.015850275463519,1.7780273826467467e-17,-50.0,-50.0,0.0
22.52,4.760291288114082,1.7768416106359734e-17,15.490196078431373,15.490196078431373,0.0
22.529999999999998,4.803649554135547,1.7749852849925063e-17,49.80392156862745,49.80392156862745,0.0
22.540000000000003,5.003504786653093,1.7730433243180715e-17,50.0,50.0,0.0
22.55,5.204254653628696,1.7711146302971738e-17,49.80392156862745,49.80392156862745,0.0
22.56,4.983419190106029,1.7721552526245232e-17,-50.0,-50.0,0.0
22.570000000000004,4.978670963382194,1.7717454580846416e-17,-50.0,-50.0,0.0
22.580000000000002,4.974829932292012,1.770709557965973e-17,15.490196078431373,15.490196078431373,0.0
22.59,4.974359344105978,1.769102598822178e-17,15.490196078431373,15.490196078431373,0.0
22.599999999999998,4.975103305851696,1.7751729133782348e-17,15.490196078431373,15.490196078431373,0.0
22.610000000000003,4.970412840964247,1.7708675613743713e-17,15.490196078431373,15.490196078431373,0.0
22.62,4.971210204663988,1.768814014697048e-17,15.490196078431373,15.490196078431373,0.0
22.63,4.972007674541605,1.7669742485477e-17,15.490196078431373,15.490196078431373,0.0
22.639999999999997,4.972810527577482,1.7655043075710346e-17,15.490196078431373,15.490196078431373,0.0
22.650000000000002,4.973608147381772,1.7642476230207085e-17,50.0,50.0,0.0
22.66,4.978313715731343,1.7635492284738298e-17,15.490196078431373,15.490196078431373,0.0
22.669999999999998,4.979089554322854,1.7632132740311253e-17,15.490196078431373,15.490196078431373,0.0
22.680000000000003,4.979860992048,1.763071398659438e-17,15.490196078431373,15.490196078431373,0.0
22.69,4.984872838091841,1.7633392331243376e-17,15.490196078431373,15.490196078431373,0.0
22.7,5.02817993494133,1.7637776977442505e-17,15.490196078431373,15.490196078431373,0.0
22.709999999999997,5.071478832731921,1.7646523008694747e-17,15.490196078431373,15.490196078431373,0.0
22.720000000000002,4.978309460762102,1.7634259480395943e-17,-19.215686274509807,-19.215686274509807,0.0
22.73,4.976305748785968,1.765240864359852e-17,-19.215686274509807,-19.215686274509807,0.0
22.74,4.974255808660991,1.7671736347268088e-17,15.490196078431373,15.490196078431373,0.0
22.750000000000004,4.974089307459765,1.7690662557320656e-17,15.490196078431373,15.490196078431373,0.0
22.76,4.973889748136501,1.7701444227948018e-17,15.490196078431373,15.490196078431373,0.0
22.77,4.972861092921786,1.7705499768759914e-17,15.490196078431373,15.490196078431373,0.0
22.779999999999998,4.972743962603023,1.7709609890257342e-17,15.490196078431373,15.490196078431373,0.0
22.790000000000003,4.9727062752569555,1.772113446171901e-17,15.490196078431373,15.490196078431373,0.0
22.8,5.0073377652333555,1.7705791359852007e-17,15.490196078431373,15.490196078431373,0.0
22.81,5.050636917223644,1.771919327396214e-17,15.490196078431373,15.490196078431373,0.0
22.820000000000004,5.093936079052558,1.7728938440959858e-17,15.490196078431373,15.490196078431373,0.0
22.830000000000002,5.13723720785379,1.7705587899891094e-17,-19.215686274509807,-19.215686274509807,0.0
22.84,5.0221907046890735,1.7713756665782077e-17,-19.215686274509807,-19.215686274509807,0.0
22.849999999999998,4.9071441399802405,1.771510855931721e-17,-50.0,-50.0,0.0
22.860000000000003,4.651644078158309,1.7715940372141193e-17,-19.215686274509807,-19.215686274509807,0.0
22.87,4.536597368606441,1.770816659491887e-17,15.490196078431373,15.490196078431373,0.0
22.88,4.579894122381106,1.7691721503187483e-17,50.0,50.0,0.0
22.889999999999997,4.780643973075017,1.767664352263297e-17,50.0,50.0,0.0
22.900000000000002,4.964706526708432,1.770027965938875e-17,50.0,50.0,0.0
22.91,4.966631152667694,1.7687505237873854e-17,50.0,50.0,0.0
22.919999999999998,4.968556581512183,1.7674929022068616e-17,15.490196078431373,15.490196078431373,0.0
22.930000000000003,4.968516804628024,1.7656448033708953e-17,15.490196078431373,15.490196078431373,0.0
22.94,4.968477323208926,1.763526776310462e-17,15.490196078431373,15.490196078431373,0.0
22.95,4.96843571235024,1.7609879538697446e-17,15.490196078431373,15.490196078431373,0.0
22.959999999999997,4.96807940434652,1.7586305341225938e-17,15.490196078431373,15.490196078431373,0.0
22.970000000000002,4.967274144135067,1.7561065982859244e-17,15.490196078431373,15.490196078431373,0.0
22.98,4.970886398020979,1.7559957640247763e-17,15.490196078431373,15.490196078431373,0.0
22.99,4.97827473639693,1.761402703552368e-17,15.490196078431373,15.490196078431373,0.0
23.000000000000004,4.97907830041933,1.7590603715795902e-17,15.490196078431373,15.490196078431373,0.0
23.01,4.979882336349439,1.7570198850915225e-17,15.490196078431373,15.490196078431373,0.0
23.02,4.980685555849665,1.7558333136934057e-17,15.490196078431373,15.490196078431373,0.0
23.029999999999998,4.9814799594525025,1.7547082368872593e-17,15.490196078431373,15.490196078431373,0.0
23.040000000000003,4.982272098656136,1.7543255262258666e-17,15.490196078431373,15.490196078431373,0.0
23.05,4.979941217398783,1.7549500012662293e-17,15.490196078431373,15.490196078431373,0.0
23.06,5.018905680331244,1.754953421161754e-17,15.490196078431373,15.490196078431373,0.0
23.070000000000004,5.062204649791374,1.756366102711185e-17,15.490196078431373,15.490196078431373,0.0
23.080000000000002,5.105503564020228,1.7581931898361038e-17,15.490196078431373,15.490196078431373,0.0
23.09,5.148802506646113,1.7602862188366808e-17,-19.215686274509807,-19.215686274509807,0.0
23.099999999999998,4.979358029793932,1.7576182026956838e-17,-50.0,-50.0,0.0
23.110000000000003,4.975557641706253,1.7597548538930444e-17,-50.0,-50.0,0.0
23.12,4.971726317002056,1.7617700088020337e-17,-19.215686274509807,-19.215686274509807,0.0
23.13,4.969365291086141,1.762937770774766e-17,15.490196078431373,15.490196078431373,0.0
23.139999999999997,4.968548093584242,1.7623846053206495e-17,15.490196078431373,15.490196078431373,0.0
23.150000000000002,4.968487333714488,1.762956191094391e-17,15.490196078431373,15.490196078431373,0.0
23.16,4.968452762013046,1.764020554167065e-17,15.490196078431373,15.490196078431373,0.0
23.169999999999998,4.998750181245789,1.7623999101472152e-17,15.490196078431373,15.490196078431373,0.0
23.180000000000003,5.0420493224923435,1.7639251438464902e-17,15.490196078431373,15.490196078431373,0.0
23.19,5.085348468469658,1.7653293338906244e-17,15.490196078431373,15.490196078431373,0.0
23.2,5.128649549777324,1.7645933231399537e-17,-19.215686274509807,-19.215686274509807,0.0
23.209999999999997,5.013603042406834,1.765278466915164e-17,-19.215686274509807,-19.215686274509807,0.0
23.220000000000002,4.898556467939847,1.7655583521091193e-17,-50.0,-50.0,0.0
23.23,4.6430563919708225,1.765540185899379e-17,-19.215686274509807,-19.215686274509807,0.0
23.24,4.52800760713911,1.7643955108684157e-17,15.490196078431373,15.490196078431373,0.0
23.250000000000004,4.57130648763192,1.7626900814975245e-17,50.0,50.0,0.0
23.26,4.772056390681217,1.760943907194892e-17,50.0,50.0,0.0
23.27,4.9728062680053915,1.7592126459660874e-17,50.0,50.0,0.0
23.279999999999998,4.957495535474688,1.7625311834105758e-17,50.0,50.0,0.0
23.290000000000003,4.959740528499633,1.7607749452977384e-17,50.0,50.0,0.0
23.3,4.961984368334997,1.7587876365968904e-17,15.490196078431373,15.490196078431373,0.0
23.31,4.96122356595451,1.7560959458850172e-17,15.686274509803921,15.686274509803921,0.0
23.320000000000004,4.960878716319636,1.75429702789955e-17,15.686274509803921,15.686274509803921,0.0
23.330000000000002,4.960525074051461,1.7520833496435484e-17,15.686274509803921,15.686274509803921,0.0
23.34,4.959620271405631,1.74970770810012e-17,15.686274509803921,15.686274509803921,0.0
23.349999999999998,4.959602325945133,1.747001247251229e-17,15.686274509803921,15.686274509803921,0.0
23.360000000000003,4.970580685902429,1.7544281168360502e-17,15.686274509803921,15.686274509803921,0.0
23.37,4.97140029534575,1.75224102482668e-17,15.686274509803921,15.686274509803921,0.0
23.38,4.972219984485245,1.7502909220480398e-17,15.686274509803921,15.686274509803921,0.0
23.389999999999997,4.973039760893754,1.7485625830829033e-17,15.686274509803921,15.686274509803921,0.0
23.400000000000002,4.973865175506357,1.7474201050436466e-17,15.686274509803921,15.686274509803921,0.0
23.41,4.974671812554821,1.74659235797781e-17,15.686274509803921,15.686274509803921,0.0
23.419999999999998,4.981181533824778,1.7462605791428374e-17,15.686274509803921,15.686274509803921,0.0
23.430000000000003,5.0253750309646135,1.7466981126882523e-17,15.686274509803921,15.686274509803921,0.0
23.44,5.0695685480117945,1.7475123760483597e-17,15.686274509803921,15.686274509803921,0.0
23.45,5.113762088154843,1.7481900765215455e-17,15.686274509803921,15.686274509803921,0.0
23.459999999999997,5.157955653934007,1.7490252615954507e-17,-19.215686274509807,-19.215686274509807,0.0
23.470000000000002,4.972353091564379,1.747923711129415e-17,-50.0,-50.0,0.0
23.48,4.968545130736754,1.7491323689116314e-17,-50.0,-50.0,0.0
23.49,4.964736036638726,1.7508621001871754e-17,15.686274509803921,15.686274509803921,0.0
23.500000000000004,4.964659158530087,1.7533412068051113e-17,15.686274509803921,15.686274509803921,0.0
23.51,4.964432512850524,1.755875741141533e-17,15.686274509803921,15.686274509803921,0.0
23.52,4.964401550042393,1.758290568546684e-17,15.686274509803921,15.686274509803921,0.0
23.529999999999998,4.964366477022466,1.7607279058524077e-17,15.686274509803921,15.686274509803921,0.0
23.540000000000003,4.977594526902638,1.7559595603456194e-17,15.686274509803921,15.686274509803921,0.0
23.55,5.021788260055233,1.7572887932678776e-17,15.686274509803921,15.686274509803921,0.0
23.56,5.065981996693711,1.7582997906178967e-17,15.686274509803921,15.686274509803921,0.0
23.570000000000004,5.110177771611933,1.758307821549028e-17,15.686274509803921,15.686274509803921,0.0
23.580000000000002,5.154371466221657,1.7576212616406085e-17,-19.215686274509807,-19.215686274509807,0.0
23.59,5.039324892438414,1.7572817284837016e-17,-50.0,-50.0,0.0
23.599999999999998,4.783824805624268,1.7566713287486412e-17,-50.0,-50.0,0.0
23.610000000000003,4.528322591914018,1.756669639811266e-17,-50.0,-50.0,0.0
23.62,4.72907247034999,1.7553062651333018e-17,50.0,50.0,0.0
23.63,4.929822351222619,1.7538597803518304e-17,50.0,50.0,0.0
23.639999999999997,5.130572242120675,1.7522627579632976e-17,50.0,50.0,0.0
23.650000000000002,4.958258537139058,1.756460306495777e-17,-19.215686274509807,-19.215686274509807,0.0
23.66,4.956271787183969,1.7553980636524492e-17,15.686274509803921,15.686274509803921,0.0
23.669999999999998,4.95624559563632,1.7545758858282406e-17,15.686274509803921,15.686274509803921,0.0
23.680000000000003,4.956214216215922,1.753214439184207e-17,15.686274509803921,15.686274509803921,0.0
23.69,4.956181801334252,1.7516438177538487e-17,15.686274509803921,15.686274509803921,0.0
23.7,4.956027792229245,1.7497864544950215e-17,15.686274509803921,15.686274509803921,0.0
23.709999999999997,4.95494119655964,1.7476736896267728e-17,15.686274509803921,15.686274509803921,0.0
23.720000000000002,4.954752644892697,1.74596556298534e-17,15.686274509803921,15.686274509803921,0.0
23.73,4.959594227875865,1.751863209875099e-17,15.686274509803921,15.686274509803921,0.0
23.74,4.960413842734811,1.749682925893043e-17,15.686274509803921,15.686274509803921,0.0
23.750000000000004,4.961233542851687,1.747783920376946e-17,15.686274509803921,15.686274509803921,0.0
23.76,4.962053323944678,1.746239901075088e-17,15.686274509803921,15.686274509803921,0.0
23.77,4.962874226999648,1.745107306851535e-17,15.686274509803921,15.686274509803921,0.0
23.779999999999998,4.963707283722929,1.7443665077177343e-17,15.686274509803921,15.686274509803921,0.0
23.790000000000003,4.964513091984829,1.7440380998091937e-17,15.686274509803921,15.686274509803921,0.0
23.8,5.004364430071029,1.744047912487364e-17,15.686274509803921,15.686274509803921,0.0
23.81,5.048557949421826,1.744447068161079e-17,15.686274509803921,15.686274509803921,0.0
23.820000000000004,5.0927514872085915,1.7452141517860243e-17,-19.215686274509807,-19.215686274509807,0.0
23.830000000000002,4.9777048469096705,1.7463890235415572e-17,-19.215686274509807,-19.215686274509807,0.0
23.84,4.957846661070585,1.746349218286992e-17,-19.215686274509807,-19.215686274509807,0.0
23.849999999999998,4.955842698132897,1.7483120477356643e-17,15.686274509803921,15.686274509803921,0.0
23.860000000000003,4.955791604443135,1.750441509740885e-17,15.686274509803921,15.686274509803921,0.0
23.87,4.955532401686648,1.7520183145117583e-17,15.686274509803921,15.686274509803921,0.0
23.88,4.954857385490411,1.752675368556855e-17,15.686274509803921,15.686274509803921,0.0
23.889999999999997,4.9546144581705,1.7522770724892325e-17,15.686274509803921,15.686274509803921,0.0
23.900000000000002,4.954557131846278,1.7529089193632147e-17,15.686274509803921,15.686274509803921,0.0
23.91,4.958955689529881,1.752559563271098e-17,15.686274509803921,15.686274509803921,0.0
23.919999999999998,5.003149413713118,1.7539074970926446e-17,15.686274509803921,15.686274509803921,0.0
23.930000000000003,5.047343139746913,1.7548176869340282e-17,15.686274509803921,15.686274509803921,0.0
23.94,5.09153686809901,1.7553033094515348e-17,-19.215686274509807,-19.215686274509807,0.0
23.95,4.97649235124883,1.7537353437672514e-17,-19.215686274509807,-19.215686274509807,0.0
23.959999999999997,4.861445777969832,1.7532289748155197e-17,-19.215686274509807,-19.215686274509807,0.0
23.970000000000002,4.7463991177653995,1.7526770216773092e-17,50.0,50.0,0.0
23.98,4.947146938776941,1.751401996216697e-17,50.0,50.0,0.0
23.99,5.147896830263653,1.7498952675403415e-17,50.0,50.0,0.0
24.000000000000004,5.348646726615764,1.7480921143901382e-17,-19.215686274509807,-19.215686274509807,0.0
24.01,5.233600060045874,1.746753765275785e-17,-50.0,-50.0,0.0
24.02,4.951107901456973,1.7499930892578378e-17,-50.0,-50.0,0.0
24.029999999999998,4.947301671549155,1.748553249714535e-17,15.686274509803921,15.686274509803921,0.0
24.040000000000003,4.947231999752716,1.747123151050126e-17,15.686274509803921,15.686274509803921,0.0
24.05,4.947161884498152,1.7452976997575866e-17,15.686274509803921,15.686274509803921,0.0
24.06,4.947091057443871,1.7429362989555838e-17,-50.0,-50.0,0.0
24.070000000000004,4.943273495014089,1.7404403681457332e-17,-50.0,-50.0,0.0
24.080000000000002,4.938678817866373,1.7382818317345973e-17,-50.0,-50.0,0.0
24.09,4.934905202029291,1.7359433114100824e-17,-50.0,-50.0,0.0
24.099999999999998,4.914756069611799,1.7434606864653168e-17,-50.0,-50.0,0.0
24.110000000000003,4.908109078216752,1.7413681656845082e-17,-50.0,-50.0,0.0
24.12,4.901468787931124,1.7391797290103348e-17,-50.0,-50.0,0.0
24.13,4.894820071793215,1.7372496691488095e-17,-50.0,-50.0,0.0
24.139999999999997,4.888176021668252,1.735616060230911e-17,-50.0,-50.0,0.0
24.150000000000002,4.881542152283167,1.7342403781394076e-17,-50.0,-50.0,0.0
24.16,4.874916913295473,1.7332342194651e-17,-50.0,-50.0,0.0
24.169999999999998,4.868285782436244,1.7328362410348323e-17,-50.0,-50.0,0.0
24.180000000000003,4.612785293222201,1.7326197566188706e-17,-50.0,-50.0,0.0
24.19,4.3572851798591135,1.732319969159525e-17,-50.0,-50.0,0.0
24.2,4.846823614805835,1.7320194736335746e-17,-50.0,-50.0,0.0
24.209999999999997,4.84306591374592,1.7325012474451273e-17,-50.0,-50.0,0.0
24.220000000000002,4.839296723693346,1.733266335248691e-17,-50.0,-50.0,0.0
24.23,4.83548637857743,1.7341857683371118e-17,-50.0,-50.0,0.0
24.24,4.8316348092812005,1.7349730166401574e-17,-50.0,-50.0,0.0
24.250000000000004,4.827357989994471,1.734939323257702e-17,-50.0,-50.0,0.0
24.26,4.823473026962393,1.7347958927864633e-17,-50.0,-50.0,0.0
24.27,4.819622845621127,1.7345294241621907e-17,-50.0,-50.0,0.0
24.279999999999998,4.815817130676303,1.7348771100215547e-17,-50.0,-50.0,0.0
24.290000000000003,4.585485308796345,1.7351621701918385e-17,-50.0,-50.0,0.0
24.3,4.32998542783488,1.7356798598133568e-17,-50.0,-50.0,0.0
24.31,4.0744855605807855,1.736163702207166e-17,-50.0,-50.0,0.0
24.320000000000004,3.8189857284461404,1.7365087801211548e-17,-50.0,-50.0,0.0
24.330000000000002,3.5634877735469486,1.735515206172686e-17,-50.0,-50.0,0.0
24.34,3.3079878375441,1.735162720029131e-17,-50.0,-50.0,0.0
24.349999999999998,3.052487849450362,1.7346841755306895e-17,-50.0,-50.0,0.0
24.360000000000003,2.7969878086574456,1.733955240152106e-17,-50.0,-50.0,0.0
24.37,2.5414877102609856,1.732763141864008e-17,-50.0,-50.0,0.0
24.38,4.721953273308358,1.7344524379042327e-17,-50.0,-50.0,0.0
24.389999999999997,4.713849265930286,1.7324722019284944e-17,-50.0,-50.0,0.0
24.400000000000002,4.709315375317393,1.7311849447827288e-17,-50.0,-50.0,0.0
24.41,4.705534599206919,1.729900795189088e-17,-50.0,-50.0,0.0
24.419999999999998,4.70174936032093,1.728512338781948e-17,-50.0,-50.0,0.0
24.430000000000003,4.697960047289028,1.7267759318279888e-17,-50.0,-50.0,0.0
24.44,4.694166517190837,1.725158416536088e-17,-50.0,-50.0,0.0
24.45,4.690365749512448,1.7233920352037075e-17,-50.0,-50.0,0.0
24.459999999999997,4.6855587788767386,1.7219337515179787e-17,-50.0,-50.0,0.0
24.470000000000002,4.681775172509515,1.7202502417715753e-17,-50.0,-50.0,0.0
24.48,4.64922703375215,1.7542555123456658e-17,-50.0,-50.0,0.0
24.49,4.6438233951626495,1.725584770570088e-17,-50.0,-50.0,0.0
24.500000000000004,4.637175623518202,1.7236843886254523e-17,-50.0,-50.0,0.0
24.51,4.630527974873742,1.7219107810432404e-17,-50.0,-50.0,0.0
24.52,4.623880440602945,1.7204046664657718e-17,-50.0,-50.0,0.0
24.529999999999998,4.617236630731899,1.7190107943417258e-17,-50.0,-50.0,0.0
24.540000000000003,4.610604306434336,1.7179829939756153e-17,-50.0,-50.0,0.0
24.55,4.603974185798022,1.717488215561344e-17,-50.0,-50.0,0.0
24.56,4.597283934523056,1.7169365482967533e-17,-50.0,-50.0,0.0
24.570000000000004,4.590590454353565,1.7164101332019026e-17,-50.0,-50.0,0.0
24.580000000000002,4.583898313828945,1.715894988939206e-17,-50.0,-50.0,0.0
24.59,4.575372946579686,1.7145757390943245e-17,-50.0,-50.0,0.0
24.599999999999998,4.57160669399079,1.714838981052464e-17,-50.0,-50.0,0.0
24.610000000000003,4.5678395948125985,1.715678943921587e-17,-50.0,-50.0,0.0
24.62,4.56407149437,1.716770425283463e-17,-50.0,-50.0,0.0
24.63,4.560302023413309,1.7179743132113953e-17,-50.0,-50.0,0.0
24.639999999999997,4.556131448215602,1.718981207745576e-17,-50.0,-50.0,0.0
24.650000000000002,4.5523580584848204,1.720808231343024e-17,-50.0,-50.0,0.0
24.66,4.548578096539281,1.7224792314715878e-17,-50.0,-50.0,0.0
24.669999999999998,4.544795036988822,1.7241649223278305e-17,-50.0,-50.0,0.0
24.680000000000003,4.5410068502595315,1.725705542909988e-17,-50.0,-50.0,0.0
24.69,4.461700007768387,1.7467902840797364e-17,-50.0,-50.0,0.0
24.7,4.20619987516947,1.7247128573534982e-17,-50.0,-50.0,0.0
24.709999999999997,3.950699988805655,1.725116992654501e-17,-50.0,-50.0,0.0
24.720000000000002,3.6952001486643886,1.725215402001104e-17,-50.0,-50.0,0.0
24.73,3.4397021311912868,1.722699188722633e-17,-50.0,-50.0,0.0
24.74,3.184202241874059,1.7226693956622028e-17,-50.0,-50.0,0.0
24.750000000000004,2.928702325372151,1.7221201834283112e-17,-50.0,-50.0,0.0
24.76,2.6732023799330236,1.7217279568811513e-17,-50.0,-50.0,0.0
24.77,2.4177024044743995,1.7210022415512565e-17,-50.0,-50.0,0.0
24.779999999999998,2.1622023985963614,1.7203798338006802e-17,-50.0,-50.0,0.0
24.790000000000003,1.9067023625737092,1.7195963495002935e-17,-50.0,-50.0,0.0
24.8,4.431357470656075,1.721411316113133e-17,-50.0,-50.0,0.0
24.81,4.421964824080095,1.721449954050418e-17,-50.0,-50.0,0.0
24.820000000000004,4.415300491867268,1.7207872195906183e-17,-50.0,-50.0,0.0
24.830000000000002,4.411755573193434,1.7195707214596836e-17,-50.0,-50.0,0.0
24.84,4.407312651627623,1.7187916417306225e-17,-50.0,-50.0,0.0
24.849999999999998,4.403517806129428,1.7174412435725944e-17,-50.0,-50.0,0.0
24.860000000000003,4.39903980132036,1.7159061816441537e-17,-50.0,-50.0,0.0
24.87,4.395057105248666,1.7144157265882973e-17,-50.0,-50.0,0.0
24.88,4.391277804319994,1.713083243177104e-17,-50.0,-50.0,0.0
24.889999999999997,4.387499276390463,1.711776647210361e-17,-50.0,-50.0,0.0
24.900000000000002,4.294893564876641,1.716318681395511e-17,-50.0,-50.0,0.0
24.91,4.352213811746194,1.7153431376682905e-17,-50.0,-50.0,0.0
24.919999999999998,4.34556568307858,1.7140795656813116e-17,-50.0,-50.0,0.0
24.930000000000003,4.338921442001532,1.713109472081711e-17,-50.0,-50.0,0.0
24.94,4.3322878208420885,1.7122446752653656e-17,-50.0,-50.0,0.0
24.95,4.3256583530110655,1.7117856892870718e-17,-50.0,-50.0,0.0
24.959999999999997,4.318977932049373,1.711581443173709e-17,-50.0,-50.0,0.0
24.970000000000002,4.312291628285088,1.711293613437298e-17,-50.0,-50.0,0.0
24.98,4.305593468939823,1.711122306317672e-17,0.0,0.0,0.0
24.99,4.304570963409948,1.7108111725873e-17,-50.0,-50.0,0.0
25.000000000000004,4.297872784112043,1.7106431212505654e-17,-50.0,-50.0,0.0
25.01,4.291180231429283,1.7105116061506146e-17,-50.0,-50.0,0.0
25.02,4.2844876489446895,1.7102630575671327e-17,-50.0,-50.0,0.0
25.029999999999998,4.277744520242923,1.7107842395865565e-17,-50.0,-50.0,0.0
25.040000000000003,4.27394918007264,1.7118857106432537e-17,-50.0,-50.0,0.0
25.05,4.270155000091195,1.71304273647338e-17,-50.0,-50.0,0.0
25.06,4.266095259728139,1.71418805207301e-17,-50.0,-50.0,0.0
25.070000000000004,4.262296885412746,1.7155306045883642e-17,-50.0,-50.0,0.0
25.080000000000002,4.258491439963299,1.7171135662299728e-17,-50.0,-50.0,0.0
25.09,4.254675273285729,1.7182269010418883e-17,-50.0,-50.0,0.0
25.099999999999998,4.250863552490154,1.719510396831973e-17,-50.0,-50.0,0.0
25.110000000000003,4.247052706922321,1.7202090534296706e-17,-50.0,-50.0,0.0
25.12,4.243248378654934,1.7209871167191947e-17,-50.0,-50.0,0.0
25.13,4.189120711950335,1.7501520016343326e-17,-50.0,-50.0,0.0
25.139999999999997,3.93362032431495,1.7186462114675367e-17,-50.0,-50.0,0.0
25.150000000000002,3.678122136462507,1.7166970470425837e-17,-50.0,-50.0,0.0
25.16,3.4226222076516435,1.7164953540790504e-17,-50.0,-50.0,0.0
25.169999999999998,3.167122271956748,1.7158736722621795e-17,-50.0,-50.0,0.0
25.180000000000003,2.911622328175695,1.7153984483975895e-17,-50.0,-50.0,0.0
25.19,2.6561223752755683,1.7146712282607242e-17,-50.0,-50.0,0.0
25.2,2.4006224116834516,1.7137756444437243e-17,-50.0,-50.0,0.0
25.209999999999997,2.1451224369391118,1.7127383784844282e-17,-50.0,-50.0,0.0
25.220000000000002,1.889622451302366,1.7112588236838112e-17,-50.0,-50.0,0.0
25.23,2.8546955504768787,1.72502150500805e-17,-50.0,-50.0,0.0
25.24,4.128869201758159,1.713259356686548e-17,-50.0,-50.0,0.0
25.250000000000004,4.122200772791642,1.7125129194896916e-17,-50.0,-50.0,0.0
25.26,4.115530532031204,1.7114841344477803e-17,-50.0,-50.0,0.0
25.27,4.108858038961549,1.7105145675967934e-17,-50.0,-50.0,0.0
25.279999999999998,4.10218313211866,1.7094817538544267e-17,-50.0,-50.0,0.0
25.290000000000003,4.096739996486683,1.7079544952170125e-17,-50.0,-50.0,0.0
25.3,4.09117123194866,1.706998666181639e-17,-50.0,-50.0,0.0
25.31,4.08735213257207,1.706470726427483e-17,-50.0,-50.0,0.0
25.320000000000004,4.083566977480616,1.7057516179545764e-17,-50.0,-50.0,0.0
25.330000000000002,4.0797861352857465,1.70516828224567e-17,-50.0,-50.0,0.0
25.34,4.072426766909758,1.7236904734642667e-17,-50.0,-50.0,0.0
25.349999999999998,4.052475342656191,1.7069745879466245e-17,-50.0,-50.0,0.0
25.360000000000003,4.0458111767206555,1.7069316870513353e-17,-50.0,-50.0,0.0
25.37,4.039143734206204,1.7069756758545663e-17,-50.0,-50.0,0.0
25.38,4.032472881771866,1.707256635359681e-17,-50.0,-50.0,0.0
25.389999999999997,4.025798462040165,1.7075994835256105e-17,-50.0,-50.0,0.0
25.400000000000002,4.019120229868491,1.7079791751018453e-17,-50.0,-50.0,0.0
25.41,4.012437775886787,1.708536754933255e-17,-50.0,-50.0,0.0
25.419999999999998,4.005750535379781,1.7090021011859964e-17,-50.0,-50.0,0.0
25.430000000000003,3.9990572785044587,1.7095487858454493e-17,-50.0,-50.0,0.0
25.44,3.992353964089029,1.7097668049296012e-17,-50.0,-50.0,0.0
25.45,3.985653515189342,1.70999617752261e-17,-50.0,-50.0,0.0
25.459999999999997,3.9773352086409868,1.7068406380857775e-17,-50.0,-50.0,0.0
25.470000000000002,3.9735719238254967,1.708226256932544e-17,-50.0,-50.0,0.0
25.48,3.9698077288561655,1.7098884373305447e-17,-50.0,-50.0,0.0
25.49,3.9660422041250305,1.7116610602369548e-17,-50.0,-50.0,0.0
25.500000000000004,3.962273298415487,1.71358116746135e-17,-50.0,-50.0,0.0
25.51,3.957686489737329,1.7144790753249992e-17,-50.0,-50.0,0.0
25.52,3.9539120895558977,1.7166071132560775e-17,-50.0,-50.0,0.0
25.529999999999998,3.9501332902470305,1.7183796567531494e-17,-50.0,-50.0,0.0
25.540000000000003,3.9463450025179045,1.7206320602967084e-17,-50.0,-50.0,0.0
25.55,3.942553894754454,1.7225504469854297e-17,-50.0,-50.0,0.0
25.56,3.938757164118847,1.7241622342170246e-17,-50.0,-50.0,0.0
25.570000000000004,3.7335971262116474,1.7214341846158904e-17,-50.0,-50.0,0.0
25.580000000000002,3.4780971356495893,1.7190899256431574e-17,-50.0,-50.0,0.0
25.59,3.2225971339271937,1.7200659087687194e-17,-50.0,-50.0,0.0
25.599999999999998,2.967097115309943,1.7209489300283205e-17,-50.0,-50.0,0.0
25.610000000000003,2.711597142280264,1.72002613527789e-17,-50.0,-50.0,0.0
25.62,2.456097140527011,1.7206083698439647e-17,-50.0,-50.0,0.0
25.63,2.200597138447643,1.720702456675559e-17,-50.0,-50.0,0.0
25.639999999999997,3.8502730529285185,1.717449013713067e-17,-50.0,-50.0,0.0
25.650000000000002,3.8436250653035002,1.71855797836437e-17,-50.0,-50.0,0.0
25.66,3.8369772071305963,1.7196225717241268e-17,-50.0,-50.0,0.0
25.669999999999998,3.8303319172314776,1.7207458591731723e-17,-50.0,-50.0,0.0
25.680000000000003,3.8236909540341584,1.721516133068304e-17,-50.0,-50.0,0.0
25.69,3.8170543283996428,1.72208321782146e-17,-50.0,-50.0,0.0
25.7,3.8104220240652884,1.7224601024223242e-17,-50.0,-50.0,0.0
25.709999999999997,3.803794037058463,1.7225779379401773e-17,-50.0,-50.0,0.0
25.720000000000002,3.7971422948343863,1.722488730812452e-17,-50.0,-50.0,0.0
25.73,3.7904669035208176,1.722360310029736e-17,-50.0,-50.0,0.0
25.74,3.783786765614518,1.721824316845137e-17,-50.0,-50.0,0.0
25.750000000000004,3.7771012891294817,1.721573863761013e-17,-50.0,-50.0,0.0
25.76,3.7704094019549217,1.721162731173773e-17,-50.0,-50.0,0.0
25.77,3.7637097584427956,1.7209920619758354e-17,-50.0,-50.0,0.0
25.779999999999998,3.5330892296576324,1.7152722774466207e-17,-50.0,-50.0,0.0
25.790000000000003,3.2775892147080743,1.7155740752857276e-17,-50.0,-50.0,0.0
25.8,3.022089201242106,1.715775277374436e-17,-50.0,-50.0,0.0
25.81,2.766589188522478,1.7165160288626332e-17,-50.0,-50.0,0.0
25.820000000000004,2.5110891739454395,1.7173473122910243e-17,-50.0,-50.0,0.0
25.830000000000002,2.255589124477392,1.7182816531593164e-17,-50.0,-50.0,0.0
25.84,2.5057835105634374,1.721725583243734e-17,-50.0,-50.0,0.0
25.849999999999998,2.969597136854849,1.7234978091034505e-17,-50.0,-50.0,0.0
25.860000000000003,3.4331984776672937,1.7251010465962338e-17,-50.0,-50.0,0.0
25.87,3.692694920998569,1.7254172492893997e-17,-50.0,-50.0,0.0
25.88,3.6860182899477403,1.727463686183922e-17,-50.0,-50.0,0.0
25.889999999999997,3.679335207601491,1.7297127810050308e-17,-50.0,-50.0,0.0
25.900000000000002,3.6739461515159717,1.7290986185908004e-17,-50.0,-50.0,0.0
25.91,3.670180217722588,1.729827278683676e-17,-50.0,-50.0,0.0
25.919999999999998,3.6664064936791685,1.7310145541779303e-17,-50.0,-50.0,0.0
25.930000000000003,3.6626156099296536,1.7322501952534735e-17,-50.0,-50.0,0.0
25.94,3.658839870651948,1.7333546415133984e-17,-50.0,-50.0,0.0
25.95,3.6550690129720342,1.734923134773476e-17,-50.0,-50.0,0.0
25.959999999999997,3.651300803339339,1.7366718554689067e-17,-50.0,-50.0,0.0
25.970000000000002,3.647530933708334,1.7389336663721362e-17,-50.0,-50.0,0.0
25.98,3.643758491176778,1.741294643657666e-17,-50.0,-50.0,0.0
25.99,3.6399807445587467,1.7440624402798495e-17,-50.0,-50.0,0.0
26.000000000000004,3.633950697297279,1.7450653272893986e-17,-50.0,-50.0,0.0
26.01,3.5798291754401905,1.7698452549854996e-17,-50.0,-50.0,0.0
26.02,3.324329155780111,1.7346770187627405e-17,-50.0,-50.0,0.0
26.029999999999998,3.068829183149255,1.737013294449945e-17,-50.0,-50.0,0.0
26.040000000000003,2.813329217568911,1.7397422016719384e-17,-50.0,-50.0,0.0
26.05,2.5578292584844053,1.7423065727439272e-17,-50.0,-50.0,0.0
26.06,2.302329305124339,1.745034812927474e-17,-50.0,-50.0,0.0
26.070000000000004,2.0468293569996554,1.7477376844742507e-17,-50.0,-50.0,0.0
26.080000000000002,1.7913294130674597,1.7504081675987064e-17,-50.0,-50.0,0.0
26.09,1.5358294727338764,1.7531824969624957e-17,-50.0,-50.0,0.0
26.099999999999998,1.2803295374651966,1.7560705087357185e-17,-50.0,-50.0,0.0
26.110000000000003,1.0248314384346149,1.757949090169874e-17,-50.0,-50.0,0.0
26.12,0.7693314603894994,1.7599515289967424e-17,-50.0,-50.0,0.0
26.13,0.5138314493844304,1.7615517383467384e-17,-50.0,-50.0,0.0
26.139999999999997,0.2583314036468424,1.762636596969758e-17,-50.0,-50.0,0.0
26.150000000000002,1.9317625815341337,1.7728855209309897e-17,-50.0,-50.0,0.0
26.16,3.489107260317907,1.7604050251427455e-17,-50.0,-50.0,0.0
26.169999999999998,3.482039980537517,1.7611274383676348e-17,-50.0,-50.0,0.0
26.180000000000003,3.4754053887003598,1.7623001607770643e-17,-50.0,-50.0,0.0
26.19,3.4687728515740255,1.7631988309703657e-17,-50.0,-50.0,0.0
26.2,3.462142878461355,1.7640625954653062e-17,-50.0,-50.0,0.0
26.209999999999997,3.455515872681577,1.7646474081879136e-17,-50.0,-50.0,0.0
26.220000000000002,3.448892184384697,1.764972569577986e-17,-50.0,-50.0,0.0
26.23,3.4422233449244963,1.7650802261420927e-17,-50.0,-50.0,0.0
26.24,3.4355433220081615,1.7651150411814584e-17,-50.0,-50.0,0.0
26.250000000000004,3.428858779342334,1.7651199863980323e-17,-50.0,-50.0,0.0
26.26,3.4221690782689067,1.7651520307132185e-17,-50.0,-50.0,0.0
26.27,3.4154731684013084,1.7653763204054396e-17,-50.0,-50.0,0.0
26.279999999999998,3.408769541388011,1.7655578772854722e-17,-50.0,-50.0,0.0
26.290000000000003,3.402059248271335,1.765785924362908e-17,-50.0,-50.0,0.0
26.3,3.3953667476845104,1.765685492725143e-17,-50.0,-50.0,0.0
26.31,3.314032243273419,1.7566373531101854e-17,-50.0,-50.0,0.0
26.320000000000004,3.0585322831206634,1.7571346990930782e-17,-50.0,-50.0,0.0
26.330000000000002,2.8030323269962363,1.7581386184240318e-17,-50.0,-50.0,0.0
26.34,2.547532366166396,1.7593772029390666e-17,-50.0,-50.0,0.0
26.349999999999998,2.292032410668593,1.7604546394358862e-17,-50.0,-50.0,0.0
26.360000000000003,2.0365340041116484,1.7623612470726848e-17,-50.0,-50.0,0.0
26.37,1.7810340197862464,1.7644873580038084e-17,-50.0,-50.0,0.0
26.38,1.5255340167060119,1.7668444865833836e-17,-50.0,-50.0,0.0
26.389999999999997,1.2700339939644436,1.769600604738807e-17,-50.0,-50.0,0.0
26.400000000000002,1.014533948349203,1.7725125451927895e-17,-50.0,-50.0,0.0
26.41,0.7590385756621141,1.775797169555652e-17,-50.0,-50.0,0.0
26.419999999999998,0.9383357056938917,1.7810262851038788e-17,-50.0,-50.0,0.0
26.430000000000003,1.4044122032974868,1.7838379474448184e-17,-50.0,-50.0,0.0
26.44,1.8703161065668201,1.786351824765239e-17,-50.0,-50.0,0.0
26.45,2.335996192582646,1.7882492315066477e-17,-50.0,-50.0,0.0
26.459999999999997,2.8013798317518654,1.790490057168609e-17,-50.0,-50.0,0.0
26.470000000000002,3.2663622555815754,1.7904725447624245e-17,-50.0,-50.0,0.0
26.48,3.270562370745146,1.7815446375038628e-17,-50.0,-50.0,0.0
26.49,3.266779193114942,1.7834313716301364e-17,-50.0,-50.0,0.0
26.500000000000004,3.2629983535130513,1.7853441837832732e-17,-50.0,-50.0,0.0
26.51,3.2592175229938767,1.7874578380361162e-17,-50.0,-50.0,0.0
26.52,3.2554330633415773,1.7898247657281e-17,-50.0,-50.0,0.0
26.529999999999998,3.251642764364468,1.7922565867317554e-17,-50.0,-50.0,0.0
26.540000000000003,3.247834734018375,1.7947618878435856e-17,-50.0,-50.0,0.0
26.55,3.241848146741345,1.79536583292289e-17,-50.0,-50.0,0.0
26.56,3.2380527746718495,1.7976425939576388e-17,-50.0,-50.0,0.0
26.570000000000004,3.2342506230130152,1.7997469943755326e-17,-50.0,-50.0,0.0
26.580000000000002,3.2304315860911754,1.8019045884625144e-17,-50.0,-50.0,0.0
26.59,3.226617075612937,1.803849810213796e-17,-50.0,-50.0,0.0
26.599999999999998,3.0717899215768387,1.8089781394292118e-17,-50.0,-50.0,0.0
26.610000000000003,2.8162899402177994,1.7942515293170414e-17,-50.0,-50.0,0.0
26.62,2.5607900009882245,1.7967762804229217e-17,-50.0,-50.0,0.0
26.63,2.305290069825444,1.7992335335908186e-17,-50.0,-50.0,0.0
26.639999999999997,2.049790146308986,1.8016168407824197e-17,-50.0,-50.0,0.0
26.650000000000002,1.7942902323360856,1.8037906343745177e-17,-50.0,-50.0,0.0
26.66,1.5387919321998076,1.8052779448205575e-17,-50.0,-50.0,0.0
26.669999999999998,1.2832919950885648,1.8065112936131867e-17,-50.0,-50.0,0.0
26.680000000000003,1.0277920422989493,1.8075464261082466e-17,-50.0,-50.0,0.0
26.69,0.7722920733553855,1.8080792230669595e-17,-50.0,-50.0,0.0
26.7,0.5167920880665375,1.8084274091948187e-17,-50.0,-50.0,0.0
26.709999999999997,0.26129208637594376,1.8087007970194787e-17,-50.0,-50.0,0.0
26.720000000000002,0.005792068285859662,1.8087468597299416e-17,-50.0,-50.0,0.0
26.73,3.095777095230859,1.8070200163073522e-17,0.0,0.0,0.0
26.74,3.0948872036497965,1.808801063221121e-17,-50.0,-50.0,0.0
26.750000000000004,3.091149277177305,1.8089452569319107e-17,-50.0,-50.0,0.0
26.76,3.0874076135070117,1.808920786282414e-17,-50.0,-50.0,0.0
26.77,3.083633834463824,1.8086492592832595e-17,-50.0,-50.0,0.0
26.779999999999998,3.079855204324276,1.8084527105818055e-17,-50.0,-50.0,0.0
26.790000000000003,3.07350565503594,1.810973065057294e-17,-50.0,-50.0,0.0
26.8,3.0609187128618087,1.8105241402422277e-17,-50.0,-50.0,0.0
26.81,3.048331050156282,1.8098160259922793e-17,-50.0,-50.0,0.0
26.820000000000004,3.0375479183477574,1.8067939050807043e-17,-50.0,-50.0,0.0
26.830000000000002,3.0308646572846114,1.806244127758377e-17,-50.0,-50.0,0.0
26.84,3.0241771242568767,1.805724086586454e-17,-50.0,-50.0,0.0
26.849999999999998,3.017484152078899,1.805350306828699e-17,-50.0,-50.0,0.0
26.860000000000003,3.0107841072129444,1.8047825035864623e-17,-50.0,-50.0,0.0
26.87,3.0040744885519985,1.8046176365642137e-17,-50.0,-50.0,0.0
26.88,2.99736324571948,1.804621162338857e-17,-50.0,-50.0,0.0
26.889999999999997,2.9906518087889316,1.8044939671069365e-17,-50.0,-50.0,0.0
26.900000000000002,2.809788713568953,1.8017278963143833e-17,-50.0,-50.0,0.0
26.91,2.5542887577561526,1.801325044797692e-17,-50.0,-50.0,0.0
26.919999999999998,2.298788810935096,1.801125058995356e-17,-50.0,-50.0,0.0
26.930000000000003,2.0432888736415076,1.801096603982284e-17,-50.0,-50.0,0.0
26.94,1.7877902961838084,1.8011496044219803e-17,-50.0,-50.0,0.0
26.95,1.532290350189928,1.8018287845558462e-17,-50.0,-50.0,0.0
26.959999999999997,1.2767903965618275,1.802819079891239e-17,-50.0,-50.0,0.0
26.970000000000002,1.0212904348735077,1.8039430555545537e-17,-50.0,-50.0,0.0
26.98,0.7657904647832495,1.805468593656294e-17,-50.0,-50.0,0.0
26.99,0.510290486032855,1.807059745047711e-17,-50.0,-50.0,0.0
27.000000000000004,0.2547904984481873,1.8088560213491737e-17,-50.0,-50.0,0.0
27.01,2.0306989041707355e-12,1.8108599213078764e-17,-50.0,-50.0,0.0
27.02,1.5591643508581263,1.8229397440422898e-17,0.0,0.0,0.0
27.029999999999998,2.898857680969715,1.8097213978536927e-17,-50.0,-50.0,0.0
27.040000000000003,2.8950772042367086,1.810558441106125e-17,-50.0,-50.0,0.0
27.05,2.891296168505803,1.811530056718052e-17,-50.0,-50.0,0.0
27.06,2.8875140848610505,1.8127873659551765e-17,-50.0,-50.0,0.0
27.070000000000004,2.8837301275059,1.8140499215026182e-17,-50.0,-50.0,0.0
27.080000000000002,2.879931094129221,1.815408456470896e-17,-50.0,-50.0,0.0
27.09,2.8761418639645204,1.817090049805256e-17,-50.0,-50.0,0.0
27.099999999999998,2.8723502191943937,1.8189688535855603e-17,-50.0,-50.0,0.0
27.110000000000003,2.868555057415109,1.8207271457532947e-17,-50.0,-50.0,0.0
27.12,2.8647556217218257,1.822460185751289e-17,-50.0,-50.0,0.0
27.13,2.8609509349104636,1.824403236980643e-17,-50.0,-50.0,0.0
27.139999999999997,2.8571396098147246,1.82623655509168e-17,-50.0,-50.0,0.0
27.150000000000002,2.8533189075302423,1.8281747358815873e-17,-50.0,-50.0,0.0
27.16,2.8484412108874504,1.8291372088316407e-17,-50.0,-50.0,0.0
27.169999999999998,2.843394665260007,1.8306499567358777e-17,-50.0,-50.0,0.0
27.180000000000003,2.83956422315166,1.831472139854042e-17,-50.0,-50.0,0.0
27.19,2.83573452782191,1.832160539412143e-17,-50.0,-50.0,0.0
27.2,2.83188770383256,1.832827540800414e-17,-50.0,-50.0,0.0
27.209999999999997,2.8280487892667248,1.833656796643688e-17,-50.0,-50.0,0.0
27.220000000000002,2.82421597535892,1.83406003726614e-17,-50.0,-50.0,0.0
27.23,2.8203937497571547,1.8345825877731693e-17,-50.0,-50.0,0.0
27.24,2.6404002849090844,1.862323890883637e-17,-50.0,-50.0,0.0
27.250000000000004,2.7504924886418847,1.834545593609198e-17,-50.0,-50.0,0.0
27.26,2.7467295289988107,1.835682936511212e-17,-50.0,-50.0,0.0
27.27,2.742959589102836,1.8368718160741106e-17,0.0,0.0,0.0
27.279999999999998,2.741599001870083,1.8333779745732758e-17,-50.0,-50.0,0.0
27.290000000000003,2.737843299940334,1.8344284145418798e-17,-50.0,-50.0,0.0
27.3,2.7340877584608383,1.8354874651297878e-17,-50.0,-50.0,0.0
27.31,2.7303322614191696,1.8364593626448682e-17,-50.0,-50.0,0.0
27.320000000000004,2.7265768098726664,1.837228963545854e-17,-50.0,-50.0,0.0
27.330000000000002,2.7228214049382427,1.8378579305078157e-17,-50.0,-50.0,0.0
27.34,2.719066047142025,1.8383717683007735e-17,-50.0,-50.0,0.0
27.349999999999998,2.71531073610165,1.8387842945219104e-17,-50.0,-50.0,0.0
27.360000000000003,2.711555471255973,1.8389070573892364e-17,-50.0,-50.0,0.0
27.37,2.7078002522058235,1.8387402236623624e-17,-50.0,-50.0,0.0
27.38,2.704045067145732,1.838482770645023e-17,-50.0,-50.0,0.0
27.389999999999997,2.700289856644293,1.8380794109085627e-17,-50.0,-50.0,0.0
27.400000000000002,2.696534648596597,1.837385105942632e-17,-50.0,-50.0,0.0
27.41,2.6927794469178266,1.8365166960013714e-17,-50.0,-50.0,0.0
27.419999999999998,2.6890212874055175,1.8353526715615192e-17,-50.0,-50.0,0.0
27.430000000000003,2.685258169599624,1.8339796417419317e-17,-50.0,-50.0,0.0
27.44,2.6814900448902623,1.8323823758314267e-17,-50.0,-50.0,0.0
27.45,2.677385186449011,1.8310666266148977e-17,-50.0,-50.0,0.0
27.459999999999997,2.673558267988377,1.8294658931632647e-17,-50.0,-50.0,0.0
27.470000000000002,2.6697256034135095,1.8277314290911284e-17,-50.0,-50.0,0.0
27.48,2.6658864779357834,1.8255527121200245e-17,-50.0,-50.0,0.0
27.49,2.662040230147066,1.823710627217983e-17,-50.0,-50.0,0.0
27.500000000000004,2.6574744483220174,1.8241056304450233e-17,-50.0,-50.0,0.0
27.51,2.6447363553720735,1.823322230847932e-17,-50.0,-50.0,0.0
27.52,2.631996997745465,1.8226035975075692e-17,-50.0,-50.0,0.0
27.529999999999998,2.619245593029624,1.822445001176108e-17,-50.0,-50.0,0.0
27.540000000000003,2.6065220907799387,1.8218171909435152e-17,-50.0,-50.0,0.0
27.55,2.4238613073215722,1.8377296948274444e-17,-50.0,-50.0,0.0
27.56,2.1683614376866087,1.82624647974943e-17,-50.0,-50.0,0.0
27.570000000000004,1.9128614380127629,1.8247621286247494e-17,-50.0,-50.0,0.0
27.580000000000002,1.6573614371737473,1.8233501935231037e-17,-50.0,-50.0,0.0
27.59,1.401861433959911,1.821962904433245e-17,-50.0,-50.0,0.0
27.599999999999998,1.1463614251453287,1.8210886420237137e-17,-50.0,-50.0,0.0
27.610000000000003,0.8908662448082205,1.820583021587718e-17,-50.0,-50.0,0.0
27.62,1.0962554768849364,1.821246732782385e-17,-50.0,-50.0,0.0
27.63,1.4155187505422049,1.82102497161586e-17,-50.0,-50.0,0.0
27.639999999999997,1.7348137332982334,1.820927753409339e-17,-50.0,-50.0,0.0
27.650000000000002,2.0541264454186616,1.8206114289551863e-17,-50.0,-50.0,0.0
27.66,2.3734403977820007,1.819707197461191e-17,-50.0,-50.0,0.0
27.669999999999998,2.4776757674522654,1.8192164556883096e-17,-50.0,-50.0,0.0
27.680000000000003,2.4709992377878995,1.8191232741231778e-17,-50.0,-50.0,0.0
27.69,2.464320495222105,1.8190567105684138e-17,-50.0,-50.0,0.0
27.7,2.4576391239914015,1.8191104336330933e-17,-50.0,-50.0,0.0
27.709999999999997,2.4509546408916494,1.8191940397554544e-17,-50.0,-50.0,0.0
27.720000000000002,2.444885881319111,1.8182944338554438e-17,-50.0,-50.0,0.0
27.73,2.441111261351255,1.8185588854825105e-17,-50.0,-50.0,0.0
27.74,2.437334306168075,1.818668414783524e-17,-50.0,-50.0,0.0
27.750000000000004,2.4335554280005245,1.8189655115897734e-17,-50.0,-50.0,0.0
27.76,2.4297748423280163,1.8194494612172092e-17,-50.0,-50.0,0.0
27.77,2.425991664157103,1.820273513101813e-17,-50.0,-50.0,0.0
27.779999999999998,2.422199870739835,1.8208558906046978e-17,-50.0,-50.0,0.0
27.790000000000003,2.4184121465665633,1.82159580564786e-17,-50.0,-50.0,0.0
27.8,2.414623238449265,1.8224059503102617e-17,-50.0,-50.0,0.0
27.81,2.41083182027036,1.8230590180065502e-17,-50.0,-50.0,0.0
27.820000000000004,2.4070374392718237,1.824080518565116e-17,-50.0,-50.0,0.0
27.830000000000002,2.403239490683733,1.8252816748117938e-17,-50.0,-50.0,0.0
27.84,2.399437106928449,1.8264193406451187e-17,-50.0,-50.0,0.0
27.849999999999998,2.3956287857083796,1.8273863134577043e-17,-50.0,-50.0,0.0
27.860000000000003,2.391802067588149,1.828548426779469e-17,-50.0,-50.0,0.0
27.87,2.386472282946462,1.8292266195905557e-17,-50.0,-50.0,0.0
27.88,2.382656121255459,1.8302033544578587e-17,-50.0,-50.0,0.0
27.889999999999997,2.37883259757869,1.8308521552256755e-17,-50.0,-50.0,0.0
27.900000000000002,2.1233308366408905,1.8367485897995288e-17,-50.0,-50.0,0.0
27.91,1.8678307545763175,1.8244674749791567e-17,-50.0,-50.0,0.0
27.919999999999998,1.6123307665993312,1.8260424189245238e-17,-50.0,-50.0,0.0
27.930000000000003,1.3568307832204132,1.827613969444146e-17,-50.0,-50.0,0.0
27.94,1.1013308043064438,1.8290160551408022e-17,-50.0,-50.0,0.0
27.95,0.8458308300849259,1.830173025384391e-17,-50.0,-50.0,0.0
27.959999999999997,0.590330859974494,1.831378271212017e-17,-50.0,-50.0,0.0
27.970000000000002,0.3348308936114144,1.832537224042098e-17,-50.0,-50.0,0.0
27.98,0.0793309308067043,1.833593744119076e-17,-50.0,-50.0,0.0
27.99,-0.13784402848878427,1.8343905533065138e-17,-50.0,-50.0,0.0
28.000000000000004,-0.3385939843027307,1.8351024395000554e-17,50.0,50.0,0.0
28.01,-0.08309393480757005,1.8352684182530483e-17,50.0,50.0,0.0
28.02,0.13408227201667933,1.8357801479141758e-17,50.0,50.0,0.0
28.029999999999998,0.3348323254489496,1.8359535183531218e-17,-34.31372549019608,-34.31372549019608,0.0
28.040000000000003,0.15090098175421388,1.8361269536430277e-17,-50.0,-50.0,0.0
28.05,-0.080299990323937,1.8359460155974915e-17,-50.0,-50.0,0.0
28.06,-0.28104997019853617,1.8354977815402742e-17,0.0,0.0,0.0
28.070000000000004,-0.25367495327931516,1.834679846821736e-17,50.0,50.0,0.0
28.080000000000002,-9.13652832210121e-13,1.833691006000733e-17,50.0,50.0,0.0
28.09,0.2007500049555489,1.8327059503582127e-17,0.0,0.0,0.0
28.099999999999998,0.17337500179003998,1.8319899110562513e-17,-34.31372549019608,-34.31372549019608,0.0
28.110000000000003,-0.005081379702584084,1.8310041420531714e-17,-50.0,-50.0,0.0
28.12,-0.20583139413477514,1.8297950898712386e-17,0.0,0.0,0.0
28.13,-0.17845641126890815,1.8283238068767475e-17,50.0,50.0,0.0
28.139999999999997,0.06022499221986266,1.8264903537698343e-17,50.0,50.0,0.0
28.150000000000002,1.0019769176519648,1.8457165617164963e-17,-50.0,-50.0,0.0
28.16,2.2498956072530243,1.8308422819978844e-17,-50.0,-50.0,0.0
28.169999999999998,2.2461269831957,1.8300061281300467e-17,-50.0,-50.0,0.0
28.180000000000003,2.2423564946227876,1.8292926828664862e-17,-50.0,-50.0,0.0
28.19,2.238584365454988,1.8283105587520565e-17,-50.0,-50.0,0.0
28.2,2.2348107178728682,1.8272797778887633e-17,-50.0,-50.0,0.0
28.209999999999997,2.2310169394522217,1.826050632497135e-17,-50.0,-50.0,0.0
28.220000000000002,2.22723793059951,1.824682589584025e-17,-50.0,-50.0,0.0
28.23,2.2234574940340934,1.8231444677490617e-17,-50.0,-50.0,0.0
28.24,2.2196750843622692,1.8217003401014647e-17,-50.0,-50.0,0.0
28.250000000000004,2.215890389578423,1.8202608023136503e-17,-50.0,-50.0,0.0
28.26,2.2121028878464344,1.8187982834631852e-17,-50.0,-50.0,0.0
28.27,2.2083117870331677,1.8170579483939326e-17,-50.0,-50.0,0.0
28.279999999999998,2.204515577122851,1.8156126666639445e-17,-50.0,-50.0,0.0
28.290000000000003,2.200708789529601,1.8142358357840063e-17,-50.0,-50.0,0.0
28.3,2.1956009830440233,1.812766625373258e-17,-50.0,-50.0,0.0
28.31,2.1910340396801997,1.811212748725476e-17,-50.0,-50.0,0.0
28.320000000000004,2.1872038479722953,1.8100236626982962e-17,-50.0,-50.0,0.0
28.330000000000002,2.1833781796656284,1.809086526621278e-17,-50.0,-50.0,0.0
28.34,2.17955220436336,1.8080120494458187e-17,-50.0,-50.0,0.0
28.349999999999998,2.1757286152385786,1.8070813931708466e-17,-50.0,-50.0,0.0
28.360000000000003,2.1719126341795256,1.8061365226242286e-17,-50.0,-50.0,0.0
28.37,2.168115897969558,1.8050942274068084e-17,-50.0,-50.0,0.0
28.38,2.00971569836702,1.8582868324092382e-17,-50.0,-50.0,0.0
28.389999999999997,1.7542981478422328,1.8163259954604744e-17,-50.0,-50.0,0.0
28.400000000000002,2.0895811524013372,1.8133168526818386e-17,-50.0,-50.0,0.0
28.41,2.0829516985583076,1.8119955606934605e-17,-50.0,-50.0,0.0
28.419999999999998,2.076323955129788,1.8107037083939558e-17,-50.0,-50.0,0.0
28.430000000000003,2.0696973627936712,1.8097619930450662e-17,-50.0,-50.0,0.0
28.44,2.0630716183455338,1.8087616286055134e-17,-50.0,-50.0,0.0
28.45,2.0564465934439666,1.8079742347186795e-17,-50.0,-50.0,0.0
28.459999999999997,2.049822291528331,1.807332173156749e-17,-50.0,-50.0,0.0
28.470000000000002,1.918756821218271,1.8069991595065576e-17,-50.0,-50.0,0.0
28.48,1.6632601538983784,1.8072188222813043e-17,-50.0,-50.0,0.0
28.49,1.407760153265566,1.8068465171797853e-17,-50.0,-50.0,0.0
28.500000000000004,1.152260139227493,1.8070298978276324e-17,-50.0,-50.0,0.0
28.51,0.8967601262348927,1.8074066468329155e-17,-50.0,-50.0,0.0
28.52,0.6412601143709574,1.8077667575964843e-17,-50.0,-50.0,0.0
28.529999999999998,0.38576010368962915,1.8082079572063738e-17,-50.0,-50.0,0.0
28.540000000000003,0.1302600941883454,1.8087633064173074e-17,-50.0,-50.0,0.0
28.55,-0.09786491404663969,1.8095830701976156e-17,-50.0,-50.0,0.0
28.56,-0.29861492110167165,1.8102461143538366e-17,0.0,0.0,0.0
28.570000000000004,-0.2712399263099107,1.8106803960868278e-17,50.0,50.0,0.0
28.580000000000002,-0.015739930624528435,1.8110845552106324e-17,50.0,50.0,0.0
28.59,0.18501007178256293,1.8118063119849878e-17,50.0,50.0,0.0
28.599999999999998,0.38576006834063786,1.8124466980098696e-17,-34.31372549019608,-34.31372549019608,0.0
28.610000000000003,0.2018286923608186,1.813309972813888e-17,-50.0,-50.0,0.0
28.62,-0.04014999982694323,1.8136883212556027e-17,-50.0,-50.0,0.0
28.63,-0.2408999983753503,1.81387300620184e-17,34.31372549019608,34.31372549019608,0.0
28.639999999999997,-0.05696862163299758,1.8134114950065727e-17,50.0,50.0,0.0
28.650000000000002,0.15473138197604416,1.813413654940588e-17,50.0,50.0,0.0
28.66,0.35548138642451227,1.8138377749251903e-17,-34.31372549019608,-34.31372549019608,0.0
28.669999999999998,0.17155001881682055,1.8144103850794023e-17,-50.0,-50.0,0.0
28.680000000000003,-0.062049973366206254,1.815581503420188e-17,-50.0,-50.0,0.0
28.69,-0.2627999627258199,1.8169351361852835e-17,0.0,0.0,0.0
28.7,0.12377050082799623,1.8433003495696417e-17,50.0,50.0,0.0
28.709999999999997,1.435638837204985,1.817301795572326e-17,-50.0,-50.0,0.0
28.720000000000002,1.1801388466557439,1.8193982815261192e-17,-50.0,-50.0,0.0
28.73,0.9246388573052179,1.820822546251103e-17,-50.0,-50.0,0.0
28.74,0.6691388677188901,1.822273545453485e-17,-50.0,-50.0,0.0
28.750000000000004,0.41363887783867465,1.8237900944180728e-17,-50.0,-50.0,0.0
28.76,0.15813888760635483,1.8254151853608957e-17,-50.0,-50.0,0.0
28.77,-0.07546110299901007,1.8267974848973e-17,-50.0,-50.0,0.0
28.779999999999998,-0.27621109410990935,1.8281728334695805e-17,0.0,0.0,0.0
28.790000000000003,-0.2488360849283853,1.8293973678256025e-17,50.0,50.0,0.0
28.8,0.0011889238160181527,1.8304272540103455e-17,50.0,50.0,0.0
28.81,0.201938931350286,1.8316614763057015e-17,0.0,0.0,0.0
28.820000000000004,0.17456393740650036,1.8331078485906092e-17,-34.31372549019608,-34.31372549019608,0.0
28.830000000000002,-0.0038924296833620204,1.834155797752952e-17,-50.0,-50.0,0.0
28.84,-0.2046424251262771,1.8349268624327495e-17,0.0,0.0,0.0
28.849999999999998,-0.17726742018760971,1.835408813591825e-17,50.0,50.0,0.0
28.860000000000003,0.060225000889442735,1.835979205578506e-17,50.0,50.0,0.0
28.87,0.2609750031602547,1.8365498093234236e-17,-50.0,-50.0,0.0
28.88,0.0054750014611674065,1.8373878531335246e-17,-50.0,-50.0,0.0
28.889999999999997,-0.19527500430057806,1.8376133862436424e-17,0.0,0.0,0.0
28.900000000000002,-0.16790001487532735,1.8373321501293302e-17,50.0,50.0,0.0
28.91,0.0656989988965536,1.8356189730539493e-17,50.0,50.0,0.0
28.919999999999998,0.26644992105282345,1.835727790317892e-17,0.0,0.0,0.0
28.930000000000003,0.23907496282797008,1.8358256358581897e-17,-50.0,-50.0,0.0
28.94,-0.010950005169197455,1.835272455845695e-17,-50.0,-50.0,0.0
28.95,-0.21170000916609202,1.8343947616292387e-17,0.0,0.0,0.0
28.959999999999997,-0.18432501190666242,1.8330968159864692e-17,50.0,50.0,0.0
28.970000000000002,0.054749984529414576,1.8318042549586153e-17,50.0,50.0,0.0
28.98,0.2554999786075708,1.8305468197935822e-17,-50.0,-50.0,0.0
28.99,2.7411093186935353e-12,1.8298356614362615e-17,-50.0,-50.0,0.0
29.000000000000004,-0.2007500061856369,1.8285335345609323e-17,0.0,0.0,0.0
29.01,-0.17337501097945365,1.8268426304815974e-17,50.0,50.0,0.0
29.02,0.06022499780194354,1.825080576958182e-17,50.0,50.0,0.0
29.029999999999998,0.26097499036689986,1.8235941281034684e-17,-50.0,-50.0,0.0
29.040000000000003,0.005474979153455881,1.8230445890091576e-17,-50.0,-50.0,0.0
29.05,-0.195275027974502,1.8216614503807402e-17,0.0,0.0,0.0
29.06,-0.16790003340794826,1.8197766803121133e-17,50.0,50.0,0.0
29.070000000000004,0.06569996090110455,1.8179367871078232e-17,50.0,50.0,0.0
29.080000000000002,0.2664499534203662,1.8166093091319518e-17,0.0,0.0,0.0
29.09,0.23907494440264793,1.8156667679259385e-17,-50.0,-50.0,0.0
29.099999999999998,-0.010950063701200169,1.8149858222577728e-17,-50.0,-50.0,0.0
29.110000000000003,-0.21170007015935982,1.814073909233737e-17,0.0,0.0,0.0
29.12,-0.1843250756232317,1.8131280381294503e-17,50.0,50.0,0.0
29.13,0.0547499191384642,1.8126071234548005e-17,50.0,50.0,0.0
29.139999999999997,0.25549991320085724,1.8127602696586423e-17,-50.0,-50.0,0.0
29.150000000000002,2.741045494747407e-12,1.8141518733225762e-17,-50.0,-50.0,0.0
29.16,-0.20074948349985947,1.816180324001859e-17,0.0,0.0,0.0
29.169999999999998,-0.17337453685340667,1.816468990183305e-17,50.0,50.0,0.0
29.180000000000003,0.06022541464265107,1.8166259030367843e-17,50.0,50.0,0.0
29.19,0.2609753691368492,1.8167253605866598e-17,-50.0,-50.0,0.0
29.2,0.005475324167156874,1.8173396738786343e-17,-50.0,-50.0,0.0
29.209999999999997,-0.19527471549147757,1.816390758749693e-17,0.0,0.0,0.0
29.220000000000002,-0.167899752656778,1.8152521082405667e-17,50.0,50.0,0.0
29.23,1.8852065229684714,1.8216482287258295e-17,50.0,50.0,0.0
29.24,1.8901373887688495,1.8301259962064404e-17,-50.0,-50.0,0.0
29.250000000000004,1.883487232193538,1.8290888837718662e-17,-50.0,-50.0,0.0
29.26,1.8768388939426117,1.8279823834570446e-17,-50.0,-50.0,0.0
29.27,1.8701905600597455,1.8268786280583674e-17,-50.0,-50.0,0.0
29.279999999999998,1.8635422317410582,1.825914355163301e-17,-50.0,-50.0,0.0
29.290000000000003,1.856893910117634,1.825056432548718e-17,-50.0,-50.0,0.0
29.3,1.8502455962639788,1.8241247836570108e-17,-50.0,-50.0,0.0
29.31,1.8435972911823653,1.823175598536317e-17,0.0,0.0,0.0
29.320000000000004,1.842633087049316,1.8221280384797343e-17,-50.0,-50.0,0.0
29.330000000000002,1.8359845701370523,1.8214228160532068e-17,-50.0,-50.0,0.0
29.34,1.8293362956543386,1.8208286032501183e-17,-50.0,-50.0,0.0
29.349999999999998,1.82268803323186,1.820469405693945e-17,-50.0,-50.0,0.0
29.360000000000003,1.816039783446863,1.819993522070098e-17,-50.0,-50.0,0.0
29.37,1.8093915467457269,1.8195352071007173e-17,-50.0,-50.0,0.0
29.38,1.8027433233906263,1.8192899984243947e-17,-50.0,-50.0,0.0
29.389999999999997,1.796095113326951,1.8190284139862767e-17,-50.0,-50.0,0.0
29.400000000000002,1.789446925320202,1.818994259946939e-17,-50.0,-50.0,0.0
29.41,1.7827987499074656,1.8190675795820743e-17,-50.0,-50.0,0.0
29.419999999999998,1.7761505598002016,1.8192493250592866e-17,-50.0,-50.0,0.0
29.430000000000003,1.5704207569042972,1.8198211080328857e-17,-50.0,-50.0,0.0
29.44,1.3149207732078405,1.8202850240076298e-17,-50.0,-50.0,0.0
29.45,1.0594207896246333,1.8210944301631807e-17,-50.0,-50.0,0.0
29.459999999999997,0.8039207886073243,1.8219004455399638e-17,-50.0,-50.0,0.0
29.470000000000002,0.5484207825684692,1.8231005218196338e-17,-50.0,-50.0,0.0
29.48,0.2929207773379401,1.824371330644355e-17,-50.0,-50.0,0.0
29.49,0.037420772903645615,1.825653457946834e-17,-50.0,-50.0,0.0
29.500000000000004,-0.1688042306827324,1.8270613590540688e-17,-50.0,-50.0,0.0
29.51,-0.36955423357105666,1.8285921646419502e-17,50.0,50.0,0.0
29.52,-0.11405423387350015,1.8298437564066815e-17,50.0,50.0,0.0
29.529999999999998,1.7192376646935006,1.8132951519551882e-17,50.0,50.0,0.0
29.540000000000003,1.7211544462622712,1.8160106284110113e-17,-50.0,-50.0,0.0
29.55,1.7173764175213806,1.817096069369182e-17,-50.0,-50.0,0.0
29.56,1.7135998289239371,1.818703653199776e-17,-50.0,-50.0,0.0
29.570000000000004,1.7098242346649657,1.8202030391592695e-17,-50.0,-50.0,0.0
29.580000000000002,1.70604943139686,1.8217858472761565e-17,-50.0,-50.0,0.0
29.59,1.702275218500298,1.8234284665070313e-17,-50.0,-50.0,0.0
29.599999999999998,1.6985013981022634,1.8251687698125484e-17,-50.0,-50.0,0.0
29.610000000000003,1.6947277728532522,1.8270850548007693e-17,-50.0,-50.0,0.0
29.62,1.6909541433528203,1.8290861913144814e-17,-50.0,-50.0,0.0
29.63,1.6871794214387872,1.8310920923885215e-17,-50.0,-50.0,0.0
29.639999999999997,1.6834014367566459,1.8332606343763467e-17,-50.0,-50.0,0.0
29.650000000000002,1.6796037835387354,1.8355864068550058e-17,-50.0,-50.0,0.0
29.66,1.6758251932906028,1.837900490278993e-17,-50.0,-50.0,0.0
29.669999999999998,1.6720451920583992,1.840318292887371e-17,-50.0,-50.0,0.0
29.680000000000003,1.6682632678518057,1.8429454079249278e-17,-50.0,-50.0,0.0
29.69,1.6644788922446911,1.845564116160483e-17,-50.0,-50.0,0.0
29.7,1.660691323695317,1.848167482511781e-17,-50.0,-50.0,0.0
29.709999999999997,1.6568993104396474,1.8509360944031764e-17,-50.0,-50.0,0.0
29.720000000000002,1.6530999623091631,1.8537962070286987e-17,-50.0,-50.0,0.0
29.73,1.6492761356524803,1.856715146092408e-17,-50.0,-50.0,0.0
29.74,1.6435370518472519,1.8593820716784854e-17,-50.0,-50.0,0.0
29.750000000000004,1.6389542497870642,1.8627727445663442e-17,-50.0,-50.0,0.0
29.76,1.6351716251698705,1.8660893655987896e-17,-50.0,-50.0,0.0
29.77,1.6313855958336498,1.869350357742424e-17,-50.0,-50.0,0.0
29.779999999999998,1.627595510269582,1.8724880430647616e-17,-50.0,-50.0,0.0
29.790000000000003,1.623800722088802,1.8754778258465974e-17,-50.0,-50.0,0.0
29.8,1.6200005925687693,1.8784277239645287e-17,-50.0,-50.0,0.0
29.81,1.6161944938573114,1.8812830190901643e-17,-50.0,-50.0,0.0
29.820000000000004,1.6123818115412916,1.883943210764311e-17,-50.0,-50.0,0.0
29.830000000000002,1.6085619531854207,1.8865980343671548e-17,-50.0,-50.0,0.0
29.84,1.4033957920283733,1.9077078318302737e-17,-50.0,-50.0,0.0
29.849999999999998,1.1478964281427149,1.8633161162020085e-17,-50.0,-50.0,0.0
29.860000000000003,0.8923964278579497,1.864641796879845e-17,-50.0,-50.0,0.0
29.87,0.6368964252069471,1.866776277555278e-17,-50.0,-50.0,0.0
29.88,0.38139642240111993,1.8690888998474313e-17,-50.0,-50.0,0.0
29.889999999999997,0.1258964193909191,1.8712946583453763e-17,-50.0,-50.0,0.0
29.900000000000002,-0.10037500162998436,1.873198619004214e-17,-50.0,-50.0,0.0
29.91,-0.3011250052685656,1.8750805673943355e-17,50.0,50.0,0.0
29.919999999999998,-0.045625006729731736,1.876444094563046e-17,0.0,0.0,0.0
29.930000000000003,-0.018250013029766258,1.8781400080481707e-17,50.0,50.0,0.0
29.94,0.18249998145781574,1.8788808865913106e-17,50.0,50.0,0.0
29.95,0.3832499656356563,1.8800680773822707e-17,0.0,0.0,0.0
29.959999999999997,0.35587493865444303,1.8815592788859122e-17,-34.31372549019608,-34.31372549019608,0.0
29.970000000000002,0.17194298069599187,1.8835415636225923e-17,-50.0,-50.0,0.0
29.98,-0.06165702276434563,1.8847904448818918e-17,-50.0,-50.0,0.0
29.99,-0.2624070242319845,1.8857277027198965e-17,50.0,50.0,0.0
30.000000000000004,-0.006907023949769727,1.8860110140649294e-17,0.0,0.0,0.0
30.01,7.999946125906789e-19,1.887074601573061e-17,0.0,0.0,0.0
30.02,-5.806012144772555e-19,1.8880729516623862e-17,0.0,0.0,0.0
30.029999999999998,1.006266676770391e-18,1.8889394716613835e-17,0.0,0.0,0.0
30.040000000000003,5.866475140057473e-17,1.8906958844747662e-17,0.0,0.0,0.0
30.05,-1.4787260991436908e-18,1.8880526016958285e-17,0.0,0.0,0.0
30.06,1.5371839546071523e-19,1.8885467871870368e-17,0.0,0.0,0.0
30.070000000000004,-2.9410015126616883e-19,1.8890289977499524e-17,0.0,0.0,0.0
30.080000000000002,-1.1131866937338364e-18,1.8895538352459388e-17,0.0,0.0,0.0
30.09,1.0824481650147016e-18,1.889722903022211e-17,0.0,0.0,0.0
30.099999999999998,1.9643418804338886e-18,1.8897031936243196e-17,0.0,0.0,0.0
30.110000000000003,1.9461394306770917e-19,1.8896397932082175e-17,0.0,0.0,0.0
30.12,8.582691799231315e-19,1.8895549681525056e-17,0.0,0.0,0.0
30.13,-1.0284412993871334e-20,1.8894941617748047e-17,0.0,0.0,0.0
30.139999999999997,1.4512424551112267e-18,1.8891520425204306e-17,0.0,0.0,0.0
30.150000000000002,9.583573755405523e-19,1.888788959200612e-17,0.0,0.0,0.0
30.16,1.4989079906335271e-19,1.8883451801107e-17,0.0,0.0,0.0
30.169999999999998,-1.7814602009369287e-19,1.8878851379882005e-17,0.0,0.0,0.0
30.180000000000003,1.5314755524708244e-19,1.8872277398359687e-17,0.0,0.0,0.0
30.19,4.317115429012077e-19,1.8868628592181155e-17,0.0,0.0,0.0
30.2,1.1215156662254623e-18,1.886939562021956e-17,0.0,0.0,0.0
30.209999999999997,-1.16726927722753e-19,1.8871675329987758e-17,0.0,0.0,0.0
30.220000000000002,-2.5918946251122377e-20,1.887284131054432e-17,0.0,0.0,0.0
30.23,8.075412960579833e-20,1.8871056936379248e-17,0.0,0.0,0.0
30.24,1.981305985466855e-19,1.8867967555757704e-17,0.0,0.0,0.0
30.250000000000004,-9.354447316908995e-19,1.8865626350074045e-17,0.0,0.0,0.0
30.26,7.213122478561845e-19,1.8863833902626204e-17,0.0,0.0,0.0
30.27,-1.1067088243002064e-18,1.886365446068156e-17,0.0,0.0,0.0
30.279999999999998,8.128555574958045e-20,1.886476644288774e-17,0.0,0.0,0.0
30.290000000000003,-3.4835907316467776e-19,1.886809950367991e-17,0.0,0.0,0.0
30.3,4.2410236893239803e-19,1.8873715252038784e-17,0.0,0.0,0.0
30.31,5.915160047965627e-20,1.8882427925966214e-17,0.0,0.0,0.0
30.320000000000004,-1.5539871167983512e-18,1.889112682363998e-17,0.0,0.0,0.0
30.330000000000002,-3.9520178386364397e-19,1.8902638757849837e-17,0.0,0.0,0.0
30.34,6.811538176149174e-19,1.8910362286124692e-17,0.0,0.0,0.0
30.349999999999998,1.4449609733784392,1.8988883772506302e-17,0.0,0.0,0.0
30.360000000000003,1.4440170290663885,1.8986009121354335e-17,-50.0,-50.0,0.0
30.37,1.437391712081539,1.8984611387951195e-17,-50.0,-50.0,0.0
30.38,1.4326750208016472,1.8977894701229596e-17,-50.0,-50.0,0.0
30.389999999999997,1.4289172798907304,1.897353371239599e-17,-50.0,-50.0,0.0
30.400000000000002,1.4242000572021694,1.8971840930285794e-17,-50.0,-50.0,0.0
30.41,1.4204760389368614,1.8966548046391532e-17,-50.0,-50.0,0.0
30.419999999999998,1.4166942262562776,1.8963608670010994e-17,-50.0,-50.0,0.0
30.430000000000003,1.4129012942947161,1.8959418543604714e-17,-50.0,-50.0,0.0
30.44,1.4091047907026015,1.8957662181083913e-17,-50.0,-50.0,0.0
30.45,1.4053041910841306,1.895549689355549e-17,-50.0,-50.0,0.0
30.459999999999997,1.3763293089244037,1.9210779104418004e-17,-50.0,-50.0,0.0
30.470000000000002,1.120829560380574,1.897682684414602e-17,-50.0,-50.0,0.0
30.48,0.8653295613195473,1.8964671848561032e-17,-50.0,-50.0,0.0
30.49,0.6098295624602404,1.8955972343736696e-17,-50.0,-50.0,0.0
30.500000000000004,0.3543295639965337,1.8949842336518918e-17,-50.0,-50.0,0.0
30.51,0.09882956575067246,1.894619610452645e-17,-50.0,-50.0,0.0
30.52,-0.12044999894695368,1.894354406422093e-17,-50.0,-50.0,0.0
30.529999999999998,-0.3211999970413848,1.8939479351630406e-17,0.0,0.0,0.0
30.540000000000003,-0.2938249939699358,1.893379445030024e-17,0.0,0.0,0.0
30.55,-0.03832499067533319,1.8928071042058203e-17,50.0,50.0,0.0
30.56,0.1679000114727184,1.8924577004680998e-17,50.0,50.0,0.0
30.570000000000004,0.36865001359734595,1.8919663948889124e-17,50.0,50.0,0.0
30.580000000000002,0.18471864144400738,1.8918547129330726e-17,-50.0,-50.0,0.0
30.59,-0.05435635675850947,1.891668797142084e-17,-50.0,-50.0,0.0
30.599999999999998,-0.2551063549664124,1.8913255079234516e-17,-50.0,-50.0,0.0
30.610000000000003,-0.0711749813552176,1.8909811440317672e-17,34.31372549019608,34.31372549019608,0.0
30.62,0.07750881873858259,1.8908264526545418e-17,50.0,50.0,0.0
30.63,0.2792169528743868,1.8912825547503474e-17,0.0,0.0,0.0
30.639999999999997,0.25184439765687744,1.8915754041495874e-17,-50.0,-50.0,0.0
30.650000000000002,0.5564670170903618,1.893871089256954e-17,-50.0,-50.0,0.0
30.66,1.0169766027816332,1.8941699439047233e-17,-50.0,-50.0,0.0
30.669999999999998,1.3140760924561905,1.8929755489341455e-17,-50.0,-50.0,0.0
30.680000000000003,1.3074100345272768,1.8933741408842738e-17,-50.0,-50.0,0.0
30.69,1.3007434637984572,1.8937519581105993e-17,-50.0,-50.0,0.0
30.7,1.294076282844976,1.894247646423544e-17,-50.0,-50.0,0.0
30.709999999999997,1.2874083956369113,1.894632325113051e-17,-50.0,-50.0,0.0
30.720000000000002,1.280739706576614,1.8951318350004255e-17,-50.0,-50.0,0.0
30.73,1.2740701193364048,1.8956582249489855e-17,-50.0,-50.0,0.0
30.74,1.2673995352825218,1.8963077549592306e-17,-50.0,-50.0,0.0
30.750000000000004,1.2607278522276097,1.8969400048356074e-17,-50.0,-50.0,0.0
30.76,1.2540549629868503,1.8974890390188727e-17,-50.0,-50.0,0.0
30.77,1.247380753837585,1.8980979101241605e-17,-50.0,-50.0,0.0
30.779999999999998,1.236748089804286,1.893550256404801e-17,-50.0,-50.0,0.0
30.790000000000003,1.2329824290536346,1.8928556946820083e-17,-50.0,-50.0,0.0
30.8,1.229213103819868,1.8929196800802396e-17,-50.0,-50.0,0.0
30.81,1.2254411959049911,1.8931018265746133e-17,-50.0,-50.0,0.0
30.820000000000004,1.221667537859704,1.8931889915588415e-17,-50.0,-50.0,0.0
30.830000000000002,1.2178927638082981,1.8935696005197344e-17,-50.0,-50.0,0.0
30.84,1.2141173541409607,1.8938132866047037e-17,-50.0,-50.0,0.0
30.849999999999998,1.2103416713934534,1.8942075275020915e-17,-50.0,-50.0,0.0
30.860000000000003,1.206565985117184,1.89451146409939e-17,-50.0,-50.0,0.0
30.87,1.2027904920851988,1.894901554535336e-17,-50.0,-50.0,0.0
30.88,1.199015332105027,1.895372494266098e-17,-50.0,-50.0,0.0
30.889999999999997,1.195240600745681,1.8961905957442474e-17,-50.0,-50.0,0.0
30.900000000000002,1.1914658742212316,1.896674828598325e-17,-50.0,-50.0,0.0
30.91,1.1876900875977325,1.897315947836102e-17,-50.0,-50.0,0.0
30.919999999999998,1.1839131785302317,1.898168396500263e-17,-50.0,-50.0,0.0
30.930000000000003,1.1801350692862822,1.8990067738295874e-17,-50.0,-50.0,0.0
30.94,1.1763556233724646,1.8999141366985097e-17,-50.0,-50.0,0.0
30.95,1.1725746402283819,1.9008701457283843e-17,-50.0,-50.0,0.0
30.959999999999997,1.168791843999822,1.901991384416489e-17,-50.0,-50.0,0.0
30.970000000000002,1.1650068674535172,1.9029633388415958e-17,-50.0,-50.0,0.0
30.98,1.161219227113373,1.9039619906864084e-17,-50.0,-50.0,0.0
30.99,1.1574282861613212,1.9050379872272174e-17,-50.0,-50.0,0.0
31.000000000000004,1.1536331984179753,1.9063614550314785e-17,-50.0,-50.0,0.0
31.01,1.1498328215278066,1.9076488709959227e-17,-50.0,-50.0,0.0
31.02,1.1459828353001007,1.909006881862564e-17,-50.0,-50.0,0.0
31.029999999999998,1.1421790093613504,1.9103621398721272e-17,-50.0,-50.0,0.0
31.040000000000003,1.138378657548254,1.9118496303126688e-17,-50.0,-50.0,0.0
31.05,1.1345839974096,1.9134335660421665e-17,-50.0,-50.0,0.0
31.06,1.130797422743752,1.9149543078198432e-17,-50.0,-50.0,0.0
31.070000000000004,1.1270092420151316,1.916418086631817e-17,-50.0,-50.0,0.0
31.080000000000002,1.1232150821870237,1.918122666322784e-17,-50.0,-50.0,0.0
31.09,1.1194101123961595,1.9194398660832356e-17,-50.0,-50.0,0.0
31.099999999999998,1.1155774118026427,1.9209615184213307e-17,-50.0,-50.0,0.0
31.110000000000003,1.1092552976409786,1.9194506763412247e-17,-50.0,-50.0,0.0
31.12,1.1042299189430964,1.922365771992936e-17,-50.0,-50.0,0.0
31.13,1.1004581683621777,1.924462919691219e-17,-50.0,-50.0,0.0
31.139999999999997,1.0966861787105076,1.926334481339825e-17,-50.0,-50.0,0.0
31.150000000000002,1.0929137762364474,1.9282694751682685e-17,-50.0,-50.0,0.0
31.16,1.0891407851070836,1.9302848312475826e-17,-50.0,-50.0,0.0
31.169999999999998,1.0853670279190484,1.93229945676098e-17,-50.0,-50.0,0.0
31.180000000000003,1.0815923265433818,1.934354348103107e-17,-50.0,-50.0,0.0
31.19,1.0778165014183105,1.9364674147268427e-17,-50.0,-50.0,0.0
31.2,0.8978323121643019,1.9877506751172634e-17,-50.0,-50.0,0.0
31.209999999999997,0.6423327938238705,1.9477652195866596e-17,-50.0,-50.0,0.0
31.220000000000002,0.38683307512339893,1.913659363850082e-17,-50.0,-50.0,0.0
31.23,0.13133307593884866,1.9159918755346276e-17,-50.0,-50.0,0.0
31.24,-0.096791923008957,1.9182062102411635e-17,-50.0,-50.0,0.0
31.250000000000004,-0.29754192188794437,1.9203841225309675e-17,0.0,0.0,0.0
31.26,-0.27016691936740245,1.9224243019695917e-17,50.0,50.0,0.0
31.27,-0.014666916783430737,1.9242326008449493e-17,50.0,50.0,0.0
31.279999999999998,0.18608308453107283,1.926178696098958e-17,50.0,50.0,0.0
31.290000000000003,0.3868330860522118,1.927979646963498e-17,-34.31372549019608,-34.31372549019608,0.0
31.3,0.20290171296392062,1.9300314889870148e-17,-50.0,-50.0,0.0
31.31,-0.040149999580188195,1.931584359783172e-17,-50.0,-50.0,0.0
31.320000000000004,-0.24089999773640572,1.93297013215466e-17,34.31372549019608,34.31372549019608,0.0
31.330000000000002,-0.056968621118175564,1.9340249369899193e-17,50.0,50.0,0.0
31.34,0.15473138106971682,1.935534492638737e-17,50.0,50.0,0.0
31.349999999999998,0.355481382957445,1.93695020762491e-17,-34.31372549019608,-34.31372549019608,0.0
31.360000000000003,0.1715500101106432,1.9385951826661695e-17,-50.0,-50.0,0.0
31.37,-0.06204998827216084,1.939756787768166e-17,-50.0,-50.0,0.0
31.38,-0.2627999863385265,1.940681048944386e-17,0.0,0.0,0.0
31.389999999999997,-0.23542498311933527,1.9414710765742902e-17,50.0,50.0,0.0
31.400000000000002,0.014600019975665528,1.9421358915587668e-17,50.0,50.0,0.0
31.41,0.21535002177915927,1.94306195268e-17,-50.0,-50.0,0.0
31.419999999999998,-0.029199978982336554,1.9446730940489725e-17,-50.0,-50.0,0.0
31.430000000000003,-0.2299499772136766,1.9454349048938212e-17,34.31372549019608,34.31372549019608,0.0
31.44,-0.04601860091849946,1.9454978606176258e-17,50.0,50.0,0.0
31.45,0.1606000012152169,1.946058501137502e-17,50.0,50.0,0.0
31.459999999999997,0.36135000266121176,1.9467153804820536e-17,-34.31372549019608,-34.31372549019608,0.0
31.470000000000002,0.1774186295425812,1.9480379456668305e-17,-50.0,-50.0,0.0
31.48,-0.06022499960878455,1.9485093671475805e-17,-50.0,-50.0,0.0
31.49,-0.2609749985358591,1.9488387200272528e-17,34.31372549019608,34.31372549019608,0.0
31.500000000000004,-0.07704362342052477,1.9485458080931584e-17,0.0,0.0,0.0
31.51,-0.049668623390709155,1.9492113430556396e-17,50.0,50.0,0.0
31.52,0.1606000002784832,1.949024127598473e-17,50.0,50.0,0.0
31.529999999999998,0.36135000041685916,1.9493206050118802e-17,-50.0,-50.0,0.0
31.540000000000003,0.10584999839285991,1.9503264381078993e-17,-34.31372549019608,-34.31372549019608,0.0
31.55,-0.051672549410262475,1.950219989889231e-17,-50.0,-50.0,0.0
31.56,-0.2524225513734044,1.9503857277672297e-17,50.0,50.0,0.0
31.570000000000004,3.4039697536375476e-13,1.9495166163768096e-17,0.0,0.0,0.0
31.580000000000002,-1.5058234215929033e-18,1.9499801816269744e-17,0.0,0.0,0.0
31.59,-7.31154194008119e-18,1.9500017994959755e-17,0.0,0.0,0.0
31.599999999999998,1.4590842070992732e-18,1.95106838073618e-17,0.0,0.0,0.0
31.610000000000003,-8.991813063016862e-19,1.9509852047477372e-17,0.0,0.0,0.0
31.62,8.682132007917704e-19,1.9508799873738198e-17,0.0,0.0,0.0
31.63,-8.169517640088425e-20,1.950861778812432e-17,0.0,0.0,0.0
31.639999999999997,5.768206897231339e-19,1.9506336701927586e-17,0.0,0.0,0.0
31.650000000000002,3.104341688074536e-20,1.9503103630107482e-17,0.0,0.0,0.0
31.66,9.018583670370773e-19,1.950079194484553e-17,0.0,0.0,0.0
31.669999999999998,1.2188804154016758e-18,1.9498466654116862e-17,0.0,0.0,0.0
31.680000000000003,1.9250097263114646e-18,1.9495378821977428e-17,0.0,0.0,0.0
31.69,1.4598032951728023e-18,1.945977874188838e-17,0.0,0.0,0.0
31.7,2.2090521967448987e-19,1.9458466899611322e-17,0.0,0.0,0.0
31.709999999999997,1.9917960260812668e-19,1.945398826584227e-17,0.0,0.0,0.0
31.720000000000002,1.158571228494145e-19,1.944962223451565e-17,0.0,0.0,0.0
31.73,1.9020474085189315e-18,1.9444807222787423e-17,0.0,0.0,0.0
31.74,1.3278141685077826e-18,1.9438735531802827e-17,0.0,0.0,0.0
31.750000000000004,-4.398572836542622e-19,1.943295453193782e-17,0.0,0.0,0.0
31.76,-1.9381424306978513e-18,1.9425886783146805e-17,0.0,0.0,0.0
31.77,2.3352790778924573e-19,1.9419114595914835e-17,0.0,0.0,0.0
31.779999999999998,9.885387150613298e-19,1.9413702002442322e-17,0.0,0.0,0.0
31.790000000000003,1.1832094645124438e-19,1.9405372598076376e-17,0.0,0.0,0.0
31.8,1.6133949956683554e-19,1.93970463436142e-17,0.0,0.0,0.0
31.81,7.544972893720414e-19,1.9388230609987632e-17,0.0,0.0,0.0
31.820000000000004,-1.5288256002469426e-18,1.9378381853507437e-17,0.0,0.0,0.0
31.830000000000002,-2.2548725303131256e-19,1.9367275253100578e-17,0.0,0.0,0.0
31.84,-1.9458306382624155e-19,1.9355811985648473e-17,0.0,0.0,0.0
31.849999999999998,-1.0880639598161266e-18,1.935688192060975e-17,0.0,0.0,0.0
31.860000000000003,4.350643400836804e-19,1.9358105453084607e-17,0.0,0.0,0.0
31.87,7.591135763165243e-20,1.9356550525586575e-17,0.0,0.0,0.0
31.88,-1.7069784786691042e-18,1.9345114756926752e-17,0.0,0.0,0.0
31.889999999999997,2.6073118500019915e-19,1.9333663809502685e-17,0.0,0.0,0.0
31.900000000000002,8.470423201269703e-19,1.931987988180143e-17,0.0,0.0,0.0
31.91,-1.0616642665878792e-18,1.9306924808176655e-17,0.0,0.0,0.0
31.919999999999998,-3.2475703281522597e-19,1.9294835183021107e-17,0.0,0.0,0.0
31.930000000000003,4.66181800411804e-19,1.9281805169314382e-17,0.0,0.0,0.0
31.94,5.5066143244685e-19,1.9270539386270436e-17,0.0,0.0,0.0
31.95,4.0695916307092187e-19,1.9259782306068324e-17,0.0,0.0,0.0
31.959999999999997,3.0355550662027823e-20,1.924891369544986e-17,0.0,0.0,0.0
31.970000000000002,2.954948761412075e-19,1.9236854778547375e-17,0.0,0.0,0.0
31.98,7.022914885565663e-19,1.922441177190798e-17,0.0,0.0,0.0
31.99,-2.4129426082378025e-19,1.921522412464312e-17,0.0,0.0,0.0
32.0,-4.2394246642146334e-19,1.9205479209108307e-17,0.0,0.0,0.0
32.010000000000005,-1.1587541671896688e-18,1.9194583718428657e-17,0.0,0.0,0.0
32.019999999999996,2.7423311888565816e-19,1.918560106637193e-17,0.0,0.0,0.0
32.03,7.129898474083101e-19,1.91758792721896e-17,0.0,0.0,0.0
32.040000000000006,6.157780820096825e-19,1.9166236437359816e-17,0.0,0.0,0.0
32.05,-1.6650718623780098e-19,1.9155865498302534e-17,0.0,0.0,0.0
32.06,7.350460538186807e-19,1.914787260424467e-17,0.0,0.0,0.0
32.07000000000001,3.443528099456053e-19,1.913859251127455e-17,0.0,0.0,0.0
32.08,-1.304367921535569e-18,1.913025413365332e-17,0.0,0.0,0.0
32.09,6.049726217604341e-20,1.9121130477080648e-17,0.0,0.0,0.0
32.099999999999994,4.37615554298736e-19,1.911422808500281e-17,0.0,0.0,0.0
32.11,-1.9738554526749468e-19,1.910970585550676e-17,0.0,0.0,0.0
32.120000000000005,-6.129782522758623e-19,1.9103387016190022e-17,0.0,0.0,0.0
32.129999999999995,1.9905351124188173e-19,1.9099205240999204e-17,0.0,0.0,0.0
32.14,1.8558945367872047e-18,1.9094125902051878e-17,0.0,0.0,0.0
32.150000000000006,-5.374197139273259e-19,1.9092549441388136e-17,0.0,0.0,0.0
32.16,6.511605300949914e-19,1.909031300970959e-17,0.0,0.0,0.0
32.17,1.6544067666047692e-19,1.9089387096819128e-17,0.0,0.0,0.0
32.18000000000001,-8.023174175180018e-19,1.9093211238817746e-17,0.0,0.0,0.0
32.19,3.9129003078302183e-19,1.9096740772169397e-17,0.0,0.0,0.0
32.2,9.246956041018031e-19,1.910472045780724e-17,0.0,0.0,0.0
32.209999999999994,2.3905849663441473e-19,1.911198260065965e-17,0.0,0.0,0.0
32.22,9.479349841257815e-19,1.9124612232480126e-17,0.0,0.0,0.0
32.230000000000004,-1.175783259500261e-19,1.9141820077380513e-17,0.0,0.0,0.0
32.239999999999995,-4.51291002639292e-19,1.9159792263636676e-17,0.0,0.0,0.0
32.25,1.065863013542916e-18,1.9183553973026887e-17,0.0,0.0,0.0
32.260000000000005,1.4780457556839648e-18,1.920763231392069e-17,0.0,0.0,0.0
32.269999999999996,0.36150284669904853,1.9431083496463977e-17,0.0,0.0,0.0
32.28,0.6979389702745564,1.924119599445564e-17,0.0,0.0,0.0
32.290000000000006,0.6705639709759762,1.92540217144034e-17,0.0,0.0,0.0
32.3,0.8379703610437133,1.9408610732991463e-17,-50.0,-50.0,0.0
32.31,0.831295573772112,1.9399984946503325e-17,-50.0,-50.0,0.0
32.32000000000001,0.8246177006955367,1.9393083877914466e-17,-50.0,-50.0,0.0
32.33,0.8179366554769586,1.9387909062472112e-17,-50.0,-50.0,0.0
32.34,0.8112525322830536,1.9381433389711236e-17,-50.0,-50.0,0.0
32.349999999999994,0.8045653788143676,1.937507259579383e-17,-50.0,-50.0,0.0
32.36,0.797875197410062,1.9372282575144693e-17,-50.0,-50.0,0.0
32.370000000000005,0.7911819458788775,1.9366436883138337e-17,-50.0,-50.0,0.0
32.379999999999995,0.7844855371702644,1.9360302829353e-17,-50.0,-50.0,0.0
32.39,0.7777858380386348,1.9354580433580027e-17,-50.0,-50.0,0.0
32.400000000000006,0.7710826661692838,1.9351448899834472e-17,-50.0,-50.0,0.0
32.41,0.7643757866514352,1.934731837013697e-17,-50.0,-50.0,0.0
32.42,0.7576649065798013,1.9344863351018473e-17,-50.0,-50.0,0.0
32.43000000000001,0.7509496688301213,1.9343762181717265e-17,-50.0,-50.0,0.0
32.44,0.7442296413172242,1.9343362143938148e-17,-50.0,-50.0,0.0
32.45,0.7375043022715184,1.934261568291849e-17,-50.0,-50.0,0.0
32.459999999999994,0.7307730244549905,1.9344246697797987e-17,-50.0,-50.0,0.0
32.47,0.7240350532099776,1.9347054506139016e-17,-50.0,-50.0,0.0
32.480000000000004,0.7172894737030504,1.935274836748958e-17,-50.0,-50.0,0.0
32.489999999999995,0.7105351715843843,1.935972341911242e-17,-50.0,-50.0,0.0
32.5,0.7037707765867314,1.936481217468384e-17,-50.0,-50.0,0.0
32.510000000000005,0.6969945847177819,1.937506440339706e-17,-50.0,-50.0,0.0
32.519999999999996,0.6902983017149972,1.9373330335048127e-17,-50.0,-50.0,0.0
32.53,0.683605708996074,1.937296128345475e-17,-50.0,-50.0,0.0
32.540000000000006,0.6769131232107185,1.9371605805746022e-17,-50.0,-50.0,0.0
32.55,0.6702205438249998,1.937196185736889e-17,-50.0,-50.0,0.0
32.56,0.6635279703000655,1.9371293317176527e-17,-50.0,-50.0,0.0
32.57000000000001,0.6568354022831874,1.9370816931780404e-17,-50.0,-50.0,0.0
32.58,0.6501428391686844,1.937048664562516e-17,-50.0,-50.0,0.0
32.59,0.6434502805935004,1.937040390170805e-17,-50.0,-50.0,0.0
32.599999999999994,0.6367577260102327,1.937123343201761e-17,-50.0,-50.0,0.0
32.61,0.6300651740694051,1.9371287119516112e-17,-50.0,-50.0,0.0
32.620000000000005,0.6233726241375176,1.9371721996895396e-17,-50.0,-50.0,0.0
32.629999999999995,0.6166800745157426,1.9371453494462766e-17,-50.0,-50.0,0.0
32.64,0.6099865960233563,1.9372296856264523e-17,-50.0,-50.0,0.0
32.650000000000006,0.6033019057818446,1.937183799548379e-17,-50.0,-50.0,0.0
32.66,0.5966354267488698,1.936785621343654e-17,-50.0,-50.0,0.0
32.67,0.5899572746490348,1.936564628131609e-17,-50.0,-50.0,0.0
32.68000000000001,0.5841519337534024,1.9369223492595693e-17,-50.0,-50.0,0.0
32.69,0.5796275457160319,1.936591920266388e-17,-50.0,-50.0,0.0
32.7,0.5728427489169753,1.9360511630177683e-17,-50.0,-50.0,0.0
32.709999999999994,0.5661754586501335,1.9355114412338392e-17,-50.0,-50.0,0.0
32.72,0.5618639343615758,1.9350242980481744e-17,-50.0,-50.0,0.0
32.730000000000004,0.5581084549231865,1.9341678876851875e-17,-50.0,-50.0,0.0
32.739999999999995,0.5543529796747086,1.9334126420074243e-17,-50.0,-50.0,0.0
32.75,0.5505975096867436,1.932640993338114e-17,-50.0,-50.0,0.0
32.760000000000005,0.5468420491977946,1.9320523252921068e-17,-50.0,-50.0,0.0
32.769999999999996,0.5430865907610544,1.9313342855365523e-17,-50.0,-50.0,0.0
32.78,0.5393311343804065,1.9307060378908513e-17,-50.0,-50.0,0.0
32.790000000000006,0.5355756800469705,1.9302030657563052e-17,-50.0,-50.0,0.0
32.8,0.5318202277645724,1.9297701154532283e-17,-50.0,-50.0,0.0
32.81,0.5280647775295051,1.9293772284850674e-17,-50.0,-50.0,0.0
32.82000000000001,0.5243093293372694,1.928914376595463e-17,-50.0,-50.0,0.0
32.83,0.3443325297381391,1.9361306698191287e-17,-50.0,-50.0,0.0
32.84,0.48446217272756176,1.9295065743865797e-17,-50.0,-50.0,0.0
32.849999999999994,0.4781639911456963,1.9291192421016682e-17,-50.0,-50.0,0.0
32.86,0.4721111309290995,1.9278836327898608e-17,-50.0,-50.0,0.0
32.870000000000005,0.4660043988257414,1.9273478368051187e-17,-50.0,-50.0,0.0
32.879999999999995,0.45950234278298624,1.9271096127591698e-17,-50.0,-50.0,0.0
32.89,0.45277676569274167,1.926720618172099e-17,-50.0,-50.0,0.0
32.900000000000006,0.4463088290956665,1.9294816689709513e-17,-50.0,-50.0,0.0
32.91,0.43995055170961855,1.929217565421486e-17,-50.0,-50.0,0.0
32.92,0.4348981392041279,1.9255823435338433e-17,-50.0,-50.0,0.0
32.93000000000001,0.4283217627687498,1.9252304807535978e-17,-50.0,-50.0,0.0
32.94,0.421960216094124,1.9249060075777952e-17,-50.0,-50.0,0.0
32.95,0.4156172978303293,1.9246122102295732e-17,-50.0,-50.0,0.0
32.959999999999994,0.40855334563477513,1.9243366955581217e-17,-50.0,-50.0,0.0
32.97,0.40249164473783955,1.9240174938389266e-17,-50.0,-50.0,0.0
32.980000000000004,0.39640200592456093,1.9237332163469382e-17,-50.0,-50.0,0.0
32.989999999999995,0.38923004889977325,1.9266358407619893e-17,-50.0,-50.0,0.0
33.0,0.3834301079909891,1.923133532902149e-17,-50.0,-50.0,0.0
33.010000000000005,0.37657213644992327,1.9255746897970698e-17,-50.0,-50.0,0.0
33.019999999999996,0.3707465422708682,1.9226039215814108e-17,-50.0,-50.0,0.0
33.03,0.36419589683295694,1.9224314219982134e-17,-50.0,-50.0,0.0
33.040000000000006,0.35753739507252613,1.924620893640769e-17,-50.0,-50.0,0.0
33.05,0.35123179021398815,1.9235890142816222e-17,-50.0,-50.0,0.0
33.06,0.34537924758006433,1.9213954609990516e-17,-50.0,-50.0,0.0
33.07000000000001,0.33908762491636013,1.921072341752476e-17,-50.0,-50.0,0.0
33.08,0.3327008919807709,1.920859215028057e-17,-50.0,-50.0,0.0
33.09,0.32619830869215627,1.920605308961184e-17,-50.0,-50.0,0.0
33.099999999999994,0.3200129529417993,1.920232164478139e-17,-50.0,-50.0,0.0
33.11,0.3131537174474054,1.9214922980407472e-17,-50.0,-50.0,0.0
33.120000000000005,0.3070710272929957,1.9195703935183165e-17,-50.0,-50.0,0.0
33.129999999999995,0.30098864974041223,1.9193333606124495e-17,-50.0,-50.0,0.0
33.14,0.2941312817857585,1.920474430459431e-17,-50.0,-50.0,0.0
33.150000000000006,0.28834542425774057,1.9186332442064075e-17,-50.0,-50.0,0.0
33.16,0.28171163625273016,1.918267643610549e-17,-50.0,-50.0,0.0
33.17,0.27537581331034094,1.9178864933426634e-17,-50.0,-50.0,0.0
33.18000000000001,0.2690411368440407,1.9175609282884524e-17,-50.0,-50.0,0.0
33.19,0.26239872012608334,1.9187011616903986e-17,-50.0,-50.0,0.0
33.2,0.25605223713323977,1.916646929445784e-17,-50.0,-50.0,0.0
33.209999999999994,0.2490513074789685,1.9173308920070792e-17,-50.0,-50.0,0.0
33.22,0.24237935147986042,1.916935171449012e-17,-50.0,-50.0,0.0
33.230000000000004,0.23570893779674734,1.9163669691748483e-17,-50.0,-50.0,0.0
33.239999999999995,0.22880763324306905,1.91534232896955e-17,-50.0,-50.0,0.0
33.25,0.2221559358171841,1.9142003975312422e-17,-50.0,-50.0,0.0
33.260000000000005,0.21511209084088861,1.9137260309566388e-17,-50.0,-50.0,0.0
33.269999999999996,0.20832627265857456,1.9134301879907616e-17,-50.0,-50.0,0.0
33.28,0.20202927985015742,1.9143106007569803e-17,-50.0,-50.0,0.0
33.290000000000006,0.19608859132529463,1.915154996276333e-17,-50.0,-50.0,0.0
33.3,0.18995210882562868,1.9164961829769085e-17,-50.0,-50.0,0.0
33.31,0.1841272314747467,1.9174601612612598e-17,-50.0,-50.0,0.0
33.32000000000001,0.1783503953118862,1.9189109021868358e-17,-50.0,-50.0,0.0
33.33,0.17249727840475437,1.9192755777414454e-17,-50.0,-50.0,0.0
33.34,0.1667195352946425,1.92071902286681e-17,-50.0,-50.0,0.0
33.349999999999994,0.16086751045998904,1.9210783676818116e-17,-50.0,-50.0,0.0
33.36,0.15537315154789674,1.921471777262684e-17,-50.0,-50.0,0.0
33.370000000000005,0.1492369345959136,1.9228569590995926e-17,-50.0,-50.0,0.0
33.379999999999995,0.1434324062106052,1.923725374500245e-17,-50.0,-50.0,0.0
33.39,0.137623535480042,1.924551416922615e-17,-50.0,-50.0,0.0
33.400000000000006,0.1318147301611663,1.925502146596307e-17,-50.0,-50.0,0.0
33.41,0.12600766516683848,1.9263941511510974e-17,-50.0,-50.0,0.0
33.42,0.12020148481170424,1.9270901050912392e-17,-50.0,-50.0,0.0
33.43000000000001,0.11439615302980838,1.9278907774499527e-17,-50.0,-50.0,0.0
33.44,0.10859164656474209,1.9287810650156064e-17,-50.0,-50.0,0.0
33.45,0.10278838928385618,1.9296322354065472e-17,-34.31372549019608,-34.31372549019608,0.0
33.459999999999994,0.09896912338407442,1.9300369942647302e-17,-34.31372549019608,-34.31372549019608,0.0
33.47,0.09463067943412092,1.9310466330942437e-17,-34.31372549019608,-34.31372549019608,0.0
33.480000000000004,0.09046181664940228,1.93178342394168e-17,-34.31372549019608,-34.31372549019608,0.0
33.489999999999995,0.08629309956953478,1.9324711123486578e-17,-34.31372549019608,-34.31372549019608,0.0
33.5,0.08212450376050018,1.933122915351025e-17,-34.31372549019608,-34.31372549019608,0.0
33.510000000000005,0.07795609644003108,1.933851458732644e-17,-34.31372549019608,-34.31372549019608,0.0
33.519999999999996,0.07378782190550334,1.9345542193995793e-17,-34.31372549019608,-34.31372549019608,0.0
33.53,0.06961967420918871,1.9351828631296707e-17,-34.31372549019608,-34.31372549019608,0.0
33.540000000000006,0.06545270505937995,1.935753011006037e-17,-34.31372549019608,-34.31372549019608,0.0
33.55,0.06128711585433296,1.9366803921713514e-17,-34.31372549019608,-34.31372549019608,0.0
33.56,0.05715617106388605,1.9377613205891173e-17,-34.31372549019608,-34.31372549019608,0.0
33.57000000000001,0.05294927489012923,1.9380285443238757e-17,-34.31372549019608,-34.31372549019608,0.0
33.58,0.049011526194628154,1.938173878908694e-17,-34.31372549019608,-34.31372549019608,0.0
33.59,0.04469733492296091,1.9394197528552344e-17,-34.31372549019608,-34.31372549019608,0.0
33.599999999999994,0.04052981046065687,1.9401025388217827e-17,-34.31372549019608,-34.31372549019608,0.0
33.61,0.036362419011623556,1.9407217331892018e-17,-34.31372549019608,-34.31372549019608,0.0
33.620000000000005,0.03219519806271628,1.9413577318937555e-17,-34.31372549019608,-34.31372549019608,0.0
33.629999999999995,0.028028092260005348,1.94193507421217e-17,0.0,0.0,0.0
33.64,0.027307892469539262,1.9417234604808948e-17,0.0,0.0,0.0
33.650000000000006,0.02669553695294422,1.941851587851217e-17,0.0,0.0,0.0
33.66,0.026132877339499417,1.9419719892818003e-17,0.0,0.0,0.0
33.67,0.02550018152583556,1.9419919738063324e-17,0.0,0.0,0.0
33.68000000000001,0.024885393373255765,1.942131119684802e-17,0.0,0.0,0.0
33.69,0.024231418482346105,1.942318918015416e-17,0.0,0.0,0.0
33.7,0.023707846997186848,1.942557570593438e-17,0.0,0.0,0.0
33.709999999999994,0.023059144242697983,1.9425729272030172e-17,0.0,0.0,0.0
33.72,0.022545971601972106,1.9424309014441063e-17,0.0,0.0,0.0
33.730000000000004,0.02193188465496047,1.9425379734921602e-17,0.0,0.0,0.0
33.739999999999995,0.02137313582073939,1.9426285252166617e-17,0.0,0.0,0.0
33.75,0.020785352080758396,1.9426515060187247e-17,0.0,0.0,0.0
33.760000000000005,0.020168855448566145,1.9427281580692552e-17,0.0,0.0,0.0
33.769999999999996,0.019526325232503607,1.9427917248034408e-17,0.0,0.0,0.0
33.78,0.019013307528618878,1.942787025482961e-17,0.0,0.0,0.0
33.790000000000006,0.01839458660562967,1.942770194187434e-17,0.0,0.0,0.0
33.8,0.017775436485945578,1.943043573301343e-17,0.0,0.0,0.0
33.81,0.0171561972528583,1.943139150068358e-17,0.0,0.0,0.0
33.82000000000001,0.016531772068469678,1.9433210598042294e-17,0.0,0.0,0.0
33.83,0.015871799821740324,1.9432338347888027e-17,0.0,0.0,0.0
33.84,0.015372953626317422,1.9434093720985787e-17,0.0,0.0,0.0
33.849999999999994,0.014700451441378095,1.943249412276216e-17,0.0,0.0,0.0
33.86,0.014185963151688269,1.9434232152948248e-17,0.0,0.0,0.0
33.870000000000005,0.013540067685823592,1.9434439841290194e-17,0.0,0.0,0.0
33.879999999999995,0.013031252932106515,1.9432790546286536e-17,0.0,0.0,0.0
33.89,0.012453500947670818,1.943253334479793e-17,0.0,0.0,0.0
33.900000000000006,0.011828260078812707,1.9434175001356196e-17,0.0,0.0,0.0
33.91,0.011153940121400141,1.94370818979017e-17,0.0,0.0,0.0
33.92,0.010656552049677168,1.943643354851271e-17,0.0,0.0,0.0
33.93000000000001,0.010036594009919783,1.9436013289031683e-17,0.0,0.0,0.0
33.94,0.009416614918604677,1.9435931948894533e-17,0.0,0.0,0.0
33.95,0.008827208098903427,1.9436696654611194e-17,0.0,0.0,0.0
33.959999999999994,0.008207367068563901,1.9438007701959645e-17,0.0,0.0,0.0
33.97,0.007556996158455204,1.943781623055905e-17,0.0,0.0,0.0
33.980000000000004,0.006936872175686145,1.943950715208517e-17,0.0,0.0,0.0
33.989999999999995,0.006348011408537951,1.9440174664844547e-17,0.0,0.0,0.0
34.0,0.0057030073234036185,1.94393982687877e-17,0.0,0.0,0.0
34.010000000000005,0.0050808164145739855,1.9440263803698162e-17,0.0,0.0,0.0
34.019999999999996,0.0044710984641505285,1.9441144371306386e-17,0.0,0.0,0.0
34.03,0.0038470743445051343,1.9442804993410958e-17,0.0,0.0,0.0
34.040000000000006,0.0032414036839589233,1.9444699174998942e-17,0.0,0.0,0.0
34.05,0.0026392241504631943,1.9446024763063995e-17,0.0,0.0,0.0
34.06,0.002031965436501902,1.9447748863084476e-17,0.0,0.0,0.0
34.07000000000001,0.0014112167001185214,1.9448033211609042e-17,0.0,0.0,0.0
34.08,0.000783231652332894,1.9447720897702954e-17,0.0,0.0,0.0
34.09,0.00016638345374869924,1.9448955681651455e-17,0.0,0.0,0.0
34.099999999999994,1.3618878659464992e-16,1.9449674025980104e-17,0.0,0.0,0.0
34.11,1.3680576407323262e-16,1.9448980856433947e-17,0.0,0.0,0.0
34.120000000000005,1.3620959450526418e-16,1.9449104867700524e-17,0.0,0.0,0.0
34.129999999999995,1.3628934161043478e-16,1.944732784644221e-17,0.0,0.0,0.0
34.14,1.366271079989849e-16,1.9447034264860003e-17,0.0,0.0,0.0
34.150000000000006,1.3709801508054658e-16,1.9446536586327548e-17,0.0,0.0,0.0
34.16,1.3652567759168374e-16,1.9444444256788163e-17,0.0,0.0,0.0
34.17,1.3623533913037746e-16,1.9443391362695952e-17,0.0,0.0,0.0
34.18000000000001,1.3535672644828383e-16,1.944315359511767e-17,0.0,0.0,0.0
34.19,1.362907298556616e-16,1.944177866073879e-17,0.0,0.0,0.0
34.2,1.3614252798201575e-16,1.9442050196230388e-17,0.0,0.0,0.0
34.209999999999994,1.3615480716784494e-16,1.9440339045063384e-17,0.0,0.0,0.0
34.22,1.3747574062890394e-16,1.9437969073071424e-17,0.0,0.0,0.0
34.230000000000004,1.3732694008435658e-16,1.943679093012463e-17,0.0,0.0,0.0
34.239999999999995,1.3615654381855663e-16,1.9435166339152255e-17,0.0,0.0,0.0
34.25,1.3591456578938413e-16,1.943275772182368e-17,0.0,0.0,0.0
34.260000000000005,1.360391927713322e-16,1.942965613200659e-17,0.0,0.0,0.0
34.269999999999996,1.356017087689298e-16,1.9427930738720982e-17,0.0,0.0,0.0
34.28,1.3710505471727334e-16,1.9427281561679198e-17,0.0,0.0,0.0
34.290000000000006,1.357118171510384e-16,1.942649406845107e-17,0.0,0.0,0.0
34.3,1.365848243859271e-16,1.9424621716487852e-17,0.0,0.0,0.0
34.31,1.3659300512281933e-16,1.9424209914044314e-17,0.0,0.0,0.0
34.32000000000001,1.3567903269186033e-16,1.9424698453900876e-17,0.0,0.0,0.0
34.33,1.3626420177005148e-16,1.9421837069360066e-17,0.0,0.0,0.0
34.34,1.3701406688994848e-16,1.9420654770886375e-17,0.0,0.0,0.0
34.349999999999994,1.3696059343043736e-16,1.9419683065514638e-17,0.0,0.0,0.0
34.36,1.380780081903352e-16,1.9419612660277205e-17,0.0,0.0,0.0
34.370000000000005,1.3727135507723756e-16,1.9418709353436337e-17,0.0,0.0,0.0
34.379999999999995,1.3604855087359618e-16,1.941827496457095e-17,0.0,0.0,0.0
34.39,1.365938045565744e-16,1.9418261658336513e-17,0.0,0.0,0.0
34.400000000000006,1.369176185322079e-16,1.9417079707243375e-17,0.0,0.0,0.0
34.41,1.3707857112507617e-16,1.9415821415923897e-17,0.0,0.0,0.0
34.42,1.3729885046655928e-16,1.941428952576324e-17,0.0,0.0,0.0
34.43000000000001,1.3758378911574584e-16,1.9414052859294595e-17,0.0,0.0,0.0
34.44,1.3655283041753834e-16,1.9412720654002666e-17,0.0,0.0,0.0
34.45,1.362045919681464e-16,1.9412408803467108e-17,0.0,0.0,0.0
34.459999999999994,1.3627962952573765e-16,1.9412090607880538e-17,0.0,0.0,0.0
34.47,1.3625210042794808e-16,1.940985839620906e-17,0.0,0.0,0.0
34.480000000000004,1.3701968820773118e-16,1.9410154660691657e-17,0.0,0.0,0.0
34.489999999999995,1.3776254985993987e-16,1.940957033218155e-17,0.0,0.0,0.0
34.5,1.3653867226721345e-16,1.940851654247485e-17,0.0,0.0,0.0
34.510000000000005,1.374942582469726e-16,1.9407021780550248e-17,0.0,0.0,0.0
34.519999999999996,1.3642001590239015e-16,1.940564282112135e-17,0.0,0.0,0.0
34.53,1.3772434069501397e-16,1.9405403479263273e-17,0.0,0.0,0.0
34.540000000000006,1.3613065241564938e-16,1.9405677951949465e-17,0.0,0.0,0.0
34.55,1.3678976142396608e-16,1.9405454261967177e-17,0.0,0.0,0.0
34.56,1.367808664025272e-16,1.940483044387926e-17,0.0,0.0,0.0
34.57000000000001,1.3732248515490112e-16,1.940372208822009e-17,0.0,0.0,0.0
34.58,1.3655175262838743e-16,1.9402367033581738e-17,0.0,0.0,0.0
34.59,1.366243624675e-16,1.940213409920861e-17,0.0,0.0,0.0
34.599999999999994,1.3486461540782047e-16,1.9401669044372414e-17,0.0,0.0,0.0
34.61,1.3726345239299958e-16,1.9402235986812e-17,0.0,0.0,0.0
34.620000000000005,1.375327792050233e-16,1.9402085627027322e-17,0.0,0.0,0.0
34.629999999999995,1.358813857892406e-16,1.9400590557545213e-17,0.0,0.0,0.0
34.64,1.3707736553289478e-16,1.9399205500470232e-17,0.0,0.0,0.0
34.650000000000006,1.371416119093434e-16,1.93980535809857e-17,0.0,0.0,0.0
34.66,1.3686947779873819e-16,1.9396299861983394e-17,0.0,0.0,0.0
34.67,1.3694738233190095e-16,1.9395535518846687e-17,0.0,0.0,0.0
34.68000000000001,1.360568871949891e-16,1.9394728728894037e-17,0.0,0.0,0.0
34.69,1.3672866356478278e-16,1.939369855058773e-17,0.0,0.0,0.0
34.7,1.3677694002667919e-16,1.9393601197707213e-17,0.0,0.0,0.0
34.709999999999994,1.365836581544445e-16,1.9391729590094918e-17,0.0,0.0,0.0
34.72,1.3642839098049198e-16,1.9390983235414446e-17,0.0,0.0,0.0
34.730000000000004,1.369917009068778e-16,1.9389725974978997e-17,0.0,0.0,0.0
34.739999999999995,1.3777710091210997e-16,1.9387806258071695e-17,0.0,0.0,0.0
34.75,1.3722952039140253e-16,1.938757876345113e-17,0.0,0.0,0.0
34.760000000000005,1.370618141527091e-16,1.9385921658383427e-17,0.0,0.0,0.0
34.769999999999996,1.3702062209078804e-16,1.938447326383692e-17,0.0,0.0,0.0
34.78,1.366964078517601e-16,1.9383556134372e-17,0.0,0.0,0.0
34.790000000000006,1.3655285983169236e-16,1.9382417297182095e-17,0.0,0.0,0.0
34.8,1.364651433032157e-16,1.93825977166498e-17,0.0,0.0,0.0
34.81,1.3783641944430598e-16,1.9383291277766926e-17,0.0,0.0,0.0
34.82000000000001,1.3787901566553255e-16,1.938277167948152e-17,0.0,0.0,0.0
34.83,1.3636303790172819e-16,1.938211736766709e-17,0.0,0.0,0.0
34.84,1.3503914691723414e-16,1.93842173759788e-17,0.0,0.0,0.0
34.849999999999994,1.363570207229805e-16,1.938436639403529e-17,0.0,0.0,0.0
34.86,1.3696982092430676e-16,1.9384418014429594e-17,0.0,0.0,0.0
34.870000000000005,1.3710114448012295e-16,1.9383568877909862e-17,0.0,0.0,0.0
34.879999999999995,1.3505696237330943e-16,1.938365484691263e-17,0.0,0.0,0.0
34.89,1.364183148016373e-16,1.9385125506170854e-17,0.0,0.0,0.0
34.900000000000006,1.3774492879012378e-16,1.9385045134045415e-17,0.0,0.0,0.0
34.91,1.354510307298408e-16,1.9385582651065683e-17,0.0,0.0,0.0
34.92,1.3663473427025828e-16,1.938394642140442e-17,0.0,0.0,0.0
34.93000000000001,1.3632726244594746e-16,1.938458453523575e-17,0.0,0.0,0.0
34.94,1.3798121172229707e-16,1.938644425349407e-17,0.0,0.0,0.0
34.95,1.3570098991270952e-16,1.9386290037609934e-17,0.0,0.0,0.0
34.959999999999994,1.3594952863544133e-16,1.938857180062142e-17,0.0,0.0,0.0
34.97,1.3668185638754295e-16,1.9391844572089203e-17,0.0,0.0,0.0
34.980000000000004,1.366820165901665e-16,1.9393340244376738e-17,0.0,0.0,0.0
34.989999999999995,1.3634791770164142e-16,1.9393247726350556e-17,0.0,0.0,0.0
35.0,1.3647594627898567e-16,1.9394271582125784e-17,0.0,0.0,0.0
35.010000000000005,1.3695246406316505e-16,1.9395884103783294e-17,0.0,0.0,0.0
35.019999999999996,1.3588156988948223e-16,1.9396835786193903e-17,0.0,0.0,0.0
35.03,1.3609484411694316e-16,1.9397042296251764e-17,0.0,0.0,0.0
35.040000000000006,1.3644146391441965e-16,1.9397939962781983e-17,0.0,0.0,0.0
35.05,1.3713446081329889e-16,1.940046009329708e-17,0.0,0.0,0.0
35.06,1.3719149202751678e-16,1.9402208794304285e-17,0.0,0.0,0.0
35.07000000000001,1.3658567297993164e-16,1.940384252762551e-17,0.0,0.0,0.0
35.08,1.3719765921405457e-16,1.9406438648877502e-17,0.0,0.0,0.0
35.09,1.3620040538735496e-16,1.9408372120491728e-17,0.0,0.0,0.0
35.099999999999994,1.3613273525657218e-16,1.940949823212982e-17,0.0,0.0,0.0
35.11,1.3703897995687748e-16,1.94111110500364e-17,0.0,0.0,0.0
35.120000000000005,1.362687367181973e-16,1.9412675178913727e-17,0.0,0.0,0.0
35.129999999999995,1.3673884983691712e-16,1.941267844277228e-17,0.0,0.0,0.0
35.14,1.3615670710933077e-16,1.9415246710896004e-17,0.0,0.0,0.0
35.150000000000006,1.3618468299969824e-16,1.9418029452957688e-17,0.0,0.0,0.0
35.16,1.3695277466775442e-16,1.9420519859881434e-17,0.0,0.0,0.0
35.17,1.3676997899129118e-16,1.9420778146534474e-17,0.0,0.0,0.0
35.18000000000001,1.3670269088274375e-16,1.9421234355625277e-17,0.0,0.0,0.0
35.19,1.3702125813190939e-16,1.9420947250796614e-17,0.0,0.0,0.0
35.2,1.3647986024839606e-16,1.9423595211495578e-17,0.0,0.0,0.0
35.209999999999994,1.3722580336076953e-16,1.942337031281087e-17,0.0,0.0,0.0
35.22,1.3631136041660907e-16,1.9425765207562765e-17,0.0,0.0,0.0
35.230000000000004,1.3680024185198149e-16,1.942665717565814e-17,0.0,0.0,0.0
35.239999999999995,1.37439077101309e-16,1.9428587868565023e-17,0.0,0.0,0.0
35.25,1.3698399810261295e-16,1.9429366837658698e-17,0.0,0.0,0.0
35.260000000000005,1.3614268136069714e-16,1.943051884293484e-17,0.0,0.0,0.0
35.269999999999996,1.3669218063376568e-16,1.9434212752477806e-17,0.0,0.0,0.0
35.28,1.3543332935611399e-16,1.9435991255097575e-17,0.0,0.0,0.0
35.290000000000006,1.3753007785696178e-16,1.9437142558658795e-17,0.0,0.0,0.0
35.3,1.3516936169929213e-16,1.9438849114031657e-17,0.0,0.0,0.0
35.31,1.3777278594463743e-16,1.9437704511593286e-17,0.0,0.0,0.0
35.32000000000001,1.368092139331208e-16,1.9438005342240953e-17,0.0,0.0,0.0
35.33,1.362604117853203e-16,1.943796966402911e-17,0.0,0.0,0.0
35.34,1.3582102799849557e-16,1.9437946569060618e-17,0.0,0.0,0.0
35.349999999999994,1.363066333609463e-16,1.9437565860575223e-17,0.0,0.0,0.0
35.36,1.3737913636258357e-16,1.94367306086374e-17,0.0,0.0,0.0
35.370000000000005,1.3711154039885817e-16,1.9437905693700987e-17,0.0,0.0,0.0
35.379999999999995,1.3613978611193193e-16,1.9438132462686357e-17,0.0,0.0,0.0
35.39,1.3720212075690797e-16,1.9436384666200625e-17,0.0,0.0,0.0
35.400000000000006,1.3639919143729528e-16,1.943740788778468e-17,0.0,0.0,0.0
35.41,1.363784132257991e-16,1.9437632287076833e-17,0.0,0.0,0.0
35.42,1.3634594547092595e-16,1.9439531517164265e-17,0.0,0.0,0.0
35.43000000000001,1.364548236321154e-16,1.943859273898838e-17,0.0,0.0,0.0
35.44,1.3721944996288073e-16,1.943961718367815e-17,0.0,0.0,0.0
35.45,1.3649165342454833e-16,1.9439659271088845e-17,0.0,0.0,0.0
35.459999999999994,1.36739799891624e-16,1.944125218872217e-17,0.0,0.0,0.0
35.47,1.3753695970623021e-16,1.9440424254135973e-17,0.0,0.0,0.0
35.480000000000004,1.3749714910308207e-16,1.9441549077558023e-17,0.0,0.0,0.0
35.489999999999995,1.3751352002271254e-16,1.944328106672505e-17,0.0,0.0,0.0
35.5,1.381894815324779e-16,1.9443079217956666e-17,0.0,0.0,0.0
35.510000000000005,1.3723576920518385e-16,1.9444982871332967e-17,0.0,0.0,0.0
35.519999999999996,1.3574174509817102e-16,1.9445304614029996e-17,0.0,0.0,0.0
35.53,1.3607186242546743e-16,1.9446558428125772e-17,0.0,0.0,0.0
35.540000000000006,1.377278720758902e-16,1.9446029190924168e-17,0.0,0.0,0.0
35.55,1.3612175679715637e-16,1.944696198908205e-17,0.0,0.0,0.0
35.56,1.3750853925683858e-16,1.9448799725456108e-17,0.0,0.0,0.0
35.57000000000001,1.3778116407728212e-16,1.9448370704907106e-17,0.0,0.0,0.0
35.58,1.3746219270039635e-16,1.9448582524854064e-17,0.0,0.0,0.0
35.59,1.361141304427021e-16,1.9450479374458463e-17,0.0,0.0,0.0
35.599999999999994,1.3567231444663157e-16,1.9452397952471248e-17,0.0,0.0,0.0
35.61,1.3700675900212796e-16,1.945475267705365e-17,0.0,0.0,0.0
35.620000000000005,1.3494298362049893e-16,1.9457641194055204e-17,0.0,0.0,0.0
35.629999999999995,1.3511793706661753e-16,1.9459387146947045e-17,0.0,0.0,0.0
35.64,1.3439964046579336e-16,1.9461909905908478e-17,0.0,0.0,0.0
35.650000000000006,1.35706037071797e-16,1.946459112127643e-17,0.0,0.0,0.0
35.66,1.352754503930882e-16,1.946715501305364e-17,0.0,0.0,0.0
35.67,1.3536101495674738e-16,1.9469243102101626e-17,0.0,0.0,0.0
35.68000000000001,1.3614232651407304e-16,1.947256591109369e-17,0.0,0.0,0.0
35.69,1.3680446716028741e-16,1.9474395303977793e-17,0.0,0.0,0.0
35.7,1.3725913028298824e-16,1.9476240022275845e-17,0.0,0.0,0.0
35.709999999999994,1.39081737846963e-16,1.9478198858463686e-17,0.0,0.0,0.0
35.72,1.3797452161036766e-16,1.9481090699281308e-17,0.0,0.0,0.0
35.730000000000004,1.3583618501235793e-16,1.9483260012733062e-17,0.0,0.0,0.0
35.739999999999995,1.3682962027071008e-16,1.9487066120025636e-17,0.0,0.0,0.0
35.75,1.3721253133808779e-16,1.9489514480892794e-17,0.0,0.0,0.0
35.760000000000005,1.3774742160352852e-16,1.9491072707839193e-17,0.0,0.0,0.0
35.769999999999996,1.3587860253503805e-16,1.9492951512802394e-17,0.0,0.0,0.0
35.78,1.357061523061028e-16,1.9496463452734255e-17,0.0,0.0,0.0
35.790000000000006,1.3664293558227692e-16,1.9498794425544778e-17,0.0,0.0,0.0
35.8,1.361948963476932e-16,1.950019840681664e-17,0.0,0.0,0.0
35.81,1.3458531547662605e-16,1.9501117496736244e-17,0.0,0.0,0.0
35.82000000000001,1.369647764619558e-16,1.950261344059246e-17,0.0,0.0,0.0
35.83,1.3756495207515892e-16,1.9503592820663283e-17,0.0,0.0,0.0
35.84,1.375230474141801e-16,1.950468119061064e-17,0.0,0.0,0.0
35.849999999999994,1.3562154296816547e-16,1.950661663928908e-17,0.0,0.0,0.0
35.86,1.3630522448678515e-16,1.9508929635586226e-17,0.0,0.0,0.0
35.870000000000005,1.3620525183537797e-16,1.9510580461112297e-17,0.0,0.0,0.0
35.879999999999995,1.3665180148782574e-16,1.9513478103222972e-17,0.0,0.0,0.0
35.89,1.3639370356023234e-16,1.9515737390347762e-17,0.0,0.0,0.0
35.900000000000006,1.3591223135899224e-16,1.9517634183111133e-17,0.0,0.0,0.0
35.91,1.3740252225871172e-16,1.951827059865398e-17,0.0,0.0,0.0
35.92,1.3768178320252422e-16,1.951946028164789e-17,0.0,0.0,0.0
35.93000000000001,1.3699632150018039e-16,1.952183717238445e-17,0.0,0.0,0.0
35.94,1.372674094436088e-16,1.9523048024695002e-17,0.0,0.0,0.0
35.95,1.3607500270454374e-16,1.952476842236597e-17,0.0,0.0,0.0
35.959999999999994,1.3721078363238303e-16,1.952638268069364e-17,0.0,0.0,0.0
35.97,1.3585554543797113e-16,1.9528199506843658e-17,0.0,0.0,0.0
35.980000000000004,1.3529154303150198e-16,1.9529861162279318e-17,0.0,0.0,0.0
35.989999999999995,1.3560105022603407e-16,1.9532286821290095e-17,0.0,0.0,0.0
36.0,1.3748178357138167e-16,1.9533473489876522e-17,0.0,0.0,0.0
36.010000000000005,1.3551067121300243e-16,1.953369138416355e-17,0.0,0.0,0.0
36.019999999999996,1.3792493680774941e-16,1.9535615409926436e-17,0.0,0.0,0.0
36.03,1.357287849557109e-16,1.9535995513875613e-17,0.0,0.0,0.0
36.040000000000006,1.3773093842549857e-16,1.9535840667872688e-17,0.0,0.0,0.0
36.05,1.364308875886757e-16,1.953687979131342e-17,0.0,0.0,0.0
36.06,1.349531688037101e-16,1.9539118500345323e-17,0.0,0.0,0.0
36.07000000000001,1.3709520834152908e-16,1.9541236847718073e-17,0.0,0.0,0.0
36.08,1.34688331405959e-16,1.9542348139031082e-17,0.0,0.0,0.0
36.09,1.3528733267911443e-16,1.954371778982286e-17,0.0,0.0,0.0
36.099999999999994,1.3600063913863637e-16,1.9545048959270795e-17,0.0,0.0,0.0
36.11,1.3539433792962038e-16,1.954576823252232e-17,0.0,0.0,0.0
36.120000000000005,1.3668446519281153e-16,1.9546590873355312e-17,0.0,0.0,0.0
36.129999999999995,1.3597183737042283e-16,1.9547542379353108e-17,0.0,0.0,0.0
36.14,1.356670190571268e-16,1.954996530272528e-17,0.0,0.0,0.0
36.150000000000006,1.3716457590753762e-16,1.9551998060502636e-17,0.0,0.0,0.0
36.16,1.3540342122596976e-16,1.9553011597305898e-17,0.0,0.0,0.0
36.17,1.3556046024385209e-16,1.9554628107586842e-17,0.0,0.0,0.0
36.18000000000001,1.3542134365391102e-16,1.9556825752028006e-17,0.0,0.0,0.0
36.19,1.361705914603427e-16,1.9557723550420127e-17,0.0,0.0,0.0
36.2,1.374769144305139e-16,1.9558694071526046e-17,0.0,0.0,0.0
36.209999999999994,1.357453608994245e-16,1.9562160023121932e-17,0.0,0.0,0.0
36.22,1.3507216594759365e-16,1.9564436592948774e-17,0.0,0.0,0.0
36.230000000000004,1.3587783046788974e-16,1.9565586397921265e-17,0.0,0.0,0.0
36.239999999999995,1.3597090231028818e-16,1.9566945228777472e-17,0.0,0.0,0.0
36.25,1.3458541060750217e-16,1.956932449600822e-17,0.0,0.0,0.0
36.260000000000005,1.348835187287827e-16,1.9570761611893516e-17,0.0,0.0,0.0
36.269999999999996,1.3702775716297637e-16,1.9571059404812678e-17,0.0,0.0,0.0
36.28,1.3436701323516358e-16,1.9571946054032984e-17,0.0,0.0,0.0
36.290000000000006,1.3691525408807488e-16,1.9572650566542572e-17,0.0,0.0,0.0
36.3,1.3640861610832172e-16,1.957454320299767e-17,0.0,0.0,0.0
36.31,1.356535349307209e-16,1.957681186618121e-17,0.0,0.0,0.0
36.32000000000001,1.3511543946890514e-16,1.9580621122199592e-17,0.0,0.0,0.0
36.33,1.3635641800174632e-16,1.9581806823686934e-17,0.0,0.0,0.0
36.34,1.3722633998990897e-16,1.9582916958588682e-17,0.0,0.0,0.0
36.349999999999994,1.3623107642598414e-16,1.9584396578206522e-17,0.0,0.0,0.0
36.36,1.3550049221362403e-16,1.9585437220132378e-17,0.0,0.0,0.0
36.370000000000005,1.3587783495872142e-16,1.9588030475956104e-17,0.0,0.0,0.0
36.379999999999995,1.3768630625463231e-16,1.958866127245625e-17,0.0,0.0,0.0
36.39,1.3561506036206033e-16,1.9590713015189563e-17,0.0,0.0,0.0
36.400000000000006,1.3588686562710239e-16,1.959208467826016e-17,0.0,0.0,0.0
36.41,1.3536751487702247e-16,1.959326922642935e-17,0.0,0.0,0.0
36.42,1.3636562897639315e-16,1.9595660438137777e-17,0.0,0.0,0.0
36.43000000000001,1.363421923459114e-16,1.959709854624047e-17,0.0,0.0,0.0
36.44,1.3595898979585626e-16,1.9600113372257304e-17,0.0,0.0,0.0
36.45,1.3658422347379583e-16,1.9601621194790542e-17,0.0,0.0,0.0
36.459999999999994,1.3617011007209341e-16,1.960266996233241e-17,0.0,0.0,0.0
36.47,1.3451008405605289e-16,1.9603848559208038e-17,0.0,0.0,0.0
36.480000000000004,1.350215489678551e-16,1.960679882002481e-17,0.0,0.0,0.0
36.489999999999995,1.3716054211305285e-16,1.9608222524201823e-17,0.0,0.0,0.0
36.5,1.366098271797416e-16,1.960968110578608e-17,0.0,0.0,0.0
36.510000000000005,1.3430362372308707e-16,1.9610293827371532e-17,0.0,0.0,0.0
36.519999999999996,1.3628205186221007e-16,1.961199952781823e-17,0.0,0.0,0.0
36.53,1.3703383993182337e-16,1.9614045940661063e-17,0.0,0.0,0.0
36.540000000000006,1.3571714651029808e-16,1.9616943574537296e-17,0.0,0.0,0.0
36.55,1.3641484805028636e-16,1.961786589481914e-17,0.0,0.0,0.0
36.56,1.348444602598838e-16,1.961881905105956e-17,0.0,0.0,0.0
36.57000000000001,1.3574660194274824e-16,1.9620706024613464e-17,0.0,0.0,0.0
36.58,1.3607789629989653e-16,1.962242508153777e-17,0.0,0.0,0.0
36.59,1.348929041899132e-16,1.9623038699038396e-17,0.0,0.0,0.0
36.599999999999994,1.3801784111308983e-16,1.9624289019005778e-17,0.0,0.0,0.0
36.61,1.3694533885352578e-16,1.962675420974291e-17,0.0,0.0,0.0
36.620000000000005,1.3737403560190163e-16,1.9628325366639762e-17,0.0,0.0,0.0
36.629999999999995,1.369484442430635e-16,1.9631265378326453e-17,0.0,0.0,0.0
36.64,1.3437370018598636e-16,1.9631786761576756e-17,0.0,0.0,0.0
36.650000000000006,1.371590703467262e-16,1.963184923318714e-17,0.0,0.0,0.0
36.66,1.3616198118240563e-16,1.9633880592346393e-17,0.0,0.0,0.0
36.67,1.359432111014055e-16,1.9635769035632163e-17,0.0,0.0,0.0
36.68000000000001,1.3463007497889318e-16,1.9637671707803372e-17,0.0,0.0,0.0
36.69,1.3486460559106204e-16,1.9638335067107406e-17,0.0,0.0,0.0
36.7,1.378101599413415e-16,1.9638544267673823e-17,0.0,0.0,0.0
36.709999999999994,1.3649410965680103e-16,1.963983216341246e-17,0.0,0.0,0.0
36.72,1.3512925430423198e-16,1.9641323579755255e-17,0.0,0.0,0.0
36.730000000000004,1.3637353168018593e-16,1.964193168308648e-17,0.0,0.0,0.0
36.739999999999995,1.3524135329019374e-16,1.9643039093802e-17,0.0,0.0,0.0
36.75,1.367001376429804e-16,1.9643168541591087e-17,0.0,0.0,0.0
36.760000000000005,1.3740649184046156e-16,1.9644527968681577e-17,0.0,0.0,0.0
36.769999999999996,1.353301074063759e-16,1.9647033034587262e-17,0.0,0.0,0.0
36.78,1.3757517189342226e-16,1.9646109623098952e-17,0.0,0.0,0.0
36.790000000000006,1.3544481713011657e-16,1.964745840961645e-17,0.0,0.0,0.0
36.8,1.3743744909029447e-16,1.964721849938019e-17,0.0,0.0,0.0
36.81,1.352555521105574e-16,1.9648778417137525e-17,0.0,0.0,0.0
36.82000000000001,1.3608323167272097e-16,1.964932076522295e-17,0.0,0.0,0.0
36.83,1.372858090485384e-16,1.965011656870988e-17,0.0,0.0,0.0
36.84,1.3521322744618144e-16,1.965211251769708e-17,0.0,0.0,0.0
36.849999999999994,1.363293529489623e-16,1.9654391500285e-17,0.0,0.0,0.0
36.86,1.3586217972269392e-16,1.9654787402169514e-17,0.0,0.0,0.0
36.870000000000005,1.3510609536761197e-16,1.9656795679093643e-17,0.0,0.0,0.0
36.879999999999995,1.349797101907626e-16,1.9658298734515557e-17,0.0,0.0,0.0
36.89,1.3617563935479135e-16,1.9660541889488136e-17,0.0,0.0,0.0
36.900000000000006,1.3745121926597725e-16,1.9661328599603326e-17,0.0,0.0,0.0
36.91,1.3569102514319438e-16,1.9662067864392647e-17,0.0,0.0,0.0
36.92,1.3646806617642238e-16,1.9662689836005788e-17,0.0,0.0,0.0
36.93000000000001,1.3649902886765905e-16,1.9662981948731372e-17,0.0,0.0,0.0
36.94,1.3680344827820608e-16,1.9663858277927922e-17,0.0,0.0,0.0
36.95,1.35788717819277e-16,1.966583620777737e-17,0.0,0.0,0.0
36.959999999999994,1.3667986226871225e-16,1.9666048646106582e-17,0.0,0.0,0.0
36.97,1.3637374696881866e-16,1.9667543047693242e-17,0.0,0.0,0.0
36.980000000000004,1.3573224620512274e-16,1.9668680595854423e-17,0.0,0.0,0.0
36.989999999999995,1.3508835663138885e-16,1.9670902901472742e-17,0.0,0.0,0.0
37.0,1.359254960784881e-16,1.9672688084998294e-17,0.0,0.0,0.0
37.010000000000005,1.3562273933733354e-16,1.967256054253715e-17,0.0,0.0,0.0
37.019999999999996,1.3761753442325024e-16,1.967301117160347e-17,0.0,0.0,0.0
37.03,1.3693211901863763e-16,1.9674029744054646e-17,0.0,0.0,0.0
37.040000000000006,1.357685585293169e-16,1.9674921996373466e-17,0.0,0.0,0.0
37.05,1.3667452988731078e-16,1.967565277376248e-17,0.0,0.0,0.0
37.06,1.3677034367800973e-16,1.9677815034244195e-17,0.0,0.0,0.0
37.07000000000001,1.3596509492550144e-16,1.9679344011691393e-17,0.0,0.0,0.0
37.08,1.3600427208404675e-16,1.9680901026685808e-17,0.0,0.0,0.0
37.09,1.3660505775334087e-16,1.9681740085139753e-17,0.0,0.0,0.0
37.099999999999994,1.3577653135946112e-16,1.9684674256991594e-17,0.0,0.0,0.0
37.11,1.3504473406067796e-16,1.9684601335729567e-17,0.0,0.0,0.0
37.120000000000005,1.362294748255768e-16,1.968593892980383e-17,0.0,0.0,0.0
37.129999999999995,1.3750785758318667e-16,1.9685815398351354e-17,0.0,0.0,0.0
37.14,1.3626558254297428e-16,1.9688275402486582e-17,0.0,0.0,0.0
37.150000000000006,1.346427672054018e-16,1.969027299409147e-17,0.0,0.0,0.0
37.16,1.3714740383662974e-16,1.969058968434298e-17,0.0,0.0,0.0
37.17,1.3679078902468054e-16,1.96915721931443e-17,0.0,0.0,0.0
37.18000000000001,1.3588932728516344e-16,1.9693092644576723e-17,0.0,0.0,0.0
37.19,1.3598091251334144e-16,1.9692616838976152e-17,0.0,0.0,0.0
37.2,1.3682030535526648e-16,1.969324274605154e-17,0.0,0.0,0.0
37.209999999999994,1.3664473452578403e-16,1.9694303514204395e-17,0.0,0.0,0.0
37.22,1.3560037463524776e-16,1.9695559495388192e-17,0.0,0.0,0.0
37.230000000000004,1.368431127072091e-16,1.9697442369535096e-17,0.0,0.0,0.0
37.239999999999995,1.3669047379307138e-16,1.969876416683815e-17,0.0,0.0,0.0
37.25,1.3472127372545503e-16,1.9699379017267103e-17,0.0,0.0,0.0
37.260000000000005,1.3536784373862023e-16,1.9700010720389227e-17,0.0,0.0,0.0
37.269999999999996,1.3577693979230926e-16,1.9702296300532554e-17,0.0,0.0,0.0
37.28,1.3434111460019314e-16,1.970415342124829e-17,0.0,0.0,0.0
37.290000000000006,1.349779442598376e-16,1.9705456637289655e-17,0.0,0.0,0.0
37.3,1.3698315772581817e-16,1.9706458671199668e-17,0.0,0.0,0.0
37.31,1.3496887157572403e-16,1.9709586361923765e-17,0.0,0.0,0.0
37.32000000000001,1.3695001231544879e-16,1.971138661404502e-17,0.0,0.0,0.0
37.33,1.3715598962916334e-16,1.9714326887561188e-17,0.0,0.0,0.0
37.34,1.3553984650254079e-16,1.9714989944690973e-17,0.0,0.0,0.0
37.349999999999994,1.376357100900521e-16,1.9714955785486536e-17,0.0,0.0,0.0
37.36,1.356396787379615e-16,1.971685577115318e-17,0.0,0.0,0.0
37.370000000000005,1.3650239713438924e-16,1.9718549929904062e-17,0.0,0.0,0.0
37.379999999999995,1.3492518918125792e-16,1.9720825692686416e-17,0.0,0.0,0.0
37.39,1.343500904456476e-16,1.9722941112806683e-17,0.0,0.0,0.0
37.400000000000006,1.3719095324321447e-16,1.9724549965915986e-17,0.0,0.0,0.0
37.41,1.3680348915033938e-16,1.9724993647709855e-17,0.0,0.0,0.0
37.42,1.3585512110749922e-16,1.9725618022404885e-17,0.0,0.0,0.0
37.43000000000001,1.3738601101723104e-16,1.972822853184598e-17,0.0,0.0,0.0
37.44,1.373607429121681e-16,1.9728942351732408e-17,0.0,0.0,0.0
37.45,1.3604639059609157e-16,1.9730037410622255e-17,0.0,0.0,0.0
37.459999999999994,1.3549175545584832e-16,1.9731444616286094e-17,0.0,0.0,0.0
37.47,1.357910632456165e-16,1.9734433178572822e-17,0.0,0.0,0.0
37.480000000000004,1.3455139051063818e-16,1.9735853660527423e-17,0.0,0.0,0.0
37.489999999999995,1.3626343848542263e-16,1.9738498739752013e-17,0.0,0.0,0.0
37.5,1.3611565372544254e-16,1.9740020816951e-17,0.0,0.0,0.0
37.510000000000005,1.3510021508077487e-16,1.9741994230696475e-17,0.0,0.0,0.0
37.519999999999996,1.3579204975897364e-16,1.9743057694681996e-17,0.0,0.0,0.0
37.53,1.3589889830817348e-16,1.9743779716025952e-17,0.0,0.0,0.0
37.540000000000006,1.3590052083991675e-16,1.974507555475822e-17,0.0,0.0,0.0
37.55,1.366479678257161e-16,1.974672648748852e-17,0.0,0.0,0.0
37.56,1.3626042009545162e-16,1.97494489964459e-17,0.0,0.0,0.0
37.57000000000001,1.355368515475918e-16,1.975208433354469e-17,0.0,0.0,0.0
37.58,1.3706769665127061e-16,1.9753209281581772e-17,0.0,0.0,0.0
37.59,1.354300434916128e-16,1.975626890649752e-17,0.0,0.0,0.0
37.599999999999994,1.3532380524585923e-16,1.9757859428800156e-17,0.0,0.0,0.0
37.61,1.365511799349447e-16,1.9757166812948967e-17,0.0,0.0,0.0
37.620000000000005,1.3555809960031398e-16,1.97582121230414e-17,0.0,0.0,0.0
37.629999999999995,1.3508164170183677e-16,1.975850719921262e-17,0.0,0.0,0.0
37.64,1.373972478939136e-16,1.9759949852346713e-17,0.0,0.0,0.0
37.650000000000006,1.3703841611489364e-16,1.9760930229803346e-17,0.0,0.0,0.0
37.66,1.3722305703920096e-16,1.976192916564767e-17,0.0,0.0,0.0
37.67,1.350266591597758e-16,1.9764022687414443e-17,0.0,0.0,0.0
37.68000000000001,1.3674246951946353e-16,1.9765102964674534e-17,0.0,0.0,0.0
37.69,1.349801956996601e-16,1.976659770650411e-17,0.0,0.0,0.0
37.7,1.347951645137705e-16,1.9769267876061624e-17,0.0,0.0,0.0
37.709999999999994,1.351041713214562e-16,1.9770911466653145e-17,0.0,0.0,0.0
37.72,1.3617247054036297e-16,1.9771765224236244e-17,0.0,0.0,0.0
37.730000000000004,1.355986241398808e-16,1.9774052690283376e-17,0.0,0.0,0.0
37.739999999999995,1.3545499752183372e-16,1.9775720274110264e-17,0.0,0.0,0.0
37.75,1.3670610568813618e-16,1.977897508877358e-17,0.0,0.0,0.0
37.760000000000005,1.3496569728881736e-16,1.9781304987359792e-17,0.0,0.0,0.0
37.769999999999996,1.3637628271103303e-16,1.9782412444004602e-17,0.0,0.0,0.0
37.78,1.3539229319324031e-16,1.9781961277725665e-17,0.0,0.0,0.0
37.790000000000006,1.3539370917820994e-16,1.9786186242598084e-17,0.0,0.0,0.0
37.8,1.3643673707665227e-16,1.978799309971444e-17,0.0,0.0,0.0
37.81,1.36877815415731e-16,1.9791714968717902e-17,0.0,0.0,0.0
37.82000000000001,1.355572354709921e-16,1.9794586628405563e-17,0.0,0.0,0.0
37.83,1.3671778626572188e-16,1.9796598502440372e-17,0.0,0.0,0.0
37.84,1.365346289875923e-16,1.9798924662922674e-17,0.0,0.0,0.0
37.849999999999994,1.3636695102998385e-16,1.980135393730082e-17,0.0,0.0,0.0
37.86,1.3757219690365033e-16,1.980189219123394e-17,0.0,0.0,0.0
37.870000000000005,1.3546491675937152e-16,1.9803276963848157e-17,0.0,0.0,0.0
37.879999999999995,1.3517419204913542e-16,1.9805044245378327e-17,0.0,0.0,0.0
37.89,1.3671652928535872e-16,1.9806642088293215e-17,0.0,0.0,0.0
37.900000000000006,1.3466892320783562e-16,1.9806803929834187e-17,0.0,0.0,0.0
37.91,1.3778585476874774e-16,1.9808549052943287e-17,0.0,0.0,0.0
37.92,1.3685370932261327e-16,1.9810290719199494e-17,0.0,0.0,0.0
37.93000000000001,1.364150210069418e-16,1.9811968999684773e-17,0.0,0.0,0.0
37.94,1.3567676986970346e-16,1.9813448553854996e-17,0.0,0.0,0.0
37.95,1.3711453389462268e-16,1.981433093374039e-17,0.0,0.0,0.0
37.959999999999994,1.3600863049712998e-16,1.9815323341605367e-17,0.0,0.0,0.0
37.97,1.362378230159522e-16,1.9817564156115614e-17,0.0,0.0,0.0
37.980000000000004,1.3813740212437798e-16,1.9817888577112633e-17,0.0,0.0,0.0
37.989999999999995,1.361610006601038e-16,1.9818282626313883e-17,0.0,0.0,0.0
38.0,1.3827929507288397e-16,1.981834782867608e-17,0.0,0.0,0.0
